{
	"credit": "Made with Blockbench",
	"parent": "minecraft:item/generic_rail_display",
	"textures": {
		"0": "block/rail",
		"1": "block/activator_rail_on",
		"particle": "block/rail"
	},
	"elements": [
		{
			"from": [1, 0, 1],
			"to": [15, 1, 3],
			"faces": {
				"north": {"uv": [1.32813, 2.25, 16, 3.89063], "texture": "#0"},
				"east": {"uv": [1.32813, 2.25, 16, 3.89063], "texture": "#0"},
				"south": {"uv": [1.32813, 2.25, 16, 3.89063], "texture": "#0"},
				"west": {"uv": [1.32813, 2.25, 16, 3.89063], "texture": "#0"},
				"up": {"uv": [1.32813, 2.25, 16, 3.89063], "texture": "#0"},
				"down": {"uv": [1.32813, 2.25, 16, 3.89063], "texture": "#0"}
			}
		},
		{
			"from": [1, 0, 5],
			"to": [15, 1, 7],
			"faces": {
				"north": {"uv": [1.32813, 0.8125, 16, 2.45313], "texture": "#0"},
				"east": {"uv": [1.32813, 0.8125, 16, 2.45313], "texture": "#0"},
				"south": {"uv": [1.32813, 0.8125, 16, 2.45313], "texture": "#0"},
				"west": {"uv": [1.32813, 0.8125, 16, 2.45313], "texture": "#0"},
				"up": {"uv": [1.32813, 0.8125, 16, 2.45313], "texture": "#0"},
				"down": {"uv": [1.32813, 0.8125, 16, 2.45313], "texture": "#0"}
			}
		},
		{
			"from": [1, 0, 9],
			"to": [15, 1, 11],
			"faces": {
				"north": {"uv": [1.32813, 2.25, 16, 3.89063], "texture": "#0"},
				"east": {"uv": [1.32813, 2.25, 16, 3.89063], "texture": "#0"},
				"south": {"uv": [1.32813, 2.25, 16, 3.89063], "texture": "#0"},
				"west": {"uv": [1.32813, 2.25, 16, 3.89063], "texture": "#0"},
				"up": {"uv": [1.32813, 2.25, 16, 3.89063], "texture": "#0"},
				"down": {"uv": [1.32813, 2.25, 16, 3.89063], "texture": "#0"}
			}
		},
		{
			"from": [1, 0, 13],
			"to": [15, 1, 15],
			"faces": {
				"north": {"uv": [1.32813, 0.8125, 16, 2.45313], "texture": "#0"},
				"east": {"uv": [1.32813, 0.8125, 16, 2.45313], "texture": "#0"},
				"south": {"uv": [1.32813, 0.8125, 16, 2.45313], "texture": "#0"},
				"west": {"uv": [1.32813, 0.8125, 16, 2.45313], "texture": "#0"},
				"up": {"uv": [1.32813, 0.8125, 16, 2.45313], "texture": "#0"},
				"down": {"uv": [1.32813, 0.8125, 16, 2.45313], "texture": "#0"}
			}
		},
		{
			"from": [2, 1, 0],
			"to": [4, 2, 16],
			"faces": {
				"north": {"uv": [6.15626, 9.59375, 15.14063, 8.51563], "rotation": 270, "texture": "#0"},
				"east": {"uv": [6.15626, 9.59375, 15.14063, 8.51563], "rotation": 270, "texture": "#0"},
				"south": {"uv": [6.15626, 9.59375, 15.14063, 8.51563], "rotation": 270, "texture": "#0"},
				"west": {"uv": [6.15626, 9.59375, 15.14063, 8.51563], "rotation": 270, "texture": "#0"},
				"up": {"uv": [6.15626, 9.59375, 15.14063, 8.51563], "rotation": 270, "texture": "#0"},
				"down": {"uv": [6.15626, 9.59375, 15.14063, 8.51563], "rotation": 270, "texture": "#0"}
			}
		},
		{
			"from": [4, 1, 1],
			"to": [4.2, 2, 3],
			"faces": {
				"north": {"uv": [8.25, 0, 16, 7.21875], "texture": "#1"},
				"east": {"uv": [8.25, 0, 16, 7.21875], "texture": "#1"},
				"south": {"uv": [8.25, 0, 16, 7.21875], "texture": "#1"},
				"west": {"uv": [8.25, 0, 16, 7.21875], "texture": "#1"},
				"up": {"uv": [8.25, 0, 16, 7.21875], "texture": "#1"},
				"down": {"uv": [8.25, 0, 16, 7.21875], "texture": "#1"}
			}
		},
		{
			"from": [4, 1, 5],
			"to": [4.2, 2, 7],
			"faces": {
				"north": {"uv": [8.25, 0, 16, 7.21875], "texture": "#1"},
				"east": {"uv": [8.25, 0, 16, 7.21875], "texture": "#1"},
				"south": {"uv": [8.25, 0, 16, 7.21875], "texture": "#1"},
				"west": {"uv": [8.25, 0, 16, 7.21875], "texture": "#1"},
				"up": {"uv": [8.25, 0, 16, 7.21875], "texture": "#1"},
				"down": {"uv": [8.25, 0, 16, 7.21875], "texture": "#1"}
			}
		},
		{
			"from": [4, 1, 9],
			"to": [4.2, 2, 11],
			"faces": {
				"north": {"uv": [8.25, 0, 16, 7.21875], "texture": "#1"},
				"east": {"uv": [8.25, 0, 16, 7.21875], "texture": "#1"},
				"south": {"uv": [8.25, 0, 16, 7.21875], "texture": "#1"},
				"west": {"uv": [8.25, 0, 16, 7.21875], "texture": "#1"},
				"up": {"uv": [8.25, 0, 16, 7.21875], "texture": "#1"},
				"down": {"uv": [8.25, 0, 16, 7.21875], "texture": "#1"}
			}
		},
		{
			"from": [4, 1, 13],
			"to": [4.2, 2, 15],
			"faces": {
				"north": {"uv": [8.25, 0, 16, 7.21875], "texture": "#1"},
				"east": {"uv": [8.25, 0, 16, 7.21875], "texture": "#1"},
				"south": {"uv": [8.25, 0, 16, 7.21875], "texture": "#1"},
				"west": {"uv": [8.25, 0, 16, 7.21875], "texture": "#1"},
				"up": {"uv": [8.25, 0, 16, 7.21875], "texture": "#1"},
				"down": {"uv": [8.25, 0, 16, 7.21875], "texture": "#1"}
			}
		},
		{
			"from": [11.8, 1, 13],
			"to": [12, 2, 15],
			"faces": {
				"north": {"uv": [8.25, 0, 16, 7.21875], "texture": "#1"},
				"east": {"uv": [8.25, 0, 16, 7.21875], "texture": "#1"},
				"south": {"uv": [8.25, 0, 16, 7.21875], "texture": "#1"},
				"west": {"uv": [8.25, 0, 16, 7.21875], "texture": "#1"},
				"up": {"uv": [8.25, 0, 16, 7.21875], "texture": "#1"},
				"down": {"uv": [8.25, 0, 16, 7.21875], "texture": "#1"}
			}
		},
		{
			"from": [11.8, 1, 9],
			"to": [12, 2, 11],
			"faces": {
				"north": {"uv": [8.25, 0, 16, 7.21875], "texture": "#1"},
				"east": {"uv": [8.25, 0, 16, 7.21875], "texture": "#1"},
				"south": {"uv": [8.25, 0, 16, 7.21875], "texture": "#1"},
				"west": {"uv": [8.25, 0, 16, 7.21875], "texture": "#1"},
				"up": {"uv": [8.25, 0, 16, 7.21875], "texture": "#1"},
				"down": {"uv": [8.25, 0, 16, 7.21875], "texture": "#1"}
			}
		},
		{
			"from": [11.8, 1, 5],
			"to": [12, 2, 7],
			"faces": {
				"north": {"uv": [8.25, 0, 16, 7.21875], "texture": "#1"},
				"east": {"uv": [8.25, 0, 16, 7.21875], "texture": "#1"},
				"south": {"uv": [8.25, 0, 16, 7.21875], "texture": "#1"},
				"west": {"uv": [8.25, 0, 16, 7.21875], "texture": "#1"},
				"up": {"uv": [8.25, 0, 16, 7.21875], "texture": "#1"},
				"down": {"uv": [8.25, 0, 16, 7.21875], "texture": "#1"}
			}
		},
		{
			"from": [11.8, 1, 1],
			"to": [12, 2, 3],
			"faces": {
				"north": {"uv": [8.25, 0, 16, 7.21875], "texture": "#1"},
				"east": {"uv": [8.25, 0, 16, 7.21875], "texture": "#1"},
				"south": {"uv": [8.25, 0, 16, 7.21875], "texture": "#1"},
				"west": {"uv": [8.25, 0, 16, 7.21875], "texture": "#1"},
				"up": {"uv": [8.25, 0, 16, 7.21875], "texture": "#1"},
				"down": {"uv": [8.25, 0, 16, 7.21875], "texture": "#1"}
			}
		},
		{
			"from": [10.3, 1, 1],
			"to": [11.8, 1.2, 3],
			"faces": {
				"north": {"uv": [10.375, 4.35937, 16, 0], "rotation": 270, "texture": "#1"},
				"east": {"uv": [10.375, 4.35937, 16, 0], "rotation": 270, "texture": "#1"},
				"south": {"uv": [10.375, 4.35937, 16, 0], "rotation": 270, "texture": "#1"},
				"west": {"uv": [10.375, 4.35937, 16, 0], "rotation": 270, "texture": "#1"},
				"up": {"uv": [10.375, 4.35937, 16, 0], "rotation": 270, "texture": "#1"},
				"down": {"uv": [10.375, 4.35937, 16, 0], "rotation": 270, "texture": "#1"}
			}
		},
		{
			"from": [10.3, 1, 5],
			"to": [11.8, 1.2, 7],
			"faces": {
				"north": {"uv": [10.375, 4.35937, 16, 0], "rotation": 270, "texture": "#1"},
				"east": {"uv": [10.375, 4.35937, 16, 0], "rotation": 270, "texture": "#1"},
				"south": {"uv": [10.375, 4.35937, 16, 0], "rotation": 270, "texture": "#1"},
				"west": {"uv": [10.375, 4.35937, 16, 0], "rotation": 270, "texture": "#1"},
				"up": {"uv": [10.375, 4.35937, 16, 0], "rotation": 270, "texture": "#1"},
				"down": {"uv": [10.375, 4.35937, 16, 0], "rotation": 270, "texture": "#1"}
			}
		},
		{
			"from": [10.3, 1, 9],
			"to": [11.8, 1.2, 11],
			"faces": {
				"north": {"uv": [10.375, 4.35937, 16, 0], "rotation": 270, "texture": "#1"},
				"east": {"uv": [10.375, 4.35937, 16, 0], "rotation": 270, "texture": "#1"},
				"south": {"uv": [10.375, 4.35937, 16, 0], "rotation": 270, "texture": "#1"},
				"west": {"uv": [10.375, 4.35937, 16, 0], "rotation": 270, "texture": "#1"},
				"up": {"uv": [10.375, 4.35937, 16, 0], "rotation": 270, "texture": "#1"},
				"down": {"uv": [10.375, 4.35937, 16, 0], "rotation": 270, "texture": "#1"}
			}
		},
		{
			"from": [10.3, 1, 13],
			"to": [11.8, 1.2, 15],
			"faces": {
				"north": {"uv": [10.375, 4.35937, 16, 0], "rotation": 270, "texture": "#1"},
				"east": {"uv": [10.375, 4.35937, 16, 0], "rotation": 270, "texture": "#1"},
				"south": {"uv": [10.375, 4.35937, 16, 0], "rotation": 270, "texture": "#1"},
				"west": {"uv": [10.375, 4.35937, 16, 0], "rotation": 270, "texture": "#1"},
				"up": {"uv": [10.375, 4.35937, 16, 0], "rotation": 270, "texture": "#1"},
				"down": {"uv": [10.375, 4.35937, 16, 0], "rotation": 270, "texture": "#1"}
			}
		},
		{
			"from": [14.2, 1, 13],
			"to": [14.7, 1.2, 15],
			"faces": {
				"north": {"uv": [6.15626, 9.59375, 15.14063, 8.51563], "rotation": 270, "texture": "#0"},
				"east": {"uv": [6.15626, 9.59375, 15.14063, 8.51563], "rotation": 270, "texture": "#0"},
				"south": {"uv": [6.15626, 9.59375, 15.14063, 8.51563], "rotation": 270, "texture": "#0"},
				"west": {"uv": [6.15626, 9.59375, 15.14063, 8.51563], "rotation": 270, "texture": "#0"},
				"up": {"uv": [6.15626, 9.59375, 15.14063, 8.51563], "rotation": 270, "texture": "#0"},
				"down": {"uv": [6.15626, 9.59375, 15.14063, 8.51563], "rotation": 270, "texture": "#0"}
			}
		},
		{
			"from": [14.2, 1, 9],
			"to": [14.7, 1.2, 11],
			"faces": {
				"north": {"uv": [6.15626, 9.59375, 15.14063, 8.51563], "rotation": 270, "texture": "#0"},
				"east": {"uv": [6.15626, 9.59375, 15.14063, 8.51563], "rotation": 270, "texture": "#0"},
				"south": {"uv": [6.15626, 9.59375, 15.14063, 8.51563], "rotation": 270, "texture": "#0"},
				"west": {"uv": [6.15626, 9.59375, 15.14063, 8.51563], "rotation": 270, "texture": "#0"},
				"up": {"uv": [6.15626, 9.59375, 15.14063, 8.51563], "rotation": 270, "texture": "#0"},
				"down": {"uv": [6.15626, 9.59375, 15.14063, 8.51563], "rotation": 270, "texture": "#0"}
			}
		},
		{
			"from": [14.2, 1, 5],
			"to": [14.7, 1.2, 7],
			"faces": {
				"north": {"uv": [6.15626, 9.59375, 15.14063, 8.51563], "rotation": 270, "texture": "#0"},
				"east": {"uv": [6.15626, 9.59375, 15.14063, 8.51563], "rotation": 270, "texture": "#0"},
				"south": {"uv": [6.15626, 9.59375, 15.14063, 8.51563], "rotation": 270, "texture": "#0"},
				"west": {"uv": [6.15626, 9.59375, 15.14063, 8.51563], "rotation": 270, "texture": "#0"},
				"up": {"uv": [6.15626, 9.59375, 15.14063, 8.51563], "rotation": 270, "texture": "#0"},
				"down": {"uv": [6.15626, 9.59375, 15.14063, 8.51563], "rotation": 270, "texture": "#0"}
			}
		},
		{
			"from": [14.2, 1, 1],
			"to": [14.7, 1.2, 3],
			"faces": {
				"north": {"uv": [6.15626, 9.59375, 15.14063, 8.51563], "rotation": 270, "texture": "#0"},
				"east": {"uv": [6.15626, 9.59375, 15.14063, 8.51563], "rotation": 270, "texture": "#0"},
				"south": {"uv": [6.15626, 9.59375, 15.14063, 8.51563], "rotation": 270, "texture": "#0"},
				"west": {"uv": [6.15626, 9.59375, 15.14063, 8.51563], "rotation": 270, "texture": "#0"},
				"up": {"uv": [6.15626, 9.59375, 15.14063, 8.51563], "rotation": 270, "texture": "#0"},
				"down": {"uv": [6.15626, 9.59375, 15.14063, 8.51563], "rotation": 270, "texture": "#0"}
			}
		},
		{
			"from": [4.2, 1, 13],
			"to": [5.7, 1.2, 15],
			"faces": {
				"north": {"uv": [10.375, 4.35937, 16, 0], "rotation": 270, "texture": "#1"},
				"east": {"uv": [10.375, 4.35937, 16, 0], "rotation": 270, "texture": "#1"},
				"south": {"uv": [10.375, 4.35937, 16, 0], "rotation": 270, "texture": "#1"},
				"west": {"uv": [10.375, 4.35937, 16, 0], "rotation": 270, "texture": "#1"},
				"up": {"uv": [10.375, 4.35937, 16, 0], "rotation": 270, "texture": "#1"},
				"down": {"uv": [10.375, 4.35937, 16, 0], "rotation": 270, "texture": "#1"}
			}
		},
		{
			"from": [4.2, 1, 1],
			"to": [5.7, 1.2, 3],
			"faces": {
				"north": {"uv": [10.375, 4.35937, 16, 0], "rotation": 270, "texture": "#1"},
				"east": {"uv": [10.375, 4.35937, 16, 0], "rotation": 270, "texture": "#1"},
				"south": {"uv": [10.375, 4.35937, 16, 0], "rotation": 270, "texture": "#1"},
				"west": {"uv": [10.375, 4.35937, 16, 0], "rotation": 270, "texture": "#1"},
				"up": {"uv": [10.375, 4.35937, 16, 0], "rotation": 270, "texture": "#1"},
				"down": {"uv": [10.375, 4.35937, 16, 0], "rotation": 270, "texture": "#1"}
			}
		},
		{
			"from": [4.2, 1, 5],
			"to": [5.7, 1.2, 7],
			"faces": {
				"north": {"uv": [10.375, 4.35937, 16, 0], "rotation": 270, "texture": "#1"},
				"east": {"uv": [10.375, 4.35937, 16, 0], "rotation": 270, "texture": "#1"},
				"south": {"uv": [10.375, 4.35937, 16, 0], "rotation": 270, "texture": "#1"},
				"west": {"uv": [10.375, 4.35937, 16, 0], "rotation": 270, "texture": "#1"},
				"up": {"uv": [10.375, 4.35937, 16, 0], "rotation": 270, "texture": "#1"},
				"down": {"uv": [10.375, 4.35937, 16, 0], "rotation": 270, "texture": "#1"}
			}
		},
		{
			"from": [4.2, 1, 9],
			"to": [5.7, 1.2, 11],
			"faces": {
				"north": {"uv": [10.375, 4.35937, 16, 0], "rotation": 270, "texture": "#1"},
				"east": {"uv": [10.375, 4.35937, 16, 0], "rotation": 270, "texture": "#1"},
				"south": {"uv": [10.375, 4.35937, 16, 0], "rotation": 270, "texture": "#1"},
				"west": {"uv": [10.375, 4.35937, 16, 0], "rotation": 270, "texture": "#1"},
				"up": {"uv": [10.375, 4.35937, 16, 0], "rotation": 270, "texture": "#1"},
				"down": {"uv": [10.375, 4.35937, 16, 0], "rotation": 270, "texture": "#1"}
			}
		},
		{
			"from": [1.3, 1, 9],
			"to": [1.8, 1.2, 11],
			"faces": {
				"north": {"uv": [6.15626, 9.59375, 15.14063, 8.51563], "rotation": 270, "texture": "#0"},
				"east": {"uv": [6.15626, 9.59375, 15.14063, 8.51563], "rotation": 270, "texture": "#0"},
				"south": {"uv": [6.15626, 9.59375, 15.14063, 8.51563], "rotation": 270, "texture": "#0"},
				"west": {"uv": [6.15626, 9.59375, 15.14063, 8.51563], "rotation": 270, "texture": "#0"},
				"up": {"uv": [6.15626, 9.59375, 15.14063, 8.51563], "rotation": 270, "texture": "#0"},
				"down": {"uv": [6.15626, 9.59375, 15.14063, 8.51563], "rotation": 270, "texture": "#0"}
			}
		},
		{
			"from": [1.3, 1, 5],
			"to": [1.8, 1.2, 7],
			"faces": {
				"north": {"uv": [6.15626, 9.59375, 15.14063, 8.51563], "rotation": 270, "texture": "#0"},
				"east": {"uv": [6.15626, 9.59375, 15.14063, 8.51563], "rotation": 270, "texture": "#0"},
				"south": {"uv": [6.15626, 9.59375, 15.14063, 8.51563], "rotation": 270, "texture": "#0"},
				"west": {"uv": [6.15626, 9.59375, 15.14063, 8.51563], "rotation": 270, "texture": "#0"},
				"up": {"uv": [6.15626, 9.59375, 15.14063, 8.51563], "rotation": 270, "texture": "#0"},
				"down": {"uv": [6.15626, 9.59375, 15.14063, 8.51563], "rotation": 270, "texture": "#0"}
			}
		},
		{
			"from": [1.3, 1, 1],
			"to": [1.8, 1.2, 3],
			"faces": {
				"north": {"uv": [6.15626, 9.59375, 15.14063, 8.51563], "rotation": 270, "texture": "#0"},
				"east": {"uv": [6.15626, 9.59375, 15.14063, 8.51563], "rotation": 270, "texture": "#0"},
				"south": {"uv": [6.15626, 9.59375, 15.14063, 8.51563], "rotation": 270, "texture": "#0"},
				"west": {"uv": [6.15626, 9.59375, 15.14063, 8.51563], "rotation": 270, "texture": "#0"},
				"up": {"uv": [6.15626, 9.59375, 15.14063, 8.51563], "rotation": 270, "texture": "#0"},
				"down": {"uv": [6.15626, 9.59375, 15.14063, 8.51563], "rotation": 270, "texture": "#0"}
			}
		},
		{
			"from": [1.3, 1, 13],
			"to": [1.8, 1.2, 15],
			"faces": {
				"north": {"uv": [6.15626, 9.59375, 15.14063, 8.51563], "rotation": 270, "texture": "#0"},
				"east": {"uv": [6.15626, 9.59375, 15.14063, 8.51563], "rotation": 270, "texture": "#0"},
				"south": {"uv": [6.15626, 9.59375, 15.14063, 8.51563], "rotation": 270, "texture": "#0"},
				"west": {"uv": [6.15626, 9.59375, 15.14063, 8.51563], "rotation": 270, "texture": "#0"},
				"up": {"uv": [6.15626, 9.59375, 15.14063, 8.51563], "rotation": 270, "texture": "#0"},
				"down": {"uv": [6.15626, 9.59375, 15.14063, 8.51563], "rotation": 270, "texture": "#0"}
			}
		},
		{
			"from": [14, 1, 1],
			"to": [14.2, 2, 3],
			"faces": {
				"north": {"uv": [6.15626, 9.59375, 15.14063, 8.51563], "rotation": 270, "texture": "#0"},
				"east": {"uv": [10.28126, 14.96875, 11.34376, 12.93751], "rotation": 270, "texture": "#0"},
				"south": {"uv": [6.15626, 9.59375, 15.14063, 8.51563], "rotation": 270, "texture": "#0"},
				"west": {"uv": [6.15626, 9.59375, 15.14063, 8.51563], "rotation": 270, "texture": "#0"},
				"up": {"uv": [6.15626, 9.59375, 15.14063, 8.51563], "rotation": 270, "texture": "#0"},
				"down": {"uv": [6.15626, 9.59375, 15.14063, 8.51563], "rotation": 270, "texture": "#0"}
			}
		},
		{
			"from": [14, 1, 13],
			"to": [14.2, 2, 15],
			"faces": {
				"north": {"uv": [6.15626, 9.59375, 15.14063, 8.51563], "rotation": 270, "texture": "#0"},
				"east": {"uv": [10.28126, 14.96875, 11.34376, 12.93751], "rotation": 270, "texture": "#0"},
				"south": {"uv": [6.15626, 9.59375, 15.14063, 8.51563], "rotation": 270, "texture": "#0"},
				"west": {"uv": [6.15626, 9.59375, 15.14063, 8.51563], "rotation": 270, "texture": "#0"},
				"up": {"uv": [6.15626, 9.59375, 15.14063, 8.51563], "rotation": 270, "texture": "#0"},
				"down": {"uv": [6.15626, 9.59375, 15.14063, 8.51563], "rotation": 270, "texture": "#0"}
			}
		},
		{
			"from": [14, 1, 5],
			"to": [14.2, 2, 7],
			"faces": {
				"north": {"uv": [7.78125, 9.48437, 10.09375, 8.67188], "rotation": 270, "texture": "#0"},
				"east": {"uv": [10.28126, 14.96875, 11.34376, 12.93751], "rotation": 270, "texture": "#0"},
				"south": {"uv": [7.78125, 9.48437, 10.09375, 8.67188], "rotation": 270, "texture": "#0"},
				"west": {"uv": [7.78125, 9.48437, 10.09375, 8.67188], "rotation": 270, "texture": "#0"},
				"up": {"uv": [7.78125, 9.48437, 10.09375, 8.67188], "rotation": 270, "texture": "#0"},
				"down": {"uv": [7.78125, 9.48437, 10.09375, 8.67188], "rotation": 270, "texture": "#0"}
			}
		},
		{
			"from": [14, 1, 9],
			"to": [14.2, 2, 11],
			"faces": {
				"north": {"uv": [6.15626, 9.59375, 15.14063, 8.51563], "rotation": 270, "texture": "#0"},
				"east": {"uv": [10.28126, 14.96875, 11.34376, 12.93751], "rotation": 270, "texture": "#0"},
				"south": {"uv": [6.15626, 9.59375, 15.14063, 8.51563], "rotation": 270, "texture": "#0"},
				"west": {"uv": [6.15626, 9.59375, 15.14063, 8.51563], "rotation": 270, "texture": "#0"},
				"up": {"uv": [6.15626, 9.59375, 15.14063, 8.51563], "rotation": 270, "texture": "#0"},
				"down": {"uv": [6.15626, 9.59375, 15.14063, 8.51563], "rotation": 270, "texture": "#0"}
			}
		},
		{
			"from": [1.8, 1, 1],
			"to": [2, 2, 3],
			"faces": {
				"north": {"uv": [6.15626, 9.59375, 15.14063, 8.51563], "rotation": 270, "texture": "#0"},
				"east": {"uv": [6.15626, 9.59375, 15.14063, 8.51563], "rotation": 270, "texture": "#0"},
				"south": {"uv": [6.15626, 9.59375, 15.14063, 8.51563], "rotation": 270, "texture": "#0"},
				"west": {"uv": [10.28126, 14.96875, 11.34376, 12.93751], "rotation": 270, "texture": "#0"},
				"up": {"uv": [6.15626, 9.59375, 15.14063, 8.51563], "rotation": 270, "texture": "#0"},
				"down": {"uv": [6.15626, 9.59375, 15.14063, 8.51563], "rotation": 270, "texture": "#0"}
			}
		},
		{
			"from": [1.8, 1, 13],
			"to": [2, 2, 15],
			"faces": {
				"north": {"uv": [6.15626, 9.59375, 15.14063, 8.51563], "rotation": 270, "texture": "#0"},
				"east": {"uv": [6.15626, 9.59375, 15.14063, 8.51563], "rotation": 270, "texture": "#0"},
				"south": {"uv": [6.15626, 9.59375, 15.14063, 8.51563], "rotation": 270, "texture": "#0"},
				"west": {"uv": [10.28126, 14.96875, 11.34376, 12.93751], "rotation": 270, "texture": "#0"},
				"up": {"uv": [6.15626, 9.59375, 15.14063, 8.51563], "rotation": 270, "texture": "#0"},
				"down": {"uv": [6.15626, 9.59375, 15.14063, 8.51563], "rotation": 270, "texture": "#0"}
			}
		},
		{
			"from": [1.8, 1, 5],
			"to": [2, 2, 7],
			"faces": {
				"north": {"uv": [6.15626, 9.59375, 15.14063, 8.51563], "rotation": 270, "texture": "#0"},
				"east": {"uv": [6.15626, 9.59375, 15.14063, 8.51563], "rotation": 270, "texture": "#0"},
				"south": {"uv": [6.15626, 9.59375, 15.14063, 8.51563], "rotation": 270, "texture": "#0"},
				"west": {"uv": [10.28126, 14.96875, 11.34376, 12.93751], "rotation": 270, "texture": "#0"},
				"up": {"uv": [6.15626, 9.59375, 15.14063, 8.51563], "rotation": 270, "texture": "#0"},
				"down": {"uv": [6.15626, 9.59375, 15.14063, 8.51563], "rotation": 270, "texture": "#0"}
			}
		},
		{
			"from": [1.8, 1, 9],
			"to": [2, 2, 11],
			"faces": {
				"north": {"uv": [6.15626, 9.59375, 15.14063, 8.51563], "rotation": 270, "texture": "#0"},
				"east": {"uv": [6.15626, 9.59375, 15.14063, 8.51563], "rotation": 270, "texture": "#0"},
				"south": {"uv": [6.15626, 9.59375, 15.14063, 8.51563], "rotation": 270, "texture": "#0"},
				"west": {"uv": [10.28126, 14.96875, 11.34376, 12.93751], "rotation": 270, "texture": "#0"},
				"up": {"uv": [6.15626, 9.59375, 15.14063, 8.51563], "rotation": 270, "texture": "#0"},
				"down": {"uv": [6.15626, 9.59375, 15.14063, 8.51563], "rotation": 270, "texture": "#0"}
			}
		},
		{
			"from": [12, 1, 0],
			"to": [14, 2, 16],
			"faces": {
				"north": {"uv": [6.15626, 9.59375, 15.14063, 8.51563], "rotation": 270, "texture": "#0"},
				"east": {"uv": [6.15626, 9.59375, 15.14063, 8.51563], "rotation": 270, "texture": "#0"},
				"south": {"uv": [6.15626, 9.59375, 15.14063, 8.51563], "rotation": 270, "texture": "#0"},
				"west": {"uv": [6.15626, 9.59375, 15.14063, 8.51563], "rotation": 270, "texture": "#0"},
				"up": {"uv": [6.15626, 9.59375, 15.14063, 8.51563], "rotation": 270, "texture": "#0"},
				"down": {"uv": [6.15626, 9.59375, 15.14063, 8.51563], "rotation": 270, "texture": "#0"}
			}
		},
		{
			"from": [7, 0.001, 0],
			"to": [9, 1.001, 16],
			"rotation": {"angle": 0, "axis": "y", "origin": [7, 7, 0]},
			"faces": {
				"north": {"uv": [11.03125, 0, 13.03125, 16], "texture": "#1"},
				"east": {"uv": [11.03125, 0, 11.25, 16], "texture": "#1"},
				"south": {"uv": [11.03125, 0, 13.03125, 16], "texture": "#1"},
				"west": {"uv": [11.03125, 0, 11.25, 16], "texture": "#1"},
				"up": {"uv": [11.03125, 0, 13.03125, 16], "texture": "#1"},
				"down": {"uv": [11.03125, 0, 13.03125, 16], "texture": "#1"}
			}
		}
	],
	"display": {
		"thirdperson_righthand": {
			"rotation": [-90.5, 0, 0],
			"translation": [0, -0.25, -3],
			"scale": [0.57227, 0.39258, 0.53516]
		},
		"thirdperson_lefthand": {
			"rotation": [-90.5, 0, 0],
			"translation": [0, -0.25, -3],
			"scale": [0.57227, 0.39258, 0.53516]
		},
		"firstperson_righthand": {
			"rotation": [24.25, 0, 0],
			"translation": [3, 4, -1],
			"scale": [0.57227, 0.39258, 0.53516]
		},
		"firstperson_lefthand": {
			"rotation": [24.25, 0, 0],
			"translation": [3, 4, -1],
			"scale": [0.57227, 0.39258, 0.53516]
		},
		"ground": {
			"rotation": [1.23, -3.61, -1.96],
			"translation": [0.75, 1, 0.5],
			"scale": [0.57227, 0.39258, 0.53516]
		},
		"gui": {
			"rotation": [88, 0, 0],
			"translation": [0, 0, -7.75],
			"scale": [1.05469, 1, 1.03906]
		},
		"fixed": {
			"rotation": [-90.25, 0, 0],
			"translation": [0, 0, -7.75],
			"scale": [1.21484, 1, 1.18164]
		}
	}
}