{
	"credit": "Made with Blockbench",
	"textures": {
		"1": "block/normal2",
		"particle": "block/blue_wool"
	},
	"elements": [
		{
			"from": [0, 8, 15],
			"to": [16, 27, 16],
			"faces": {
				"north": {"uv": [0, 0, 16, 16], "texture": "#1"},
				"east": {"uv": [0, 0, 1, 16], "texture": "#1"},
				"south": {"uv": [0, 0, 16, 16], "texture": "#1"},
				"west": {"uv": [0, 0, 1, 16], "texture": "#1"},
				"up": {"uv": [0, 0, 16, 1], "texture": "#1"},
				"down": {"uv": [0, 0, 16, 1], "texture": "#1"}
			}
		},
		{
			"from": [0, 8, 0],
			"to": [16, 9, 15],
			"faces": {
				"north": {"uv": [0, 0, 16, 1], "texture": "#1"},
				"east": {"uv": [0, 0, 15, 1], "texture": "#1"},
				"south": {"uv": [0, 0, 16, 1], "texture": "#1"},
				"west": {"uv": [0, 0, 15, 1], "texture": "#1"},
				"up": {"uv": [0, 0, 16, 15], "texture": "#1"},
				"down": {"uv": [0, 0, 16, 15], "texture": "#1"}
			}
		},
		{
			"from": [15, 14, 0],
			"to": [16, 15, 15],
			"faces": {
				"north": {"uv": [0, 0, 1, 1], "texture": "#1"},
				"east": {"uv": [0, 0, 15, 1], "texture": "#1"},
				"south": {"uv": [0, 0, 1, 1], "texture": "#1"},
				"west": {"uv": [0, 0, 15, 1], "texture": "#1"},
				"up": {"uv": [0, 0, 1, 15], "texture": "#1"},
				"down": {"uv": [0, 0, 1, 15], "texture": "#1"}
			}
		},
		{
			"from": [15, 9, 0],
			"to": [16, 14, 1],
			"faces": {
				"north": {"uv": [0, 0, 1, 5], "texture": "#1"},
				"east": {"uv": [0, 0, 1, 5], "texture": "#1"},
				"south": {"uv": [0, 0, 1, 5], "texture": "#1"},
				"west": {"uv": [0, 0, 1, 5], "texture": "#1"},
				"up": {"uv": [0, 0, 1, 1], "texture": "#1"},
				"down": {"uv": [0, 0, 1, 1], "texture": "#1"}
			}
		},
		{
			"from": [14, 0, 1],
			"to": [15, 8, 2],
			"rotation": {"angle": 0, "axis": "y", "origin": [-6.5, 4, 6.5]},
			"faces": {
				"north": {"uv": [0, 0, 1, 8], "texture": "#1"},
				"east": {"uv": [0, 0, 1, 8], "texture": "#1"},
				"south": {"uv": [0, 0, 1, 8], "texture": "#1"},
				"west": {"uv": [0, 0, 1, 8], "texture": "#1"},
				"up": {"uv": [0, 0, 1, 1], "texture": "#1"},
				"down": {"uv": [0, 0, 1, 1], "texture": "#1"}
			}
		},
		{
			"from": [14, 0, 14],
			"to": [15, 8, 15],
			"rotation": {"angle": 0, "axis": "y", "origin": [-6.5, 4, 6.5]},
			"faces": {
				"north": {"uv": [0, 0, 1, 8], "texture": "#1"},
				"east": {"uv": [0, 0, 1, 8], "texture": "#1"},
				"south": {"uv": [0, 0, 1, 8], "texture": "#1"},
				"west": {"uv": [0, 0, 1, 8], "texture": "#1"},
				"up": {"uv": [0, 0, 1, 1], "texture": "#1"},
				"down": {"uv": [0, 0, 1, 1], "texture": "#1"}
			}
		},
		{
			"from": [1, 0, 14],
			"to": [2, 8, 15],
			"rotation": {"angle": 0, "axis": "y", "origin": [-6.5, 4, 6.5]},
			"faces": {
				"north": {"uv": [0, 0, 1, 8], "texture": "#1"},
				"east": {"uv": [0, 0, 1, 8], "texture": "#1"},
				"south": {"uv": [0, 0, 1, 8], "texture": "#1"},
				"west": {"uv": [0, 0, 1, 8], "texture": "#1"},
				"up": {"uv": [0, 0, 1, 1], "texture": "#1"},
				"down": {"uv": [0, 0, 1, 1], "texture": "#1"}
			}
		},
		{
			"from": [1, 0, 1],
			"to": [2, 8, 2],
			"rotation": {"angle": 0, "axis": "y", "origin": [-6.5, 4, 6.5]},
			"faces": {
				"north": {"uv": [0, 0, 1, 8], "texture": "#1"},
				"east": {"uv": [0, 0, 1, 8], "texture": "#1"},
				"south": {"uv": [0, 0, 1, 8], "texture": "#1"},
				"west": {"uv": [0, 0, 1, 8], "texture": "#1"},
				"up": {"uv": [0, 0, 1, 1], "texture": "#1"},
				"down": {"uv": [0, 0, 1, 1], "texture": "#1"}
			}
		},
		{
			"from": [0, 9, 0],
			"to": [1, 14, 1],
			"faces": {
				"north": {"uv": [0, 0, 1, 5], "texture": "#1"},
				"east": {"uv": [0, 0, 1, 5], "texture": "#1"},
				"south": {"uv": [0, 0, 1, 5], "texture": "#1"},
				"west": {"uv": [0, 0, 1, 5], "texture": "#1"},
				"up": {"uv": [0, 0, 1, 1], "texture": "#1"},
				"down": {"uv": [0, 0, 1, 1], "texture": "#1"}
			}
		},
		{
			"from": [0, 14, 0],
			"to": [1, 15, 15],
			"faces": {
				"north": {"uv": [0, 0, 1, 1], "texture": "#1"},
				"east": {"uv": [0, 0, 15, 1], "texture": "#1"},
				"south": {"uv": [0, 0, 1, 1], "texture": "#1"},
				"west": {"uv": [0, 0, 15, 1], "texture": "#1"},
				"up": {"uv": [0, 0, 1, 15], "texture": "#1"},
				"down": {"uv": [0, 0, 1, 15], "texture": "#1"}
			}
		}
	],
	"display": {
		"thirdperson_righthand": {
			"scale": [0.29102, 0.32227, 0.2793]
		},
		"thirdperson_lefthand": {
			"scale": [0.29102, 0.32227, 0.2793]
		},
		"firstperson_righthand": {
			"rotation": [180, 49, 180],
			"scale": [0.36523, 0.33594, 0.19922]
		},
		"firstperson_lefthand": {
			"rotation": [180, 49, 180],
			"scale": [0.36523, 0.33594, 0.19922]
		},
		"ground": {
			"scale": [0.30273, 0.36523, 0.22852]
		},
		"gui": {
			"rotation": [-141.5, -38.5, 180],
			"translation": [0.75, -1.25, 0],
			"scale": [0.72656, 0.58789, 0.73047]
		},
		"fixed": {
			"rotation": [-90.75, 0, 0],
			"translation": [0, -0.25, -17.75],
			"scale": [1.65039, 2.37109, 1.74023]
		}
	}
}