{
	"credit": "Made with Blockbench",
	"textures": {
		"0": "block/debug_stick",
		"particle": "block/debug_stick"
	},
	"elements": [
		{
			"from": [4, 0, 7],
			"to": [6, 16, 9],
			"rotation": {"angle": 0, "axis": "y", "origin": [7, 0, 7]},
			"faces": {
				"north": {"uv": [0, 0, 2, 16], "texture": "#0"},
				"east": {"uv": [0, 0, 2, 16], "texture": "#0"},
				"south": {"uv": [0, 0, 2, 16], "texture": "#0"},
				"west": {"uv": [0, 0, 2, 16], "texture": "#0"},
				"up": {"uv": [0, 0, 2, 2], "texture": "#0"},
				"down": {"uv": [5.9375, 4.96875, 7.9375, 6.96875], "texture": "#0"}
			}
		},
		{
			"from": [9, 11, 7],
			"to": [11, 16, 9],
			"rotation": {"angle": 0, "axis": "y", "origin": [7, 0, 7]},
			"faces": {
				"north": {"uv": [0, 0, 2, 5], "texture": "#0"},
				"east": {"uv": [0, 0, 2, 5], "texture": "#0"},
				"south": {"uv": [0, 0, 2, 5], "texture": "#0"},
				"west": {"uv": [0, 0, 2, 5], "texture": "#0"},
				"up": {"uv": [0, 0, 2, 2], "texture": "#0"},
				"down": {"uv": [0, 0, 2, 2], "texture": "#0"}
			}
		},
		{
			"from": [6, 14, 7],
			"to": [9, 16, 9],
			"rotation": {"angle": 0, "axis": "y", "origin": [7, 0, 7]},
			"faces": {
				"north": {"uv": [0, 0, 3, 2], "texture": "#0"},
				"east": {"uv": [0, 0, 2, 2], "texture": "#0"},
				"south": {"uv": [0, 0, 3, 2], "texture": "#0"},
				"west": {"uv": [0, 0, 2, 2], "texture": "#0"},
				"up": {"uv": [0, 0, 3, 2], "texture": "#0"},
				"down": {"uv": [0, 0, 3, 2], "texture": "#0"}
			}
		}
	],
	"display": {
		"thirdperson_righthand": {
			"translation": [4.25, 0, 0]
		},
		"thirdperson_lefthand": {
			"translation": [4.25, 0, 0]
		},
		"firstperson_righthand": {
			"rotation": [-180, 54.75, -180],
			"translation": [-5.75, 7, 0],
			"scale": [0.32, 0.36, 0.53]
		},
		"firstperson_lefthand": {
			"rotation": [-180, 54.75, -180],
			"translation": [-5.75, 7, 0],
			"scale": [0.32, 0.36, 0.53]
		},
		"ground": {
			"rotation": [-89.27, 0.97, 3.54],
			"translation": [0, -2.75, 0],
			"scale": [0.55273, 0.59375, 0.60938]
		},
		"gui": {
			"rotation": [0, 0, -33],
			"translation": [1, -1.5, 0]
		},
		"fixed": {
			"rotation": [-89.5, 0, 0],
			"translation": [3.25, 0, -12.5],
			"scale": [1.66016, 1.68164, 1.12695]
		}
	}
}