{
	"credit": "Made with Blockbench",
	"textures": {
		"0": "item/emerald",
		"particle": "item/emerald"
	},
	"elements": [
		{
			"from": [10.5, 6, 7.5],
			"to": [11.5, 11, 8.5],
			"rotation": {"angle": 0, "axis": "y", "origin": [6.5, 10, 7.5]},
			"faces": {
				"north": {"uv": [5, 3, 10, 12], "texture": "#0"},
				"east": {"uv": [5, 3, 10, 12], "texture": "#0"},
				"south": {"uv": [5, 3, 10, 12], "texture": "#0"},
				"west": {"uv": [5, 3, 10, 12], "texture": "#0"},
				"up": {"uv": [5, 3, 10, 12], "texture": "#0"},
				"down": {"uv": [5, 3, 10, 12], "texture": "#0"}
			}
		},
		{
			"from": [6.5, 6, 7.5],
			"to": [7.5, 11, 8.5],
			"rotation": {"angle": 0, "axis": "y", "origin": [6.5, 10, 7.5]},
			"faces": {
				"north": {"uv": [5, 3, 10, 12], "texture": "#0"},
				"east": {"uv": [5, 3, 10, 12], "texture": "#0"},
				"south": {"uv": [5, 3, 10, 12], "texture": "#0"},
				"west": {"uv": [5, 3, 10, 12], "texture": "#0"},
				"up": {"uv": [5, 3, 10, 12], "texture": "#0"},
				"down": {"uv": [5, 3, 10, 12], "texture": "#0"}
			}
		},
		{
			"from": [7.5, 6, 7.5],
			"to": [10.5, 11, 8.5],
			"rotation": {"angle": 0, "axis": "y", "origin": [6.5, 10, 7.5]},
			"faces": {
				"north": {"uv": [5, 3, 10, 12], "texture": "#0"},
				"east": {"uv": [5, 3, 10, 12], "texture": "#0"},
				"south": {"uv": [5, 3, 10, 12], "texture": "#0"},
				"west": {"uv": [5, 3, 10, 12], "texture": "#0"},
				"up": {"uv": [5, 3, 10, 12], "texture": "#0"},
				"down": {"uv": [5, 3, 10, 12], "texture": "#0"}
			}
		},
		{
			"from": [7.92, 13.55, 7.501],
			"to": [9.32, 14.25, 8.501],
			"rotation": {"angle": -45, "axis": "z", "origin": [6.5, 10, 7.5]},
			"faces": {
				"north": {"uv": [5, 3, 10, 12], "texture": "#0"},
				"east": {"uv": [5, 3, 10, 12], "texture": "#0"},
				"south": {"uv": [5, 3, 10, 12], "texture": "#0"},
				"west": {"uv": [5, 3, 10, 12], "texture": "#0"},
				"up": {"uv": [5, 3, 10, 12], "texture": "#0"},
				"down": {"uv": [5, 3, 10, 12], "texture": "#0"}
			}
		},
		{
			"from": [9.3, 7.18, 7.501],
			"to": [10.7, 7.88, 8.501],
			"rotation": {"angle": -45, "axis": "z", "origin": [6.5, 10, 7.5]},
			"faces": {
				"north": {"uv": [5, 3, 10, 12], "texture": "#0"},
				"east": {"uv": [5, 3, 10, 12], "texture": "#0"},
				"south": {"uv": [5, 3, 10, 12], "texture": "#0"},
				"west": {"uv": [5, 3, 10, 12], "texture": "#0"},
				"up": {"uv": [5, 3, 10, 12], "texture": "#0"},
				"down": {"uv": [5, 3, 10, 12], "texture": "#0"}
			}
		},
		{
			"from": [5.8, 10.7, 7.501],
			"to": [6.8, 12.11, 8.501],
			"rotation": {"angle": -45, "axis": "z", "origin": [6.5, 10, 7.5]},
			"faces": {
				"north": {"uv": [5, 3, 10, 12], "texture": "#0"},
				"east": {"uv": [5, 3, 10, 12], "texture": "#0"},
				"south": {"uv": [5, 3, 10, 12], "texture": "#0"},
				"west": {"uv": [5, 3, 10, 12], "texture": "#0"},
				"up": {"uv": [5, 3, 10, 12], "texture": "#0"},
				"down": {"uv": [5, 3, 10, 12], "texture": "#0"}
			}
		},
		{
			"from": [11.85, 9.3, 7.501],
			"to": [12.85, 10.71, 8.501],
			"rotation": {"angle": -45, "axis": "z", "origin": [6.5, 10, 7.5]},
			"faces": {
				"north": {"uv": [5, 3, 10, 12], "texture": "#0"},
				"east": {"uv": [5, 3, 10, 12], "texture": "#0"},
				"south": {"uv": [5, 3, 10, 12], "texture": "#0"},
				"west": {"uv": [5, 3, 10, 12], "texture": "#0"},
				"up": {"uv": [5, 3, 10, 12], "texture": "#0"},
				"down": {"uv": [5, 3, 10, 12], "texture": "#0"}
			}
		},
		{
			"from": [7.5, 11, 7.5],
			"to": [10.5, 12, 8.5],
			"rotation": {"angle": 0, "axis": "y", "origin": [6.5, 10, 7.5]},
			"faces": {
				"north": {"uv": [5, 3, 10, 12], "texture": "#0"},
				"east": {"uv": [5, 3, 10, 12], "texture": "#0"},
				"south": {"uv": [5, 3, 10, 12], "texture": "#0"},
				"west": {"uv": [5, 3, 10, 12], "texture": "#0"},
				"up": {"uv": [5, 3, 10, 12], "texture": "#0"},
				"down": {"uv": [5, 3, 10, 12], "texture": "#0"}
			}
		},
		{
			"from": [7.5, 5, 7.5],
			"to": [10.5, 6, 8.5],
			"rotation": {"angle": 0, "axis": "y", "origin": [6.5, 10, 7.5]},
			"faces": {
				"north": {"uv": [5, 3, 10, 12], "texture": "#0"},
				"east": {"uv": [5, 3, 10, 12], "texture": "#0"},
				"south": {"uv": [5, 3, 10, 12], "texture": "#0"},
				"west": {"uv": [5, 3, 10, 12], "texture": "#0"},
				"up": {"uv": [5, 3, 10, 12], "texture": "#0"},
				"down": {"uv": [5, 3, 10, 12], "texture": "#0"}
			}
		}
	],
	"display": {
		"firstperson_righthand": {
			"translation": [0, 1.5, 0]
		},
		"firstperson_lefthand": {
			"translation": [0, 1.5, 0]
		},
		"gui": {
			"translation": [-1.5, -1.25, 0],
			"scale": [1.64258, 1.89063, 1]
		},
		"head": {
			"translation": [0, 8.75, 0]
		},
		"fixed": {
			"translation": [-1.5, -1.25, 0],
			"scale": [1.64258, 1.89063, 2.71094]
		}
	}
}