{
	"credit": "Made with Blockbench",
	"textures": {
		"0": "block/black_book",
		"particle": "block/black_book"
	},
	"elements": [
		{
			"from": [5, 0, 4],
			"to": [11, 1, 14],
			"faces": {
				"north": {"uv": [0.04688, 0, 15.65625, 4.0625], "texture": "#0"},
				"east": {"uv": [0.78125, 5.875, 16.04688, 9.9375], "texture": "#0"},
				"south": {"uv": [0.04688, 0, 16, 4.0625], "texture": "#0"},
				"west": {"uv": [0.42188, 0, 15.6875, 4.0625], "texture": "#0"},
				"up": {"uv": [0.54688, 4.51563, 7.34375, 16], "texture": "#0"},
				"down": {"uv": [0.54688, 4.51563, 7.34375, 16], "texture": "#0"}
			}
		}
	],
	"display": {
		"thirdperson_righthand": {
			"rotation": [33.25, 0, 0],
			"translation": [0, 6, 0],
			"scale": [0.67383, 0.77734, 0.62305]
		},
		"thirdperson_lefthand": {
			"rotation": [33.25, 0, 0],
			"translation": [0, 6, 0],
			"scale": [0.67383, 0.77734, 0.62305]
		},
		"firstperson_righthand": {
			"rotation": [52.25, 173.25, 0],
			"translation": [0, 2.25, 5]
		},
		"firstperson_lefthand": {
			"rotation": [52.25, 173.25, 0],
			"translation": [0, 2.25, 5]
		},
		"ground": {
			"translation": [0, 4.75, 0]
		},
		"gui": {
			"rotation": [-94.27, -1.17, -169.6],
			"translation": [1.5, -1, 0],
			"scale": [1.55469, 1, 1.42578]
		},
		"fixed": {
			"rotation": [-90, 0.5, 2.5],
			"translation": [-0.75, -1.75, -14.75],
			"scale": [1.61914, 2.00586, 1.56836]
		}
	}
}