{
	"credit": "Made with Blockbench",
	"textures": {
		"0": "item/ender_pearl",
		"particle": "item/ender_pearl"
	},
	"elements": [
		{
			"from": [0, 0, 8],
			"to": [16, 16, 8],
			"rotation": {"angle": 0, "axis": "y", "origin": [0, 0, 8]},
			"faces": {
				"north": {"uv": [0, 0, 16, 16], "texture": "#0"},
				"east": {"uv": [0, 0, 0.05, 16], "texture": "#0"},
				"south": {"uv": [0, 0, 16, 16], "texture": "#0"},
				"west": {"uv": [0, 0, 0.05, 16], "texture": "#0"},
				"up": {"uv": [0, 0, 16, 0.05], "texture": "#0"},
				"down": {"uv": [0, 0, 16, 0.05], "texture": "#0"}
			}
		},
		{
			"from": [0, 0, 7.95],
			"to": [16, 16, 7.95],
			"rotation": {"angle": 0, "axis": "y", "origin": [0, 0, 13.95]},
			"faces": {
				"north": {"uv": [0, 0, 16, 16], "texture": "#0"},
				"east": {"uv": [0, 0, 0.05, 16], "texture": "#0"},
				"south": {"uv": [0, 0, 16, 16], "texture": "#0"},
				"west": {"uv": [0, 0, 0.05, 16], "texture": "#0"},
				"up": {"uv": [0, 0, 16, 0.05], "texture": "#0"},
				"down": {"uv": [0, 0, 16, 0.05], "texture": "#0"}
			}
		},
		{
			"from": [0, 0, 7.95],
			"to": [16, 16, 7.95],
			"rotation": {"angle": 0, "axis": "y", "origin": [0, 0, 16.95]},
			"faces": {
				"north": {"uv": [0, 0, 16, 16], "texture": "#0"},
				"east": {"uv": [0, 0, 0.05, 16], "texture": "#0"},
				"south": {"uv": [0, 0, 16, 16], "texture": "#0"},
				"west": {"uv": [0, 0, 0.05, 16], "texture": "#0"},
				"up": {"uv": [0, 0, 16, 0.05], "texture": "#0"},
				"down": {"uv": [0, 0, 16, 0.05], "texture": "#0"}
			}
		},
		{
			"from": [0, 0, 7.9],
			"to": [16, 16, 7.9],
			"rotation": {"angle": 0, "axis": "y", "origin": [0, 0, 18.9]},
			"faces": {
				"north": {"uv": [0, 0, 16, 16], "texture": "#0"},
				"east": {"uv": [0, 0, 0.05, 16], "texture": "#0"},
				"south": {"uv": [0, 0, 16, 16], "texture": "#0"},
				"west": {"uv": [0, 0, 0.05, 16], "texture": "#0"},
				"up": {"uv": [0, 0, 16, 0.05], "texture": "#0"},
				"down": {"uv": [0, 0, 16, 0.05], "texture": "#0"}
			}
		},
		{
			"from": [0, 0, 7.85],
			"to": [16, 16, 7.85],
			"rotation": {"angle": 0, "axis": "y", "origin": [0, 0, 20.85]},
			"faces": {
				"north": {"uv": [0, 0, 16, 16], "texture": "#0"},
				"east": {"uv": [0, 0, 0.05, 16], "texture": "#0"},
				"south": {"uv": [0, 0, 16, 16], "texture": "#0"},
				"west": {"uv": [0, 0, 0.05, 16], "texture": "#0"},
				"up": {"uv": [0, 0, 16, 0.05], "texture": "#0"},
				"down": {"uv": [0, 0, 16, 0.05], "texture": "#0"}
			}
		},
		{
			"from": [0, 0, 7.8],
			"to": [16, 16, 7.8],
			"rotation": {"angle": 0, "axis": "y", "origin": [0, 0, 22.8]},
			"faces": {
				"north": {"uv": [0, 0, 16, 16], "texture": "#0"},
				"east": {"uv": [0, 0, 0.05, 16], "texture": "#0"},
				"south": {"uv": [0, 0, 16, 16], "texture": "#0"},
				"west": {"uv": [0, 0, 0.05, 16], "texture": "#0"},
				"up": {"uv": [0, 0, 16, 0.05], "texture": "#0"},
				"down": {"uv": [0, 0, 16, 0.05], "texture": "#0"}
			}
		},
		{
			"from": [0, 0, 7.65],
			"to": [16, 16, 7.65],
			"rotation": {"angle": 0, "axis": "y", "origin": [0, 0, 28.65]},
			"faces": {
				"north": {"uv": [0, 0, 16, 16], "texture": "#0"},
				"east": {"uv": [0, 0, 0.05, 16], "texture": "#0"},
				"south": {"uv": [0, 0, 16, 16], "texture": "#0"},
				"west": {"uv": [0, 0, 0.05, 16], "texture": "#0"},
				"up": {"uv": [0, 0, 16, 0.05], "texture": "#0"},
				"down": {"uv": [0, 0, 16, 0.05], "texture": "#0"}
			}
		},
		{
			"from": [0, 0, 7.5],
			"to": [16, 16, 7.5],
			"rotation": {"angle": 0, "axis": "y", "origin": [0, 0, 37.5]},
			"faces": {
				"north": {"uv": [0, 0, 16, 16], "texture": "#0"},
				"east": {"uv": [0, 0, 0.05, 16], "texture": "#0"},
				"south": {"uv": [0, 0, 16, 16], "texture": "#0"},
				"west": {"uv": [0, 0, 0.05, 16], "texture": "#0"},
				"up": {"uv": [0, 0, 16, 0.05], "texture": "#0"},
				"down": {"uv": [0, 0, 16, 0.05], "texture": "#0"}
			}
		},
		{
			"from": [0, 0, 7.45],
			"to": [16, 16, 7.45],
			"rotation": {"angle": 0, "axis": "y", "origin": [0, 0, 40.45]},
			"faces": {
				"north": {"uv": [0, 0, 16, 16], "texture": "#0"},
				"east": {"uv": [0, 0, 0.05, 16], "texture": "#0"},
				"south": {"uv": [0, 0, 16, 16], "texture": "#0"},
				"west": {"uv": [0, 0, 0.05, 16], "texture": "#0"},
				"up": {"uv": [0, 0, 16, 0.05], "texture": "#0"},
				"down": {"uv": [0, 0, 16, 0.05], "texture": "#0"}
			}
		},
		{
			"from": [0, 0, 7.4],
			"to": [16, 16, 7.4],
			"rotation": {"angle": 0, "axis": "y", "origin": [0, 0, 43.4]},
			"faces": {
				"north": {"uv": [0, 0, 16, 16], "texture": "#0"},
				"east": {"uv": [0, 0, 0.05, 16], "texture": "#0"},
				"south": {"uv": [0, 0, 16, 16], "texture": "#0"},
				"west": {"uv": [0, 0, 0.05, 16], "texture": "#0"},
				"up": {"uv": [0, 0, 16, 0.05], "texture": "#0"},
				"down": {"uv": [0, 0, 16, 0.05], "texture": "#0"}
			}
		},
		{
			"from": [0, 0, 7.35],
			"to": [16, 16, 7.35],
			"rotation": {"angle": 0, "axis": "y", "origin": [0, 0, 45.35]},
			"faces": {
				"north": {"uv": [0, 0, 16, 16], "texture": "#0"},
				"east": {"uv": [0, 0, 0.05, 16], "texture": "#0"},
				"south": {"uv": [0, 0, 16, 16], "texture": "#0"},
				"west": {"uv": [0, 0, 0.05, 16], "texture": "#0"},
				"up": {"uv": [0, 0, 16, 0.05], "texture": "#0"},
				"down": {"uv": [0, 0, 16, 0.05], "texture": "#0"}
			}
		},
		{
			"from": [0, 0, 7.6],
			"to": [16, 16, 7.6],
			"rotation": {"angle": 0, "axis": "y", "origin": [0, 0, 30.6]},
			"faces": {
				"north": {"uv": [0, 0, 16, 16], "texture": "#0"},
				"east": {"uv": [0, 0, 0.05, 16], "texture": "#0"},
				"south": {"uv": [0, 0, 16, 16], "texture": "#0"},
				"west": {"uv": [0, 0, 0.05, 16], "texture": "#0"},
				"up": {"uv": [0, 0, 16, 0.05], "texture": "#0"},
				"down": {"uv": [0, 0, 16, 0.05], "texture": "#0"}
			}
		},
		{
			"from": [0, 0, 7.7],
			"to": [16, 16, 7.7],
			"rotation": {"angle": 0, "axis": "y", "origin": [0, 0, 26.7]},
			"faces": {
				"north": {"uv": [0, 0, 16, 16], "texture": "#0"},
				"east": {"uv": [0, 0, 0.05, 16], "texture": "#0"},
				"south": {"uv": [0, 0, 16, 16], "texture": "#0"},
				"west": {"uv": [0, 0, 0.05, 16], "texture": "#0"},
				"up": {"uv": [0, 0, 16, 0.05], "texture": "#0"},
				"down": {"uv": [0, 0, 16, 0.05], "texture": "#0"}
			}
		},
		{
			"from": [0, 0, 7.75],
			"to": [16, 16, 7.75],
			"rotation": {"angle": 0, "axis": "y", "origin": [0, 0, 24.75]},
			"faces": {
				"north": {"uv": [0, 0, 16, 16], "texture": "#0"},
				"east": {"uv": [0, 0, 0.05, 16], "texture": "#0"},
				"south": {"uv": [0, 0, 16, 16], "texture": "#0"},
				"west": {"uv": [0, 0, 0.05, 16], "texture": "#0"},
				"up": {"uv": [0, 0, 16, 0.05], "texture": "#0"},
				"down": {"uv": [0, 0, 16, 0.05], "texture": "#0"}
			}
		},
		{
			"from": [0, 0, 7.55],
			"to": [16, 16, 7.55],
			"rotation": {"angle": 0, "axis": "y", "origin": [0, 0, 33.55]},
			"faces": {
				"north": {"uv": [0, 0, 16, 16], "texture": "#0"},
				"east": {"uv": [0, 0, 0.05, 16], "texture": "#0"},
				"south": {"uv": [0, 0, 16, 16], "texture": "#0"},
				"west": {"uv": [0, 0, 0.05, 16], "texture": "#0"},
				"up": {"uv": [0, 0, 16, 0.05], "texture": "#0"},
				"down": {"uv": [0, 0, 16, 0.05], "texture": "#0"}
			}
		}
	],
	"display": {
		"thirdperson_righthand": {
			"rotation": [-2.25, -92.25, -25.75],
			"translation": [1, 0.75, 0],
			"scale": [0.44727, 0.44531, 1]
		},
		"thirdperson_lefthand": {
			"rotation": [-2.25, -92.25, -25.75],
			"translation": [1, 0.75, 0],
			"scale": [0.44727, 0.44531, 1]
		},
		"firstperson_righthand": {
			"rotation": [-2.25, -92.25, -25.75],
			"translation": [1, 2.25, 0],
			"scale": [0.55274, 0.76367, 1]
		},
		"firstperson_lefthand": {
			"rotation": [-2.25, -92.25, -25.75],
			"translation": [1, 2.25, 0],
			"scale": [0.55274, 0.76367, 1]
		},
		"ground": {
			"rotation": [90.5, 0, 0],
			"translation": [0, -3.5, 0],
			"scale": [0.58594, 0.58203, 1]
		},
		"gui": {
			"rotation": [0, -173.5, 0],
			"scale": [1.34375, 1.28516, 1]
		},
		"head": {
			"rotation": [0, 0, 85.5],
			"translation": [0, 11, 0]
		},
		"fixed": {
			"translation": [-0.25, 0, -0.75],
			"scale": [1.21875, 1.20898, 1]
		}
	}
}