{
	"credit": "Made with Blockbench",
	"textures": {
		"0": "block/grass_gui",
		"particle": "block/grass_gui"
	},
	"elements": [
		{
			"from": [0, 0, 8],
			"to": [16, 16, 8],
			"rotation": {"angle": 0, "axis": "y", "origin": [0, 0, 8]},
			"faces": {
				"north": {"uv": [0, 0, 16, 16], "texture": "#0"},
				"east": {"uv": [0, 0, 0, 16], "texture": "#0"},
				"south": {"uv": [0, 0, 16, 16], "texture": "#0"},
				"west": {"uv": [0, 0, 0, 16], "texture": "#0"},
				"up": {"uv": [0, 0, 16, 0], "texture": "#0"},
				"down": {"uv": [0, 0, 16, 0], "texture": "#0"}
			}
		},
		{
			"from": [7.5, 0, 0],
			"to": [7.5, 16, 16],
			"rotation": {"angle": 0, "axis": "y", "origin": [0, 0, 8]},
			"faces": {
				"north": {"uv": [0, 0, 0, 16], "texture": "#0"},
				"east": {"uv": [0, 0, 16, 16], "texture": "#0"},
				"south": {"uv": [0, 0, 0, 16], "texture": "#0"},
				"west": {"uv": [0, 0, 16, 16], "texture": "#0"},
				"up": {"uv": [0, 0, 16, 0], "rotation": 270, "texture": "#0"},
				"down": {"uv": [0, 0, 16, 0], "rotation": 90, "texture": "#0"}
			}
		}
	],
	"display": {
		"thirdperson_righthand": {
			"translation": [0, 5.75, -0.5],
			"scale": [0.55273, 0.73242, 1]
		},
		"thirdperson_lefthand": {
			"translation": [0, 5.75, -0.5],
			"scale": [0.55273, 0.73242, 1]
		},
		"firstperson_righthand": {
			"translation": [1.5, 5.75, 1.5],
			"scale": [0.55273, 0.73242, 0.65625]
		},
		"firstperson_lefthand": {
			"translation": [1.5, 5.75, 1.5],
			"scale": [0.55273, 0.73242, 0.65625]
		},
		"ground": {
			"translation": [0.5, 5.75, 1],
			"scale": [0.84766, 1.14258, 0.97656]
		},
		"gui": {
			"translation": [0, 4.75, 0],
			"scale": [1, 1.625, 1]
		},
		"fixed": {
			"translation": [0, 5.25, -0.5]
		}
	}
}