{
	"credit": "Made with Blockbench",
	"parent": "block/block",
	"ambientocclusion": false,
	"textures": {
		"2": "block/dark_oak_log",
		"extra": "block/jungle_leaves2",
		"particle": "block/jungle_leaves",
		"all": "block/jungle_leaves"
	},
	"elements": [
		{
			"from": [7, 0, 6.1],
			"to": [9, 28, 8.1],
			"rotation": {"angle": 0, "axis": "y", "origin": [7, 0, 7]},
			"faces": {
				"north": {"uv": [0, 0, 3.84375, 16], "texture": "#2"},
				"east": {"uv": [0, 0, 3.84375, 16], "texture": "#2"},
				"south": {"uv": [0, 0, 3.84375, 16], "texture": "#2"},
				"west": {"uv": [0, 0, 3.84375, 16], "texture": "#2"},
				"up": {"uv": [0, 0, 3.84375, 16], "texture": "#2"},
				"down": {"uv": [0, 0, 3.84375, 16], "texture": "#2"}
			}
		},
		{
			"from": [1, 14, 0],
			"to": [17, 30, 16],
			"rotation": {"angle": 0, "axis": "y", "origin": [8, 29, 8]},
			"faces": {
				"north": {"uv": [0, 0, 16, 16], "texture": "#all", "cullface": "north", "tintindex": 0},
				"east": {"uv": [0, 0, 16, 16], "texture": "#all", "cullface": "east", "tintindex": 0},
				"south": {"uv": [16, 0, 0, 16], "texture": "#all", "cullface": "south", "tintindex": 0},
				"west": {"uv": [16, 0, 0, 16], "texture": "#all", "cullface": "west", "tintindex": 0},
				"up": {"uv": [0, 0, 16, 16], "texture": "#all", "cullface": "up", "tintindex": 0}
			}
		},
		{
			"from": [1, 14, 1],
			"to": [14, 29, 14],
			"rotation": {"angle": 0, "axis": "y", "origin": [7, 26, 9]},
			"faces": {
				"north": {"uv": [0, 0, 16, 16], "texture": "#all", "cullface": "north", "tintindex": 0},
				"east": {"uv": [0, 0, 16, 16], "texture": "#all", "cullface": "east", "tintindex": 0},
				"south": {"uv": [16, 0, 0, 16], "texture": "#all", "cullface": "south", "tintindex": 0},
				"west": {"uv": [16, 0, 0, 16], "texture": "#all", "cullface": "west", "tintindex": 0},
				"up": {"uv": [0, 0, 16, 16], "texture": "#all", "cullface": "up", "tintindex": 0}
			}
		},
		{
			"from": [0, 13, 0],
			"to": [16, 29, 16],
			"rotation": {"angle": -22.5, "axis": "x", "origin": [8, 25, 8]},
			"faces": {
				"north": {"uv": [0, 0, 16, 16], "texture": "#all", "cullface": "north", "tintindex": 0},
				"east": {"uv": [0, 0, 16, 16], "texture": "#all", "cullface": "east", "tintindex": 0},
				"south": {"uv": [16, 0, 0, 16], "texture": "#all", "cullface": "south", "tintindex": 0},
				"west": {"uv": [16, 0, 0, 16], "texture": "#all", "cullface": "west", "tintindex": 0},
				"up": {"uv": [0, 0, 16, 16], "texture": "#all", "cullface": "up", "tintindex": 0}
			}
		},
		{
			"from": [7, 20, -6],
			"to": [7, 29, 18],
			"shade": false,
			"rotation": {"angle": -45, "axis": "y", "origin": [7, 25, 8]},
			"faces": {
				"east": {"uv": [16, 0, 0, 16], "texture": "#extra", "tintindex": 0},
				"west": {"uv": [0, 0, 16, 16], "texture": "#extra", "tintindex": 0}
			}
		},
		{
			"from": [-14, 8, 7],
			"to": [18, 31, 7],
			"shade": false,
			"rotation": {"angle": 45, "axis": "z", "origin": [9, 34, 8]},
			"faces": {
				"north": {"uv": [0, 0, 16, 16], "texture": "#extra", "tintindex": 0},
				"south": {"uv": [16, 0, 0, 16], "texture": "#extra", "tintindex": 0}
			}
		},
		{
			"from": [-14, 8, 7],
			"to": [18, 32, 7],
			"shade": false,
			"rotation": {"angle": 45, "axis": "z", "origin": [9, 34, 8]},
			"faces": {
				"north": {"uv": [0, 0, 16, 16], "texture": "#extra", "tintindex": 0},
				"south": {"uv": [16, 0, 0, 16], "texture": "#extra", "tintindex": 0}
			}
		},
		{
			"from": [-4, 5, 7],
			"to": [28, 31, 7],
			"shade": false,
			"rotation": {"angle": -45, "axis": "x", "origin": [9, 34, 8]},
			"faces": {
				"north": {"uv": [0, 0, 16, 16], "texture": "#extra", "tintindex": 0},
				"south": {"uv": [16, 0, 0, 16], "texture": "#extra", "tintindex": 0}
			}
		},
		{
			"from": [-2, 22, 6],
			"to": [10, 32, 6],
			"shade": false,
			"rotation": {"angle": 45, "axis": "z", "origin": [9, 31, 7]},
			"faces": {
				"north": {"uv": [0, 0, 16, 16], "texture": "#extra", "tintindex": 0},
				"south": {"uv": [16, 0, 0, 16], "texture": "#extra", "tintindex": 0}
			}
		},
		{
			"from": [-4, 5, 7],
			"to": [28, 32, 7],
			"shade": false,
			"rotation": {"angle": 45, "axis": "y", "origin": [9, 34, 8]},
			"faces": {
				"north": {"uv": [0, 0, 16, 16], "texture": "#extra", "tintindex": 0},
				"south": {"uv": [16, 0, 0, 16], "texture": "#extra", "tintindex": 0}
			}
		},
		{
			"from": [-12, 13, -2],
			"to": [20, 32, -2],
			"shade": false,
			"rotation": {"angle": -45, "axis": "x", "origin": [9, 34, 8]},
			"faces": {
				"north": {"uv": [0, 0, 16, 16], "texture": "#extra", "tintindex": 0},
				"south": {"uv": [16, 0, 0, 16], "texture": "#extra", "tintindex": 0}
			}
		},
		{
			"from": [-4, 14, -4],
			"to": [11, 32, -4],
			"shade": false,
			"rotation": {"angle": -45, "axis": "x", "origin": [9, 34, 8]},
			"faces": {
				"north": {"uv": [0, 0, 16, 16], "texture": "#extra", "tintindex": 0},
				"south": {"uv": [16, 0, 0, 16], "texture": "#extra", "tintindex": 0}
			}
		},
		{
			"from": [-8, 12, 7],
			"to": [24, 32, 7],
			"shade": false,
			"rotation": {"angle": -45, "axis": "y", "origin": [9, 34, 8]},
			"faces": {
				"north": {"uv": [0, 0, 16, 16], "texture": "#extra", "tintindex": 0},
				"south": {"uv": [16, 0, 0, 16], "texture": "#extra", "tintindex": 0}
			}
		}
	],
	"display": {
		"thirdperson_righthand": {
			"scale": [0.17773, 0.18359, 0.29297]
		},
		"thirdperson_lefthand": {
			"scale": [0.17773, 0.22266, 0.29297]
		},
		"firstperson_righthand": {
			"scale": [0.17773, 0.22266, 0.29297]
		},
		"firstperson_lefthand": {
			"scale": [0.17773, 0.22266, 0.29297]
		},
		"ground": {
			"scale": [0.17773, 0.22266, 0.29297]
		},
		"gui": {
			"translation": [0, -6, 0],
			"scale": [0.41797, 0.35352, 0.29297]
		},
		"fixed": {
			"rotation": [-89.5, 0, 0],
			"translation": [0.25, 2, -16.5],
			"scale": [2.06641, 2.16016, 2.47852]
		}
	},
	"groups": [
		0,
		{
			"name": "jungle_leaves",
			"origin": [8, 8, 8],
			"color": 0,
			"children": [1, 2, 3, 4, 5, 6, 7, 8, 9, 10, 11, 12]
		}
	]
}