{
	"credit": "Made with Blockbench",
	"textures": {
		"0": "item/netherite_pickaxe_base",
		"1": "item/pickaxe_netherite",
		"2": "item/wool_pickaxe",
		"3": "item/pickaxe_netherite2",
		"particle": "item/netherite_pickaxe_base"
	},
	"elements": [
		{
			"from": [7.5, 0, 7.5],
			"to": [8.6, 14, 8.5],
			"rotation": {"angle": 0, "axis": "y", "origin": [7.5, -2, 7.5]},
			"faces": {
				"north": {"uv": [0.8125, 0.375, 6.0375, 16], "texture": "#0"},
				"east": {"uv": [0.8125, 0.375, 6.0375, 16], "texture": "#0"},
				"south": {"uv": [0.8125, 0.375, 6.0375, 16], "texture": "#0"},
				"west": {"uv": [0.8125, 0.375, 6.0375, 16], "texture": "#0"},
				"up": {"uv": [0.8125, 0.375, 6.0375, 16], "texture": "#0"},
				"down": {"uv": [0.8125, 0.375, 6.0375, 16], "texture": "#0"}
			}
		},
		{
			"from": [5.75, 10.34, 7.75],
			"to": [11.25, 12.75, 8.25],
			"rotation": {"angle": -22.5, "axis": "z", "origin": [7.75, 5.75, 7.75]},
			"faces": {
				"north": {"uv": [0, 0.8125, 16, 7.96875], "texture": "#3"},
				"east": {"uv": [0, 1.96875, 16, 6], "texture": "#3"},
				"south": {"uv": [0, 9.21875, 16, 15.9375], "texture": "#3"},
				"west": {"uv": [0, 1.96875, 16, 6], "texture": "#3"},
				"up": {"uv": [0, 11.96875, 16, 16], "texture": "#1"},
				"down": {"uv": [0, 11.96875, 16, 16], "texture": "#1"}
			}
		},
		{
			"from": [13.47, 6.52, 7.74],
			"to": [15.18, 8.22, 8.26],
			"rotation": {"angle": 22.5, "axis": "z", "origin": [7.75, 5.75, 7.75]},
			"faces": {
				"north": {"uv": [9.75, 10.96875, 13.375, 14.0625], "texture": "#1"},
				"east": {"uv": [9.75, 10.96875, 13.375, 14.0625], "texture": "#1"},
				"south": {"uv": [9.75, 10.96875, 13.375, 14.0625], "texture": "#1"},
				"west": {"uv": [9.75, 10.96875, 13.375, 14.0625], "texture": "#1"},
				"up": {"uv": [9.75, 10.96875, 13.375, 14.0625], "texture": "#1"},
				"down": {"uv": [9.75, 10.96875, 13.375, 14.0625], "texture": "#1"}
			}
		},
		{
			"from": [-0.05, 9.5, 7.75],
			"to": [5.45, 11.91, 8.25],
			"rotation": {"angle": 22.5, "axis": "z", "origin": [3.75, 17.75, 7.75]},
			"faces": {
				"north": {"uv": [0, 9.21875, 16, 15.9375], "texture": "#3"},
				"east": {"uv": [0, 2.5, 10.71875, 6.785], "texture": "#1"},
				"south": {"uv": [0, 0.8125, 16, 7.96875], "texture": "#3"},
				"west": {"uv": [0, 2.5, 10.71875, 6.785], "texture": "#1"},
				"up": {"uv": [0, 2.5, 10.71875, 6.785], "texture": "#1"},
				"down": {"uv": [0, 2.5, 10.71875, 6.785], "texture": "#1"}
			}
		},
		{
			"from": [5.19, 9.2, 7.74],
			"to": [6.89, 10.92, 8.26],
			"rotation": {"angle": -22.5, "axis": "z", "origin": [3.75, 17.75, 7.75]},
			"faces": {
				"north": {"uv": [9.875, 8.65625, 14.53125, 12.96875], "texture": "#1"},
				"east": {"uv": [4.90625, 3.625, 9.5625, 7.9375], "texture": "#1"},
				"south": {"uv": [4.90625, 3.625, 9.5625, 7.9375], "texture": "#1"},
				"west": {"uv": [4.90625, 3.625, 9.5625, 7.9375], "texture": "#1"},
				"up": {"uv": [4.90625, 3.625, 9.5625, 7.9375], "texture": "#1"},
				"down": {"uv": [4.90625, 3.625, 9.5625, 7.9375], "texture": "#1"}
			}
		},
		{
			"from": [3.25, 10.5, 7.4],
			"to": [3.75, 11, 8.6],
			"rotation": {"angle": -45, "axis": "z", "origin": [7.64645, 6, 7.5]},
			"faces": {
				"north": {"uv": [10.4375, 0.21875, 15.71875, 5.84375], "texture": "#0"},
				"east": {"uv": [10.4375, 0.21875, 15.71875, 5.84375], "texture": "#0"},
				"south": {"uv": [10.4375, 0.21875, 15.71875, 5.84375], "texture": "#0"},
				"west": {"uv": [10.4375, 0.21875, 15.71875, 5.84375], "texture": "#0"},
				"up": {"uv": [10.4375, 0.21875, 15.71875, 5.84375], "texture": "#0"},
				"down": {"uv": [10.4375, 0.21875, 15.71875, 5.84375], "texture": "#0"}
			}
		},
		{
			"from": [7.4, 2, 7.35],
			"to": [8.7, 6.3, 8.65],
			"rotation": {"angle": 0, "axis": "y", "origin": [7.35, 3.35, 7.35]},
			"faces": {
				"north": {"uv": [0, 0, 5.675, 16], "texture": "#2"},
				"east": {"uv": [0, 0, 5.675, 16], "texture": "#2"},
				"south": {"uv": [0, 0, 5.675, 16], "texture": "#2"},
				"west": {"uv": [0, 0, 5.675, 16], "texture": "#2"},
				"up": {"uv": [0, 0, 5.675, 16], "texture": "#2"},
				"down": {"uv": [0, 0, 5.675, 16], "texture": "#2"}
			}
		}
	],
	"display": {
		"thirdperson_righthand": {
			"rotation": [-128.2, -87.28, -131.39],
			"translation": [1, 1.75, 0.25]
		},
		"thirdperson_lefthand": {
			"rotation": [-128.2, -87.28, -131.39],
			"translation": [1, 1.75, 0.25]
		},
		"firstperson_righthand": {
			"rotation": [-10.36, -79.55, -13.53],
			"translation": [3.5, 6.75, -0.25],
			"scale": [1.27734, 1.37695, 1.33203]
		},
		"firstperson_lefthand": {
			"rotation": [-10.36, -79.55, -13.53],
			"translation": [3.5, 6.75, -0.25],
			"scale": [1.27734, 1.37695, 1.33203]
		},
		"ground": {
			"rotation": [-88.39, 0.67, 12.2],
			"translation": [0, -1.5, 0],
			"scale": [0.82031, 0.88086, 0.5332]
		},
		"gui": {
			"rotation": [0, 0, 44.25],
			"translation": [0, 0, -1.25],
			"scale": [1.27734, 1.30859, 2.72461]
		},
		"fixed": {
			"rotation": [0, 0, 44.25],
			"translation": [0, 0, -1.25],
			"scale": [3.0625, 2.63086, 3.09766]
		}
	}
}