{
	"credit": "Made with Blockbench",
	"textures": {
		"0": "item/netherite_axe",
		"3": "item/netherite_axe2",
		"4": "item/wood_designed_netherite",
		"particle": "item/netherite_axe"
	},
	"elements": [
		{
			"from": [-0.21, 0.15, 8],
			"to": [11.79, 1.15, 9],
			"faces": {
				"north": {"uv": [0.14063, 7.90625, 16, 10.125], "texture": "#4"},
				"east": {"uv": [0.14063, 1.75, 16, 3.96875], "texture": "#4"},
				"south": {"uv": [0.14063, 7.90625, 16, 10.125], "texture": "#4"},
				"west": {"uv": [0.14063, 10.1875, 16, 12.40625], "texture": "#4"},
				"up": {"uv": [0.14063, 1.75, 16, 3.96875], "texture": "#4"},
				"down": {"uv": [0.14063, 1.75, 16, 3.96875], "texture": "#4"}
			}
		},
		{
			"from": [11.5, 0, 7.8],
			"to": [13.5, 1.3, 9.2],
			"rotation": {"angle": 0, "axis": "y", "origin": [1, 0, 0]},
			"faces": {
				"north": {"uv": [6.65625, 6.75625, 9.53125, 8.9375], "texture": "#3"},
				"east": {"uv": [6.65625, 6.75625, 9.53125, 8.9375], "texture": "#3"},
				"south": {"uv": [6.65625, 6.75625, 9.53125, 8.9375], "texture": "#3"},
				"west": {"uv": [6.65625, 6.75625, 9.53125, 8.9375], "texture": "#3"},
				"up": {"uv": [6.65625, 6.75625, 9.53125, 8.9375], "texture": "#3"},
				"down": {"uv": [6.65625, 6.75625, 9.53125, 8.9375], "texture": "#3"}
			}
		},
		{
			"from": [11.8, 0.5, 4.8],
			"to": [12.3, 1, 8.51],
			"faces": {
				"north": {"uv": [0, 0, 2.75, 2.76563], "rotation": 270, "texture": "#0"},
				"east": {"uv": [0, 0, 2.75, 2.76563], "rotation": 270, "texture": "#0"},
				"south": {"uv": [0, 0, 2.75, 2.76563], "rotation": 270, "texture": "#0"},
				"west": {"uv": [0, 0, 2.75, 2.76563], "rotation": 270, "texture": "#0"},
				"up": {"uv": [0, 4.01563, 7.00001, 4.64063], "rotation": 270, "texture": "#0"},
				"down": {"uv": [0, 0, 2.75, 2.76563], "rotation": 270, "texture": "#0"}
			}
		},
		{
			"from": [11.8, 0.5, 8.51],
			"to": [12.3, 1, 9.51],
			"faces": {
				"north": {"uv": [0, 13.23437, 2.75, 16], "rotation": 270, "texture": "#3"},
				"east": {"uv": [0, 13.23437, 2.75, 16], "rotation": 270, "texture": "#3"},
				"south": {"uv": [0, 13.23437, 2.75, 16], "rotation": 270, "texture": "#3"},
				"west": {"uv": [0, 13.23437, 2.75, 16], "rotation": 270, "texture": "#3"},
				"up": {"uv": [0, 13.23437, 2.75, 16], "rotation": 270, "texture": "#0"},
				"down": {"uv": [0, 13.23437, 2.75, 16], "rotation": 270, "texture": "#3"}
			}
		},
		{
			"from": [11.3, 0.65, 4.8],
			"to": [11.8, 0.75, 8.9],
			"faces": {
				"north": {"uv": [0, 13.125, 3.25, 16], "rotation": 270, "texture": "#3"},
				"east": {"uv": [0, 13.125, 3.25, 16], "rotation": 270, "texture": "#3"},
				"south": {"uv": [0, 13.125, 3.25, 16], "rotation": 270, "texture": "#3"},
				"west": {"uv": [0, 13.125, 3.25, 16], "rotation": 270, "texture": "#3"},
				"up": {"uv": [0, 13.125, 3.25, 16], "rotation": 270, "texture": "#3"},
				"down": {"uv": [0, 13.125, 3.25, 16], "rotation": 270, "texture": "#3"}
			}
		},
		{
			"from": [13, 0.651, 4.8],
			"to": [13.7, 0.751, 8.9],
			"faces": {
				"north": {"uv": [0, 13.125, 3.25, 16], "rotation": 270, "texture": "#3"},
				"east": {"uv": [0, 13.125, 3.25, 16], "rotation": 270, "texture": "#3"},
				"south": {"uv": [0, 13.125, 3.25, 16], "rotation": 270, "texture": "#3"},
				"west": {"uv": [0, 13.125, 3.25, 16], "rotation": 270, "texture": "#3"},
				"up": {"uv": [0, 13.125, 3.25, 16], "rotation": 270, "texture": "#3"},
				"down": {"uv": [0, 13.125, 3.25, 16], "rotation": 270, "texture": "#3"}
			}
		},
		{
			"from": [3.39, 0.498, 11.72],
			"to": [4.758, 0.998, 13.72],
			"rotation": {"angle": 45, "axis": "y", "origin": [0, 0, 0]},
			"faces": {
				"north": {"uv": [0, 0, 2.75, 2.76563], "rotation": 270, "texture": "#0"},
				"east": {"uv": [0, 0, 2.75, 2.76563], "rotation": 270, "texture": "#0"},
				"south": {"uv": [0, 0, 2.75, 2.76563], "rotation": 270, "texture": "#0"},
				"west": {"uv": [0, 0, 2.75, 2.76563], "rotation": 270, "texture": "#0"},
				"up": {"uv": [0.79688, 3.40625, 5.6875, 5.60939], "rotation": 270, "texture": "#0"},
				"down": {"uv": [0, 0, 2.75, 2.76563], "rotation": 270, "texture": "#0"}
			}
		},
		{
			"from": [3, 0.649, 11.72],
			"to": [4.368, 0.749, 13.72],
			"rotation": {"angle": 45, "axis": "y", "origin": [0, 0, 0]},
			"faces": {
				"north": {"uv": [0, 13.125, 3.25, 16], "rotation": 270, "texture": "#3"},
				"east": {"uv": [0, 13.125, 3.25, 16], "rotation": 270, "texture": "#3"},
				"south": {"uv": [0, 13.125, 3.25, 16], "rotation": 270, "texture": "#3"},
				"west": {"uv": [0, 13.125, 3.25, 16], "rotation": 270, "texture": "#3"},
				"up": {"uv": [0, 13.125, 3.25, 16], "rotation": 270, "texture": "#3"},
				"down": {"uv": [0, 13.125, 3.25, 16], "rotation": 270, "texture": "#3"}
			}
		},
		{
			"from": [8.39, 0.4998, 8.72],
			"to": [9.758, 0.9998, 9.98],
			"rotation": {"angle": 22.5, "axis": "y", "origin": [0, 0, 0]},
			"faces": {
				"north": {"uv": [0, 0, 2.75, 2.76563], "rotation": 270, "texture": "#0"},
				"east": {"uv": [0, 0, 2.75, 2.76563], "rotation": 270, "texture": "#0"},
				"south": {"uv": [0, 0, 2.75, 2.76563], "rotation": 270, "texture": "#0"},
				"west": {"uv": [0, 0, 2.75, 2.76563], "rotation": 270, "texture": "#0"},
				"up": {"uv": [3.03125, 0.90625, 5.84375, 4.53126], "rotation": 270, "texture": "#0"},
				"down": {"uv": [0, 0, 2.75, 2.76563], "rotation": 270, "texture": "#0"}
			}
		},
		{
			"from": [6.8, 0.5001, 8.357],
			"to": [8.75, 1.0001, 9.725],
			"rotation": {"angle": 22.5, "axis": "y", "origin": [0, 0, 0]},
			"faces": {
				"north": {"uv": [0, 0, 2.75, 2.76563], "rotation": 270, "texture": "#0"},
				"east": {"uv": [0, 0, 2.75, 2.76563], "rotation": 270, "texture": "#0"},
				"south": {"uv": [0, 0, 2.75, 2.76563], "rotation": 270, "texture": "#0"},
				"west": {"uv": [0, 0, 2.75, 2.76563], "rotation": 270, "texture": "#0"},
				"up": {"uv": [3.5, 0.85938, 5.59375, 6.17188], "rotation": 270, "texture": "#0"},
				"down": {"uv": [0, 0, 2.75, 2.76563], "rotation": 270, "texture": "#0"}
			}
		},
		{
			"from": [6.8, 0.65, 8.75],
			"to": [8.75, 0.75, 10.118],
			"rotation": {"angle": 22.5, "axis": "y", "origin": [0, 0, 0]},
			"faces": {
				"north": {"uv": [0, 13.125, 3.25, 16], "rotation": 270, "texture": "#3"},
				"east": {"uv": [0, 13.125, 3.25, 16], "rotation": 270, "texture": "#3"},
				"south": {"uv": [0, 13.125, 3.25, 16], "rotation": 270, "texture": "#3"},
				"west": {"uv": [0, 13.125, 3.25, 16], "rotation": 270, "texture": "#3"},
				"up": {"uv": [0, 13.125, 3.25, 16], "rotation": 270, "texture": "#3"},
				"down": {"uv": [0, 13.125, 3.25, 16], "rotation": 270, "texture": "#3"}
			}
		},
		{
			"from": [12.24, 0.5003, 3.75],
			"to": [13.19, 1.0003, 8.5],
			"faces": {
				"north": {"uv": [0, 0, 2.75, 2.76563], "rotation": 270, "texture": "#0"},
				"east": {"uv": [0, 0, 2.75, 2.76563], "rotation": 270, "texture": "#0"},
				"south": {"uv": [0, 0, 2.75, 2.76563], "rotation": 270, "texture": "#0"},
				"west": {"uv": [0, 0, 2.75, 2.76563], "rotation": 270, "texture": "#0"},
				"up": {"uv": [0, 0, 5.23438, 1.23438], "rotation": 270, "texture": "#0"},
				"down": {"uv": [0, 0, 2.75, 2.76563], "rotation": 270, "texture": "#0"}
			}
		},
		{
			"from": [12.24, 0.5001, 8.75],
			"to": [13.19, 1.0001, 9.5],
			"faces": {
				"north": {"uv": [0, 13.23437, 2.75, 16], "rotation": 270, "texture": "#3"},
				"east": {"uv": [0, 13.23437, 2.75, 16], "rotation": 270, "texture": "#3"},
				"south": {"uv": [0, 13.23437, 2.75, 16], "rotation": 270, "texture": "#3"},
				"west": {"uv": [0, 13.23437, 2.75, 16], "rotation": 270, "texture": "#3"},
				"up": {"uv": [3.96875, 8.54687, 6.71875, 11.3125], "rotation": 270, "texture": "#0"},
				"down": {"uv": [0, 13.23437, 2.75, 16], "rotation": 270, "texture": "#3"}
			}
		},
		{
			"from": [15.07, 0.499, -2.62],
			"to": [16.04, 0.999, -1.62],
			"rotation": {"angle": -45, "axis": "y", "origin": [0, 0, 0]},
			"faces": {
				"north": {"uv": [0, 13.23437, 2.75, 16], "rotation": 270, "texture": "#3"},
				"east": {"uv": [0, 13.23437, 2.75, 16], "rotation": 270, "texture": "#3"},
				"south": {"uv": [0, 13.23437, 2.75, 16], "rotation": 270, "texture": "#3"},
				"west": {"uv": [0, 13.23437, 2.75, 16], "rotation": 270, "texture": "#3"},
				"up": {"uv": [2.60938, 10.53125, 5.35938, 13.29688], "rotation": 270, "texture": "#0"},
				"down": {"uv": [0, 13.23437, 2.75, 16], "rotation": 270, "texture": "#3"}
			}
		},
		{
			"from": [1.8, 0.498, 10.22],
			"to": [4.75, 0.998, 11.588],
			"rotation": {"angle": 45, "axis": "y", "origin": [0, 0, 0]},
			"faces": {
				"north": {"uv": [0, 0, 2.75, 2.76563], "rotation": 270, "texture": "#0"},
				"east": {"uv": [0, 0, 2.75, 2.76563], "rotation": 270, "texture": "#0"},
				"south": {"uv": [0, 0, 2.75, 2.76563], "rotation": 270, "texture": "#0"},
				"west": {"uv": [0, 0, 2.75, 2.76563], "rotation": 270, "texture": "#0"},
				"up": {"uv": [0.07813, 4.76562, 4.39063, 9.98438], "rotation": 270, "texture": "#0"},
				"down": {"uv": [0, 0, 2.75, 2.76563], "rotation": 270, "texture": "#0"}
			}
		},
		{
			"from": [1.42, 0.649, 9.85],
			"to": [4.92, 0.749, 11.95],
			"rotation": {"angle": 45, "axis": "y", "origin": [0, 0, 0]},
			"faces": {
				"north": {"uv": [0, 13.125, 3.25, 16], "rotation": 270, "texture": "#3"},
				"east": {"uv": [0, 13.125, 3.25, 16], "rotation": 270, "texture": "#3"},
				"south": {"uv": [0, 13.125, 3.25, 16], "rotation": 270, "texture": "#3"},
				"west": {"uv": [0, 13.125, 3.25, 16], "rotation": 270, "texture": "#3"},
				"up": {"uv": [0, 13.125, 3.25, 16], "rotation": 270, "texture": "#3"},
				"down": {"uv": [0, 13.125, 3.25, 16], "rotation": 270, "texture": "#3"}
			}
		},
		{
			"from": [8.3, 0.499, 7.62],
			"to": [9.8, 0.999, 8.988],
			"rotation": {"angle": 22.5, "axis": "y", "origin": [0, 0, 0]},
			"faces": {
				"north": {"uv": [0, 0, 2.75, 2.76563], "rotation": 270, "texture": "#0"},
				"east": {"uv": [0, 0, 2.75, 2.76563], "rotation": 270, "texture": "#0"},
				"south": {"uv": [0, 0, 2.75, 2.76563], "rotation": 270, "texture": "#0"},
				"west": {"uv": [0, 0, 2.75, 2.76563], "rotation": 270, "texture": "#0"},
				"up": {"uv": [0, 10.29687, 3.5625, 6.29688], "rotation": 270, "texture": "#0"},
				"down": {"uv": [0, 0, 2.75, 2.76563], "rotation": 270, "texture": "#0"}
			}
		},
		{
			"from": [8.3, 0.65, 7.22],
			"to": [9.98, 0.75, 8.588],
			"rotation": {"angle": 22.5, "axis": "y", "origin": [0, 0, 0]},
			"faces": {
				"north": {"uv": [0, 13.125, 3.25, 16], "rotation": 270, "texture": "#3"},
				"east": {"uv": [0, 13.125, 3.25, 16], "rotation": 270, "texture": "#3"},
				"south": {"uv": [0, 13.125, 3.25, 16], "rotation": 270, "texture": "#3"},
				"west": {"uv": [0, 13.125, 3.25, 16], "rotation": 270, "texture": "#3"},
				"up": {"uv": [0, 13.125, 3.25, 9.84375], "rotation": 270, "texture": "#3"},
				"down": {"uv": [0, 13.125, 3.25, 16], "rotation": 270, "texture": "#3"}
			}
		},
		{
			"from": [11.98, 0.5, 3.3],
			"to": [14.08, 1, 4.668],
			"faces": {
				"north": {"uv": [0, 0, 2.75, 2.76563], "rotation": 270, "texture": "#0"},
				"east": {"uv": [0, 0, 2.75, 2.76563], "rotation": 270, "texture": "#0"},
				"south": {"uv": [0, 0, 2.75, 2.76563], "rotation": 270, "texture": "#0"},
				"west": {"uv": [0, 0, 2.75, 2.76563], "rotation": 270, "texture": "#0"},
				"up": {"uv": [0, 7.51562, 3.5625, 11.17188], "rotation": 270, "texture": "#0"},
				"down": {"uv": [0, 0, 2.75, 2.76563], "rotation": 270, "texture": "#0"}
			}
		},
		{
			"from": [11.98, 0.649, 2.85],
			"to": [14.08, 0.749, 4.218],
			"faces": {
				"north": {"uv": [0, 13.125, 3.25, 16], "rotation": 270, "texture": "#3"},
				"east": {"uv": [0, 13.125, 3.25, 16], "rotation": 270, "texture": "#3"},
				"south": {"uv": [0, 13.125, 3.25, 16], "rotation": 270, "texture": "#3"},
				"west": {"uv": [0, 13.125, 3.25, 16], "rotation": 270, "texture": "#3"},
				"up": {"uv": [0, 11.4375, 3.25, 9.84375], "rotation": 270, "texture": "#3"},
				"down": {"uv": [0, 13.125, 3.25, 16], "rotation": 270, "texture": "#3"}
			}
		},
		{
			"from": [12.3, 0.501, -7.63],
			"to": [13.668, 1.001, -4.63],
			"rotation": {"angle": -45, "axis": "y", "origin": [0, 0, 0]},
			"faces": {
				"north": {"uv": [0, 0, 2.75, 2.76563], "rotation": 270, "texture": "#0"},
				"east": {"uv": [0, 0, 2.75, 2.76563], "rotation": 270, "texture": "#0"},
				"south": {"uv": [0, 0, 2.75, 2.76563], "rotation": 270, "texture": "#0"},
				"west": {"uv": [0, 0, 2.75, 2.76563], "rotation": 270, "texture": "#0"},
				"up": {"uv": [0.51563, 9.03124, 8.01563, 11.70313], "rotation": 270, "texture": "#0"},
				"down": {"uv": [0, 0, 2.75, 2.76563], "rotation": 270, "texture": "#0"}
			}
		},
		{
			"from": [11.97, 0.652, -7.938],
			"to": [14.07, 0.752, -4.938],
			"rotation": {"angle": -45, "axis": "y", "origin": [0, 0, 0]},
			"faces": {
				"north": {"uv": [0, 13.125, 3.25, 16], "rotation": 270, "texture": "#3"},
				"east": {"uv": [0, 13.125, 3.25, 16], "rotation": 270, "texture": "#3"},
				"south": {"uv": [0, 13.125, 3.25, 16], "rotation": 270, "texture": "#3"},
				"west": {"uv": [0, 13.125, 3.25, 16], "rotation": 270, "texture": "#3"},
				"up": {"uv": [12.75, 10.15625, 16, 13.03125], "rotation": 270, "texture": "#3"},
				"down": {"uv": [0, 13.125, 3.25, 16], "rotation": 270, "texture": "#3"}
			}
		},
		{
			"from": [15.35, 0.001, -3.3],
			"to": [16.32, 1.291, -2.3],
			"rotation": {"angle": -45, "axis": "y", "origin": [1, 0, 0]},
			"faces": {
				"north": {"uv": [5.48438, 10.57813, 7.48438, 11.97813], "texture": "#4"},
				"east": {"uv": [5.48438, 10.57813, 7.48438, 11.97813], "texture": "#4"},
				"south": {"uv": [5.48438, 10.57813, 7.48438, 11.97813], "texture": "#4"},
				"west": {"uv": [5.48438, 10.57813, 7.48438, 11.97813], "texture": "#4"},
				"up": {"uv": [5.48438, 10.57813, 7.48438, 11.97813], "texture": "#4"},
				"down": {"uv": [5.48438, 10.57813, 7.48438, 11.97813], "texture": "#4"}
			}
		}
	],
	"display": {
		"thirdperson_righthand": {
			"rotation": [2.5, 0, 89],
			"translation": [-6.75, 3.75, 0]
		},
		"thirdperson_lefthand": {
			"rotation": [2.5, 0, -449.25],
			"translation": [7.5, 3.75, 0]
		},
		"firstperson_righthand": {
			"rotation": [9.75, 13.25, 89],
			"translation": [-13, 5, 3.5],
			"scale": [1.49414, 2.58398, 1.34961]
		},
		"firstperson_lefthand": {
			"rotation": [-6.75, 31.06, -89.66],
			"translation": [20.75, 5.25, -10.75],
			"scale": [1.49414, 1.92578, 1.34961]
		},
		"ground": {
			"translation": [0, 7.5, 0],
			"scale": [1, 1.35352, 1]
		},
		"gui": {
			"rotation": [95, 128, 1.25],
			"translation": [1.25, -0.25, 0],
			"scale": [1.43945, 1, 1.36719]
		},
		"head": {
			"translation": [0, 15, 0]
		},
		"fixed": {
			"rotation": [-85.82, 48.13, 176.4],
			"translation": [0, 1, 14.75],
			"scale": [1.74805, 2.25195, 1.61133]
		}
	}
}