{
	"credit": "Made with Blockbench",
	"textures": {
		"0": "block/painting_base",
		"particle": "block/painting_base"
	},
	"elements": [
		{
			"from": [7, 2, 5],
			"to": [7.2, 6.2, 5.2],
			"rotation": {"angle": 22.5, "axis": "x", "origin": [0, 0, 0]},
			"faces": {
				"north": {"uv": [1.1875, 2.34375, 2.93437, 8.30937], "texture": "#0"},
				"east": {"uv": [1.1875, 2.34375, 2.93437, 8.30937], "texture": "#0"},
				"south": {"uv": [1.1875, 2.34375, 2.93437, 8.30937], "texture": "#0"},
				"west": {"uv": [1.1875, 2.34375, 2.93437, 8.30937], "texture": "#0"},
				"up": {"uv": [1.1875, 2.34375, 2.93437, 8.30937], "texture": "#0"},
				"down": {"uv": [1.1875, 2.34375, 2.93437, 8.30937], "texture": "#0"}
			}
		},
		{
			"from": [10, 2, 5],
			"to": [10.2, 6.2, 5.2],
			"rotation": {"angle": 22.5, "axis": "x", "origin": [0, 0, 0]},
			"faces": {
				"north": {"uv": [1.1875, 2.34375, 2.93437, 8.30937], "texture": "#0"},
				"east": {"uv": [1.1875, 2.34375, 2.93437, 8.30937], "texture": "#0"},
				"south": {"uv": [1.1875, 2.34375, 2.93437, 8.30937], "texture": "#0"},
				"west": {"uv": [1.1875, 2.34375, 2.93437, 8.30937], "texture": "#0"},
				"up": {"uv": [1.1875, 2.34375, 2.93437, 8.30937], "texture": "#0"},
				"down": {"uv": [1.1875, 2.34375, 2.93437, 8.30937], "texture": "#0"}
			}
		},
		{
			"from": [10.01, 0, 5.5],
			"to": [10.21, 0.2, 7.6],
			"faces": {
				"north": {"uv": [4.35938, 13.26563, 8.70625, 15.23125], "texture": "#0"},
				"east": {"uv": [4.35938, 13.26563, 8.70625, 15.23125], "texture": "#0"},
				"south": {"uv": [4.35938, 13.26563, 8.70625, 15.23125], "texture": "#0"},
				"west": {"uv": [4.35938, 13.26563, 8.70625, 15.23125], "texture": "#0"},
				"up": {"uv": [4.35938, 13.26563, 8.70625, 15.23125], "texture": "#0"},
				"down": {"uv": [4.35938, 13.26563, 8.70625, 15.23125], "texture": "#0"}
			}
		},
		{
			"from": [7.01, 0, 5.5],
			"to": [7.21, 0.2, 7.6],
			"faces": {
				"north": {"uv": [4.35938, 13.26563, 8.70625, 15.23125], "texture": "#0"},
				"east": {"uv": [4.35938, 13.26563, 8.70625, 15.23125], "texture": "#0"},
				"south": {"uv": [4.35938, 13.26563, 8.70625, 15.23125], "texture": "#0"},
				"west": {"uv": [4.35938, 13.26563, 8.70625, 15.23125], "texture": "#0"},
				"up": {"uv": [4.35938, 13.26563, 8.70625, 15.23125], "texture": "#0"},
				"down": {"uv": [4.35938, 13.26563, 8.70625, 15.23125], "texture": "#0"}
			}
		},
		{
			"from": [7.01, -2.8, 6.9],
			"to": [7.21, -0.25, 7.1],
			"rotation": {"angle": -22.5, "axis": "x", "origin": [0, 0, 0]},
			"faces": {
				"north": {"uv": [4.35938, 13.26563, 8.70625, 15.23125], "texture": "#0"},
				"east": {"uv": [4.35938, 13.26563, 8.70625, 15.23125], "texture": "#0"},
				"south": {"uv": [4.35938, 13.26563, 8.70625, 15.23125], "texture": "#0"},
				"west": {"uv": [4.35938, 13.26563, 8.70625, 15.23125], "texture": "#0"},
				"up": {"uv": [4.35938, 13.26563, 8.70625, 15.23125], "texture": "#0"},
				"down": {"uv": [4.35938, 13.26563, 8.70625, 15.23125], "texture": "#0"}
			}
		},
		{
			"from": [10.01, -2.8, 6.9],
			"to": [10.21, -0.25, 7.1],
			"rotation": {"angle": -22.5, "axis": "x", "origin": [0, 0, 0]},
			"faces": {
				"north": {"uv": [4.35938, 13.26563, 8.70625, 15.23125], "texture": "#0"},
				"east": {"uv": [4.35938, 13.26563, 8.70625, 15.23125], "texture": "#0"},
				"south": {"uv": [4.35938, 13.26563, 8.70625, 15.23125], "texture": "#0"},
				"west": {"uv": [4.35938, 13.26563, 8.70625, 15.23125], "texture": "#0"},
				"up": {"uv": [4.35938, 13.26563, 8.70625, 15.23125], "texture": "#0"},
				"down": {"uv": [4.35938, 13.26563, 8.70625, 15.23125], "texture": "#0"}
			}
		},
		{
			"from": [7.2, 2, 5],
			"to": [10, 2.2, 5.2],
			"rotation": {"angle": 22.5, "axis": "x", "origin": [0, 0, 0]},
			"faces": {
				"north": {"uv": [4.35938, 13.26563, 8.70625, 15.23125], "texture": "#0"},
				"east": {"uv": [4.35938, 13.26563, 8.70625, 15.23125], "texture": "#0"},
				"south": {"uv": [4.35938, 13.26563, 8.70625, 15.23125], "texture": "#0"},
				"west": {"uv": [4.35938, 13.26563, 8.70625, 15.23125], "texture": "#0"},
				"up": {"uv": [4.35938, 13.26563, 8.70625, 15.23125], "texture": "#0"},
				"down": {"uv": [4.35938, 13.26563, 8.70625, 15.23125], "texture": "#0"}
			}
		},
		{
			"from": [7.2, 2.2, 5.1],
			"to": [10, 6, 5.1],
			"rotation": {"angle": 22.5, "axis": "x", "origin": [0, 0, 0]},
			"faces": {
				"north": {"uv": [8.82813, 2.04688, 15.70625, 10.84688], "texture": "#0"},
				"east": {"uv": [0, 0, 0, 3.8], "texture": "#0"},
				"south": {"uv": [0.39063, 0.46875, 3.19063, 4.26875], "texture": "#0"},
				"west": {"uv": [0, 0, 0, 3.8], "texture": "#0"},
				"up": {"uv": [0, 0, 2.8, 0], "texture": "#0"},
				"down": {"uv": [0, 0, 2.8, 0], "texture": "#0"}
			}
		},
		{
			"from": [7.2, 6, 5],
			"to": [10, 6.2, 5.2],
			"rotation": {"angle": 22.5, "axis": "x", "origin": [0, 0, 0]},
			"faces": {
				"north": {"uv": [4.35938, 13.26563, 8.70625, 15.23125], "texture": "#0"},
				"east": {"uv": [4.35938, 13.26563, 8.70625, 15.23125], "texture": "#0"},
				"south": {"uv": [4.35938, 13.26563, 8.70625, 15.23125], "texture": "#0"},
				"west": {"uv": [4.35938, 13.26563, 8.70625, 15.23125], "texture": "#0"},
				"up": {"uv": [4.35938, 13.26563, 8.70625, 15.23125], "texture": "#0"},
				"down": {"uv": [4.35938, 13.26563, 8.70625, 15.23125], "texture": "#0"}
			}
		}
	],
	"display": {
		"thirdperson_righthand": {
			"translation": [0, 7, 2]
		},
		"thirdperson_lefthand": {
			"translation": [0, 7, 2]
		},
		"firstperson_righthand": {
			"rotation": [-162.83, 39.31, 170],
			"translation": [-0.25, 10, 3.25]
		},
		"firstperson_lefthand": {
			"rotation": [-162.83, 39.31, 170],
			"translation": [-0.25, 10, 3.25]
		},
		"ground": {
			"translation": [-1, 4.75, 1.75]
		},
		"gui": {
			"rotation": [-160.27, -0.25, -179.92],
			"translation": [2.25, 25.5, 0],
			"scale": [4, 4, 4]
		},
		"fixed": {
			"rotation": [-88.5, 0, 0],
			"translation": [-2.25, 6, -30.75],
			"scale": [3.60742, 4, 4]
		}
	}
}