{
	"credit": "Made with Blockbench",
	"textures": {
		"0": "block/base_spyglass",
		"1": "block/circuit_board",
		"particle": "block/base_spyglass"
	},
	"elements": [
		{
			"from": [12.75, -3, 7.75],
			"to": [13.25, 14, 8.25],
			"rotation": {"angle": 22.5, "axis": "z", "origin": [6.75, 1.5, 7.75]},
			"faces": {
				"north": {"uv": [0, 0, 1.84375, 16], "texture": "#0"},
				"east": {"uv": [0, 0, 0.5, 16], "texture": "#0"},
				"south": {"uv": [0, 0, 0.5, 16], "texture": "#0"},
				"west": {"uv": [0, 0, 0.5, 16], "texture": "#0"},
				"up": {"uv": [0, 0, 0.5, 0.5], "texture": "#0"},
				"down": {"uv": [0, 0, 0.5, 0.5], "texture": "#0"}
			}
		},
		{
			"from": [11.75, -4, 6.75],
			"to": [14.25, -1, 9.25],
			"rotation": {"angle": 22.5, "axis": "z", "origin": [6.75, 1.5, 7.75]},
			"faces": {
				"north": {"uv": [7.71875, 9, 14.1875, 15.90625], "texture": "#0"},
				"east": {"uv": [7.71875, 9, 14.1875, 15.90625], "texture": "#0"},
				"south": {"uv": [7.71875, 9, 14.1875, 15.90625], "texture": "#0"},
				"west": {"uv": [7.71875, 9, 14.1875, 15.90625], "texture": "#0"},
				"up": {"uv": [7.71875, 9, 14.1875, 15.90625], "texture": "#0"},
				"down": {"uv": [7.71875, 9, 14.1875, 15.90625], "texture": "#0"}
			}
		},
		{
			"from": [1.75, -2.5, 7.75],
			"to": [2.25, 14.5, 8.25],
			"rotation": {"angle": -22.5, "axis": "z", "origin": [6.75, 1.5, 7.75]},
			"faces": {
				"north": {"uv": [0, 0, 1.84375, 16], "texture": "#0"},
				"east": {"uv": [0, 0, 0.5, 16], "texture": "#0"},
				"south": {"uv": [0, 0, 0.5, 16], "texture": "#0"},
				"west": {"uv": [0, 0, 0.5, 16], "texture": "#0"},
				"up": {"uv": [0, 0, 0.5, 0.5], "texture": "#0"},
				"down": {"uv": [0, 0, 0.5, 0.5], "texture": "#0"}
			}
		},
		{
			"from": [0.75, -3.5, 6.75],
			"to": [3.25, -0.5, 9.25],
			"rotation": {"angle": -22.5, "axis": "z", "origin": [6.75, 1.5, 7.75]},
			"faces": {
				"north": {"uv": [7.71875, 9, 14.1875, 15.90625], "texture": "#0"},
				"east": {"uv": [7.71875, 9, 14.1875, 15.90625], "texture": "#0"},
				"south": {"uv": [7.71875, 9, 14.1875, 15.90625], "texture": "#0"},
				"west": {"uv": [7.71875, 9, 14.1875, 15.90625], "texture": "#0"},
				"up": {"uv": [7.71875, 9, 14.1875, 15.90625], "texture": "#0"},
				"down": {"uv": [7.71875, 9, 14.1875, 15.90625], "texture": "#0"}
			}
		},
		{
			"from": [7.3, -2.5, 2.75],
			"to": [7.8, 14.5, 3.25],
			"rotation": {"angle": 22.5, "axis": "x", "origin": [6.75, 1.5, 7.75]},
			"faces": {
				"north": {"uv": [0, 0, 1.84375, 16], "texture": "#0"},
				"east": {"uv": [0, 0, 0.5, 16], "texture": "#0"},
				"south": {"uv": [0, 0, 0.5, 16], "texture": "#0"},
				"west": {"uv": [0, 0, 0.5, 16], "texture": "#0"},
				"up": {"uv": [0, 0, 0.5, 0.5], "texture": "#0"},
				"down": {"uv": [0, 0, 0.5, 0.5], "texture": "#0"}
			}
		},
		{
			"from": [6.3, -3.5, 1.75],
			"to": [8.8, -0.5, 4.25],
			"rotation": {"angle": 22.5, "axis": "x", "origin": [6.75, 1.5, 7.75]},
			"faces": {
				"north": {"uv": [7.71875, 9, 14.1875, 15.90625], "texture": "#0"},
				"east": {"uv": [7.71875, 9, 14.1875, 15.90625], "texture": "#0"},
				"south": {"uv": [7.71875, 9, 14.1875, 15.90625], "texture": "#0"},
				"west": {"uv": [7.71875, 9, 14.1875, 15.90625], "texture": "#0"},
				"up": {"uv": [7.71875, 9, 14.1875, 15.90625], "texture": "#0"},
				"down": {"uv": [7.71875, 9, 14.1875, 15.90625], "texture": "#0"}
			}
		},
		{
			"from": [7.3, -2.5, 12.75],
			"to": [7.8, 13.5, 13.25],
			"rotation": {"angle": -22.5, "axis": "x", "origin": [6.75, 1.5, 7.75]},
			"faces": {
				"north": {"uv": [0, 0, 1.84375, 16], "texture": "#0"},
				"east": {"uv": [0, 0, 0.5, 16], "texture": "#0"},
				"south": {"uv": [0, 0, 0.5, 16], "texture": "#0"},
				"west": {"uv": [0, 0, 0.5, 16], "texture": "#0"},
				"up": {"uv": [0, 0, 0.5, 0.5], "texture": "#0"},
				"down": {"uv": [0, 0, 0.5, 0.5], "texture": "#0"}
			}
		},
		{
			"from": [7.3, 9.5, 7.75],
			"to": [7.8, 14.5, 8.25],
			"rotation": {"angle": 0, "axis": "x", "origin": [6.75, 1.5, 7.75]},
			"faces": {
				"north": {"uv": [0, 0, 1.84375, 5], "texture": "#0"},
				"east": {"uv": [0, 0, 0.5, 5], "texture": "#0"},
				"south": {"uv": [0, 0, 0.5, 5], "texture": "#0"},
				"west": {"uv": [0, 0, 0.5, 5], "texture": "#0"},
				"up": {"uv": [0, 0, 0.5, 0.5], "texture": "#0"},
				"down": {"uv": [0, 0, 0.5, 0.5], "texture": "#0"}
			}
		},
		{
			"from": [5, 9, 7.75],
			"to": [10.3, 9.5, 8.25],
			"rotation": {"angle": 0, "axis": "x", "origin": [6.75, 1.5, 7.75]},
			"faces": {
				"north": {"uv": [5.59375, 0, 12.1875, 1.625], "texture": "#0"},
				"east": {"uv": [5.59375, 0, 12.1875, 1.625], "texture": "#0"},
				"south": {"uv": [5.59375, 0, 12.1875, 1.625], "texture": "#0"},
				"west": {"uv": [5.59375, 0, 12.1875, 1.625], "texture": "#0"},
				"up": {"uv": [5.59375, 0, 12.1875, 1.625], "texture": "#0"},
				"down": {"uv": [5.59375, 0, 12.1875, 1.625], "texture": "#0"}
			}
		},
		{
			"from": [7.25, 9, 6],
			"to": [7.75, 9.5, 10.3],
			"rotation": {"angle": 0, "axis": "y", "origin": [6.75, 1.5, 7.75]},
			"faces": {
				"north": {"uv": [5.59375, 0, 12.1875, 1.625], "texture": "#0"},
				"east": {"uv": [5.59375, 0, 12.1875, 1.625], "texture": "#0"},
				"south": {"uv": [5.59375, 0, 12.1875, 1.625], "texture": "#0"},
				"west": {"uv": [5.59375, 0, 12.1875, 1.625], "texture": "#0"},
				"up": {"uv": [5.59375, 0, 12.1875, 1.625], "texture": "#0"},
				"down": {"uv": [5.59375, 0, 12.1875, 1.625], "texture": "#0"}
			}
		},
		{
			"from": [6.3, -3.5, 11.75],
			"to": [8.8, -0.5, 14.25],
			"rotation": {"angle": -22.5, "axis": "x", "origin": [6.75, 1.5, 7.75]},
			"faces": {
				"north": {"uv": [7.71875, 9, 14.1875, 15.90625], "texture": "#0"},
				"east": {"uv": [7.71875, 9, 14.1875, 15.90625], "texture": "#0"},
				"south": {"uv": [7.71875, 9, 14.1875, 15.90625], "texture": "#0"},
				"west": {"uv": [7.71875, 9, 14.1875, 15.90625], "texture": "#0"},
				"up": {"uv": [7.71875, 9, 14.1875, 15.90625], "texture": "#0"},
				"down": {"uv": [7.71875, 9, 14.1875, 15.90625], "texture": "#0"}
			}
		},
		{
			"from": [6.5, 14.7, 7],
			"to": [8.5, 16.7, 9],
			"rotation": {"angle": 0, "axis": "y", "origin": [6, 7, 7]},
			"faces": {
				"north": {"uv": [2.09375, 9, 5.6875, 12.45625], "texture": "#0"},
				"east": {"uv": [2.09375, 9, 5.6875, 12.45625], "texture": "#0"},
				"south": {"uv": [2.09375, 9, 5.6875, 12.45625], "texture": "#0"},
				"west": {"uv": [2.09375, 9, 5.6875, 12.45625], "texture": "#0"},
				"up": {"uv": [2.09375, 9, 5.6875, 12.45625], "texture": "#0"},
				"down": {"uv": [2.09375, 9, 5.6875, 12.45625], "texture": "#0"}
			}
		},
		{
			"from": [5.5, 19, 6],
			"to": [9.5, 23, 7],
			"rotation": {"angle": 0, "axis": "y", "origin": [6, 7, 7]},
			"faces": {
				"north": {"uv": [0.46875, 5.65625, 1.4375, 7.78125], "texture": "#0"},
				"east": {"uv": [0.34375, 6.3125, 1.34375, 10.3125], "texture": "#0"},
				"south": {"uv": [0.25, 0.6875, 1.6875, 2.21875], "texture": "#0"},
				"west": {"uv": [0.46875, 5.65625, 1.4375, 7.78125], "texture": "#0"},
				"up": {"uv": [7.71875, 0.6875, 11.71875, 1.6875], "texture": "#0"},
				"down": {"uv": [0, 0, 4, 1], "texture": "#0"}
			}
		},
		{
			"from": [6.5, 20, 1],
			"to": [8.5, 22, 6],
			"rotation": {"angle": 0, "axis": "y", "origin": [6, 7, 7]},
			"faces": {
				"north": {"uv": [2.125, 2.125, 6.5625, 6.6875], "texture": "#0"},
				"east": {"uv": [5.71875, 0, 10.71875, 2], "texture": "#0"},
				"south": {"uv": [5.71875, 0, 10.71875, 2], "texture": "#0"},
				"west": {"uv": [5.71875, 0, 10.71875, 2], "texture": "#0"},
				"up": {"uv": [5.71875, 0, 10.71875, 2], "texture": "#0"},
				"down": {"uv": [5.71875, 0, 10.71875, 2], "texture": "#0"}
			}
		},
		{
			"from": [6.26, 19.75, 1.2],
			"to": [8.76, 22.25, 3.7],
			"rotation": {"angle": 0, "axis": "y", "origin": [6, 7, 7]},
			"faces": {
				"north": {"uv": [7.40625, 2.4375, 13.7375, 8.6875], "texture": "#0"},
				"east": {"uv": [7.40625, 2.4375, 13.7375, 8.6875], "texture": "#0"},
				"south": {"uv": [7.40625, 2.28125, 13.7375, 8.5], "texture": "#0"},
				"west": {"uv": [7.40625, 2.28125, 13.7375, 8.5], "texture": "#0"},
				"up": {"uv": [7.40625, 2.28125, 13.7375, 8.5], "texture": "#0"},
				"down": {"uv": [7.40625, 2.28125, 13.7375, 8.5], "texture": "#0"}
			}
		},
		{
			"from": [5.5, 19, 9],
			"to": [9.5, 23, 10],
			"rotation": {"angle": 0, "axis": "y", "origin": [6, 7, 7]},
			"faces": {
				"north": {"uv": [0, 0, 4, 4], "texture": "#0"},
				"east": {"uv": [0, 0, 1, 4], "texture": "#0"},
				"south": {"uv": [0.4375, 5.75, 1.4375, 6.84375], "texture": "#0"},
				"west": {"uv": [0.46875, 5.65625, 1.4375, 7.78125], "texture": "#0"},
				"up": {"uv": [6.03125, 0.46875, 10.03125, 1.46875], "texture": "#0"},
				"down": {"uv": [0, 0, 4, 1], "texture": "#0"}
			}
		},
		{
			"from": [5.5, 19, 7],
			"to": [9.5, 20, 9],
			"rotation": {"angle": 0, "axis": "y", "origin": [6, 7, 7]},
			"faces": {
				"north": {"uv": [0, 0, 4, 1], "texture": "#0"},
				"east": {"uv": [5.3125, 0, 7.3125, 1], "texture": "#0"},
				"south": {"uv": [0, 0, 4, 1], "texture": "#0"},
				"west": {"uv": [0.46875, 5.65625, 1.4375, 7.78125], "texture": "#0"},
				"up": {"uv": [0, 0, 4, 2], "texture": "#0"},
				"down": {"uv": [0, 0, 4, 2], "texture": "#0"}
			}
		},
		{
			"from": [5.5, 20, 7],
			"to": [6.5, 23, 9],
			"rotation": {"angle": 0, "axis": "y", "origin": [6, 7, 7]},
			"faces": {
				"north": {"uv": [0, 0, 1, 3], "texture": "#0"},
				"east": {"uv": [0, 0, 2, 3], "texture": "#0"},
				"south": {"uv": [0, 0, 1, 3], "texture": "#0"},
				"west": {"uv": [0.46875, 5.65625, 1.4375, 7.78125], "texture": "#0"},
				"up": {"uv": [0, 0, 1, 2], "texture": "#0"},
				"down": {"uv": [0, 0, 1, 2], "texture": "#0"}
			}
		},
		{
			"from": [6.5, 20, 7],
			"to": [9.2, 22.7, 9],
			"rotation": {"angle": 0, "axis": "y", "origin": [6, 7, 7]},
			"faces": {
				"north": {"uv": [0, 0, 3, 3], "texture": "#1"},
				"east": {"uv": [1.6875, 5.125, 5.65625, 12.09375], "texture": "#1"},
				"south": {"uv": [0, 0, 3, 3], "texture": "#1"},
				"west": {"uv": [0, 0, 2, 3], "texture": "#1"},
				"up": {"uv": [0, 0, 3, 2], "texture": "#1"},
				"down": {"uv": [0, 0, 3, 2], "texture": "#1"}
			}
		},
		{
			"from": [7, 16, 7.5],
			"to": [8, 19, 8.5],
			"rotation": {"angle": 0, "axis": "y", "origin": [6, 7, 7]},
			"faces": {
				"north": {"uv": [0, 0, 2.0625, 16], "texture": "#0"},
				"east": {"uv": [0, 0, 2.0625, 16], "texture": "#0"},
				"south": {"uv": [0, 0, 2.0625, 16], "texture": "#0"},
				"west": {"uv": [0, 0, 2.0625, 16], "texture": "#0"},
				"up": {"uv": [0, 0, 2.0625, 16], "texture": "#0"},
				"down": {"uv": [0, 0, 2.0625, 16], "texture": "#0"}
			}
		}
	],
	"display": {
		"thirdperson_righthand": {
			"translation": [0, -2.25, 0],
			"scale": [0.38672, 0.3418, 0.46484]
		},
		"thirdperson_lefthand": {
			"translation": [0, -2.25, 0],
			"scale": [0.38672, 0.3418, 0.46484]
		},
		"firstperson_righthand": {
			"rotation": [0, 5.25, 0],
			"translation": [1.5, -7.25, 0]
		},
		"firstperson_lefthand": {
			"rotation": [0, 5.25, 0],
			"translation": [1.5, -7.25, 0]
		},
		"ground": {
			"translation": [0, 2.75, 0],
			"scale": [0.5957, 0.64258, 0.69141]
		},
		"gui": {
			"rotation": [180, 20.75, 180],
			"translation": [0, -1.5, 0],
			"scale": [0.58203, 0.61719, 1]
		},
		"head": {
			"translation": [4.5, -13, -8.75]
		},
		"fixed": {
			"rotation": [-90, 0, 0],
			"translation": [1.5, 0, -15.75],
			"scale": [2.39063, 2.42383, 2.63281]
		}
	}
}