{
	"credit": "Made with Blockbench",
	"parent": "minecraft:item/generic_tool_display",
	"textures": {
		"2": "item/pickaxe_base_stone",
		"3": "item/stone1",
		"4": "item/pickaxe_base_stone1",
		"particle": "item/pickaxe_base_stone1"
	},
	"elements": [
		{
			"from": [7.5, 0, 7.25],
			"to": [8.5, 16, 8.75],
			"faces": {
				"north": {"uv": [0.5625, 3, 2.5625, 16], "texture": "#2"},
				"east": {"uv": [0.5625, 3, 2.5625, 16], "texture": "#2"},
				"south": {"uv": [0.5625, 3, 2.5625, 16], "texture": "#2"},
				"west": {"uv": [0.5625, 3, 2.5625, 16], "texture": "#2"},
				"up": {"uv": [0.5625, 3, 2.5625, 16], "texture": "#2"},
				"down": {"uv": [0.5625, 3, 2.5625, 16], "texture": "#2"}
			}
		},
		{
			"from": [7.08594, 14, 5.5],
			"to": [9.00004, 15, 10.5],
			"rotation": {"angle": 0, "axis": "y", "origin": [8.5, 8, 7]},
			"faces": {
				"north": {"uv": [0.09375, 16, 16, 0], "texture": "#3"},
				"east": {"uv": [0.09375, 16, 16, 0], "texture": "#3"},
				"south": {"uv": [0.09375, 16, 16, 0], "texture": "#3"},
				"west": {"uv": [0.09375, 16, 16, 0], "texture": "#3"},
				"up": {"uv": [0.09375, 16, 6.8125, 0], "texture": "#3"},
				"down": {"uv": [0.09375, 16, 16, 0], "texture": "#3"}
			}
		},
		{
			"from": [8.99996, 14, 5.5],
			"to": [10.79996, 15, 6.5],
			"rotation": {"angle": 0, "axis": "y", "origin": [7.5, 8, 7]},
			"faces": {
				"north": {"uv": [0.09375, 7.67188, 8.57813, 0], "texture": "#3"},
				"east": {"uv": [0.09375, 7.67188, 8.57813, 0], "texture": "#3"},
				"south": {"uv": [0.09375, 7.67188, 8.57813, 0], "texture": "#3"},
				"west": {"uv": [0.09375, 7.67188, 8.57813, 0], "texture": "#3"},
				"up": {"uv": [0.09375, 7.67188, 8.57813, 0], "texture": "#3"},
				"down": {"uv": [0.09375, 7.67188, 8.57813, 0], "texture": "#3"}
			}
		},
		{
			"from": [8.99996, 14, 7.5],
			"to": [10.79996, 15, 8.5],
			"rotation": {"angle": 0, "axis": "y", "origin": [7.5, 8, 7]},
			"faces": {
				"north": {"uv": [2.59375, 7.67188, 11.07813, 0], "texture": "#3"},
				"east": {"uv": [2.59375, 7.67188, 11.07813, 0], "texture": "#3"},
				"south": {"uv": [2.59375, 7.67188, 11.07813, 0], "texture": "#3"},
				"west": {"uv": [2.59375, 7.67188, 11.07813, 0], "texture": "#3"},
				"up": {"uv": [2.59375, 7.67188, 11.07813, 0], "texture": "#3"},
				"down": {"uv": [2.59375, 7.67188, 11.07813, 0], "texture": "#3"}
			}
		},
		{
			"from": [8.99996, 14, 9.5],
			"to": [10.79996, 15, 10.5],
			"rotation": {"angle": 0, "axis": "y", "origin": [7.5, 8, 7]},
			"faces": {
				"north": {"uv": [0.09375, 7.67188, 8.57813, 0], "texture": "#3"},
				"east": {"uv": [0.09375, 7.67188, 8.57813, 0], "texture": "#3"},
				"south": {"uv": [0.09375, 7.67188, 8.57813, 0], "texture": "#3"},
				"west": {"uv": [0.09375, 7.67188, 8.57813, 0], "texture": "#3"},
				"up": {"uv": [0.09375, 7.67188, 8.57813, 0], "texture": "#3"},
				"down": {"uv": [0.09375, 7.67188, 8.57813, 0], "texture": "#3"}
			}
		},
		{
			"from": [10.4, 14.05, 5.495],
			"to": [14.1499, 15.05, 6.505],
			"rotation": {"angle": -22.5, "axis": "z", "origin": [10.5, 14, 7]},
			"faces": {
				"north": {"uv": [0.09375, 7.67188, 8.57813, 16], "texture": "#3"},
				"east": {"uv": [0.09375, 7.67188, 8.57813, 16], "texture": "#3"},
				"south": {"uv": [0.09375, 7.67188, 8.57813, 16], "texture": "#3"},
				"west": {"uv": [0.09375, 7.67188, 8.57813, 16], "texture": "#3"},
				"up": {"uv": [0.09375, 7.67188, 8.57813, 16], "texture": "#3"},
				"down": {"uv": [0.09375, 7.67188, 8.57813, 16], "texture": "#3"}
			}
		},
		{
			"from": [10.4, 14.05, 9.495],
			"to": [14.1499, 15.05, 10.505],
			"rotation": {"angle": -22.5, "axis": "z", "origin": [10.5, 14, 7]},
			"faces": {
				"north": {"uv": [0.09375, 7.67188, 8.57813, 16], "texture": "#3"},
				"east": {"uv": [0.09375, 7.67188, 8.57813, 16], "texture": "#3"},
				"south": {"uv": [0.09375, 7.67188, 8.57813, 16], "texture": "#3"},
				"west": {"uv": [0.09375, 7.67188, 8.57813, 16], "texture": "#3"},
				"up": {"uv": [0.09375, 7.67188, 8.57813, 16], "texture": "#3"},
				"down": {"uv": [0.09375, 7.67188, 8.57813, 16], "texture": "#3"}
			}
		},
		{
			"from": [10.4, 14.05, 7.495],
			"to": [14.1499, 15.05, 8.505],
			"rotation": {"angle": -22.5, "axis": "z", "origin": [10.5, 14, 7]},
			"faces": {
				"north": {"uv": [2.59375, 7.67188, 11.07813, 16], "texture": "#3"},
				"east": {"uv": [2.59375, 7.67188, 11.07813, 16], "texture": "#3"},
				"south": {"uv": [2.59375, 7.67188, 11.07813, 16], "texture": "#3"},
				"west": {"uv": [2.59375, 7.67188, 11.07813, 16], "texture": "#3"},
				"up": {"uv": [2.59375, 7.67188, 11.07813, 16], "texture": "#3"},
				"down": {"uv": [2.59375, 7.67188, 11.07813, 16], "texture": "#3"}
			}
		},
		{
			"from": [7.83, 15, 6.9],
			"to": [8.23, 15.4, 9.1],
			"rotation": {"angle": 0, "axis": "y", "origin": [7.9, 7.9, 7.9]},
			"faces": {
				"north": {"uv": [2.96875, 0, 16, 3.09375], "texture": "#4"},
				"east": {"uv": [2.96875, 0, 16, 3.09375], "texture": "#4"},
				"south": {"uv": [2.96875, 0, 16, 3.09375], "texture": "#4"},
				"west": {"uv": [2.96875, 0, 16, 3.09375], "texture": "#4"},
				"up": {"uv": [2.96875, 0, 16, 3.09375], "texture": "#4"},
				"down": {"uv": [2.96875, 0, 16, 3.09375], "texture": "#4"}
			}
		}
	],
	"display": {
		"thirdperson_righthand": {
			"rotation": [0, -271.25, 0]
		},
		"thirdperson_lefthand": {
			"rotation": [0, 268.75, 0]
		},
		"firstperson_righthand": {
			"rotation": [-63.82, 89.57, 45.86],
			"translation": [2.25, 2.5, 0]
		},
		"firstperson_lefthand": {
			"rotation": [-63.82, 89.57, 45.86],
			"translation": [2.25, 2.5, 0]
		},
		"ground": {
			"rotation": [-89.54, -0.16, 0.85],
			"translation": [0, -1.5, 0],
			"scale": [0.60938, 0.7168, 0.66406]
		},
		"gui": {
			"rotation": [2.69, -41.43, -29.19],
			"translation": [-1, -0.25, 0],
			"scale": [1, 0.80078, 0.82227]
		},
		"head": {
			"rotation": [0, 0, 0.75],
			"translation": [-0.25, 10.5, 0]
		},
		"fixed": {
			"rotation": [0, 0, -43],
			"translation": [0, 0, -3],
			"scale": [1.93555, 2.16211, 1]
		}
	},
	"groups": [
		{
			"name": "group",
			"origin": [8, 8, 8],
			"color": 0,
			"children": [0]
		},
		{
			"name": "group",
			"origin": [8, 8, 8],
			"color": 0,
			"children": [
				{
					"name": "group",
					"origin": [5.5, 14, 8],
					"color": 0,
					"children": [1, 2, 3, 4, 5, 6, 7]
				},
				{
					"name": "group",
					"origin": [7.5, 8, 8],
					"color": 0,
					"children": []
				},
				{
					"name": "group",
					"origin": [8.5, 8, 8],
					"color": 0,
					"children": []
				}
			]
		},
		8
	]
}