{
	"credit": "Made with Blockbench",
	"parent": "minecraft:item/generic_tool_display",
	"textures": {
		"0": "item/pickaxe_base_stone",
		"1": "item/stone1",
		"2": "item/pickaxe_base_stone1",
		"particle": "item/pickaxe_base_stone"
	},
	"elements": [
		{
			"from": [7.5, 0, 8.24],
			"to": [8.5, 15, 8.64],
			"faces": {
				"north": {"uv": [0.6875, 0, 2.5625, 16], "texture": "#0"},
				"east": {"uv": [0.6875, 0, 2.5625, 16], "texture": "#0"},
				"south": {"uv": [0.6875, 0, 2.5625, 16], "texture": "#0"},
				"west": {"uv": [0.6875, 0, 2.5625, 16], "texture": "#0"},
				"up": {"uv": [0.6875, 0, 2.5625, 16], "texture": "#0"},
				"down": {"uv": [0.6875, 0, 2.5625, 1.75], "texture": "#0"}
			}
		},
		{
			"from": [6.5, 0.001, 8.26],
			"to": [9.5, 0.301, 8.61],
			"faces": {
				"north": {"uv": [0, 0.625, 16, 2.6875], "texture": "#2"},
				"east": {"uv": [0, 0.625, 16, 2.6875], "texture": "#2"},
				"south": {"uv": [0, 0.625, 16, 2.6875], "texture": "#2"},
				"west": {"uv": [0, 0.625, 16, 2.6875], "texture": "#2"},
				"up": {"uv": [0, 0.625, 16, 2.6875], "texture": "#2"},
				"down": {"uv": [0, 0.625, 16, 2.6875], "texture": "#2"}
			}
		},
		{
			"from": [6.5, 0.7, 8.26],
			"to": [9.5, 1, 8.61],
			"faces": {
				"north": {"uv": [0, 0.625, 16, 2.6875], "texture": "#2"},
				"east": {"uv": [0, 0.625, 16, 2.6875], "texture": "#2"},
				"south": {"uv": [0, 0.625, 16, 2.6875], "texture": "#2"},
				"west": {"uv": [0, 0.625, 16, 2.6875], "texture": "#2"},
				"up": {"uv": [0, 0.625, 16, 2.6875], "texture": "#2"},
				"down": {"uv": [0, 0.625, 16, 2.6875], "texture": "#2"}
			}
		},
		{
			"from": [4.99996, 10, 8.1],
			"to": [10.79996, 13, 8.75],
			"rotation": {"angle": 0, "axis": "y", "origin": [7.5, 8, 7]},
			"faces": {
				"north": {"uv": [0, 0, 15.90625, 9.625], "texture": "#1"},
				"east": {"uv": [0, 0, 15.90625, 9.625], "texture": "#1"},
				"south": {"uv": [0, 0, 15.90625, 9.625], "texture": "#1"},
				"west": {"uv": [0, 0, 15.90625, 9.625], "texture": "#1"},
				"up": {"uv": [0, 0, 15.90625, 9.625], "texture": "#1"},
				"down": {"uv": [0, 0, 15.90625, 9.625], "texture": "#1"}
			}
		},
		{
			"from": [9.27, 9.2, 8.101],
			"to": [13.37, 13.3, 8.731],
			"rotation": {"angle": 45, "axis": "z", "origin": [7.5, 8, 7]},
			"faces": {
				"north": {"uv": [0, 0, 16, 9.65625], "texture": "#1"},
				"east": {"uv": [0, 0, 16, 9.65625], "texture": "#1"},
				"south": {"uv": [0, 0, 16, 9.65625], "texture": "#1"},
				"west": {"uv": [0, 0, 16, 9.65625], "texture": "#1"},
				"up": {"uv": [0, 0, 16, 9.65625], "texture": "#1"},
				"down": {"uv": [0, 0, 16, 9.65625], "texture": "#1"}
			}
		}
	],
	"display": {
		"thirdperson_righthand": {
			"rotation": [0, -271.25, 0],
			"translation": [0, 2.75, 0],
			"scale": [0.93359, 1.24805, 0.29688]
		},
		"thirdperson_lefthand": {
			"rotation": [0, -271.25, 0],
			"translation": [0, 2.75, 0],
			"scale": [0.93359, 1.24805, 0.29688]
		},
		"firstperson_righthand": {
			"rotation": [0, -271.25, 0],
			"translation": [0, 2.75, 0],
			"scale": [0.93359, 0.9961, 0.29688]
		},
		"firstperson_lefthand": {
			"rotation": [0, -271.25, 0],
			"translation": [0, 2.75, 0],
			"scale": [0.93359, 0.9961, 0.29688]
		},
		"ground": {
			"rotation": [-87.95, -1.07, 94.48],
			"translation": [-1, -3.75, 0],
			"scale": [0.75, 0.72071, 0.58399]
		},
		"gui": {
			"rotation": [175.8, 9.68, -134.5],
			"translation": [0.5, 0.5, 0],
			"scale": [1.19141, 1.20703, 0.82227]
		},
		"head": {
			"rotation": [0, 0, 0.75],
			"translation": [-0.25, 10.5, 0]
		},
		"fixed": {
			"rotation": [0, 0, -43],
			"translation": [0, 0, -0.75],
			"scale": [1.78125, 1.86524, 1]
		}
	},
	"groups": [
		{
			"name": "group",
			"origin": [8, 8, 8],
			"color": 0,
			"children": [0, 1, 2]
		},
		{
			"name": "group",
			"origin": [8, 8, 8],
			"color": 0,
			"children": [
				{
					"name": "group",
					"origin": [5.5, 14, 8],
					"color": 0,
					"children": [3, 4]
				},
				{
					"name": "group",
					"origin": [7.5, 8, 8],
					"color": 0,
					"children": []
				},
				{
					"name": "group",
					"origin": [8.5, 8, 8],
					"color": 0,
					"children": []
				}
			]
		}
	]
}