{
	"credit": "Made with Blockbench",
	"textures": {
		"0": "item/pickaxe_base_stone",
		"1": "item/pickaxe_base_stone1",
		"2": "item/stone1",
		"particle": "item/pickaxe_base_stone1"
	},
	"elements": [
		{
			"name": "Voxels-FFFFFF",
			"from": [7.512, 7.874, -3.8],
			"to": [8.742, 8.126, -2.56],
			"rotation": {"angle": -45, "axis": "y", "origin": [0, 0, 0]},
			"faces": {
				"north": {"uv": [0.09375, 4.84375, 16, 8.3125], "texture": "#2"},
				"east": {"uv": [6.65625, 4.84375, 6.65625, 6.53125], "texture": "#2"},
				"south": {"uv": [0, 0, 6.9375, 7.4375], "texture": "#2"},
				"west": {"uv": [0.09375, 4.84375, 16, 8.3125], "texture": "#2"},
				"up": {"uv": [8.20313, 5.15625, 14.375, 11.57813], "texture": "#2"},
				"down": {"uv": [3.20313, 8.28125, 7.70313, 13.10938], "texture": "#2"}
			}
		},
		{
			"name": "Voxels-FFFFFF",
			"from": [7.125, 7.875, 3.5],
			"to": [8.875, 8.125, 12.8],
			"faces": {
				"north": {"uv": [0, 0, 16, 16], "texture": "#2"},
				"east": {"uv": [0.09375, 4.84375, 16, 8.3125], "texture": "#2"},
				"south": {"uv": [0, 0, 16, 16], "texture": "#2"},
				"west": {"uv": [0.09375, 4.84375, 16, 8.3125], "texture": "#2"},
				"up": {"uv": [6.32813, 0, 10.5625, 16], "texture": "#2"},
				"down": {"uv": [6.32813, 0, 10.5625, 16], "texture": "#2"}
			}
		},
		{
			"name": "Voxels-FFFFFF",
			"from": [5.5, 7.75, 12.37],
			"to": [10.5, 8.25, 12.87],
			"faces": {
				"north": {"uv": [0, 0.6875, 16, 2.53125], "texture": "#1"},
				"east": {"uv": [0, 0.6875, 1.21875, 2.53125], "texture": "#1"},
				"south": {"uv": [0, 0.6875, 16, 2.53125], "texture": "#1"},
				"west": {"uv": [0, 0.6875, 3.40625, 2.53125], "texture": "#1"},
				"up": {"uv": [0, 0.6875, 16, 2.53125], "texture": "#1"},
				"down": {"uv": [0, 0.6875, 16, 2.53125], "texture": "#1"}
			}
		},
		{
			"name": "Voxels-FFFFFF",
			"from": [7.6, 7.75, 12.88],
			"to": [8.35, 8.25, 16.38],
			"faces": {
				"north": {"uv": [8.6875, 0.0625, 10.5625, 16], "texture": "#0"},
				"east": {"uv": [0, 0.6875, 16, 2.53125], "texture": "#1"},
				"south": {"uv": [8.6875, 0.0625, 10.5625, 16], "texture": "#0"},
				"west": {"uv": [0, 0.6875, 16, 2.53125], "texture": "#1"},
				"up": {"uv": [8.6875, 0.0625, 10.5625, 16], "texture": "#0"},
				"down": {"uv": [8.6875, 0.0625, 10.5625, 16], "texture": "#0"}
			}
		}
	],
	"display": {
		"thirdperson_righthand": {
			"rotation": [89.5, 0.25, -85.25],
			"translation": [0, 8.5, 1.75],
			"scale": [1.46875, 1, 1.54101]
		},
		"thirdperson_lefthand": {
			"rotation": [89.5, 0.25, -85.25],
			"translation": [0, 8.5, 1.75],
			"scale": [1.46875, 1, 1.54101]
		},
		"firstperson_righthand": {
			"rotation": [89.56, 0.24, -90.5],
			"translation": [0, 7.5, 2.5],
			"scale": [0.9043, 0.81836, 1.11132]
		},
		"firstperson_lefthand": {
			"rotation": [89.58, 0.24, -90.25],
			"translation": [0, 7.5, 2.5],
			"scale": [0.9043, 0.81836, 1.11132]
		},
		"ground": {
			"translation": [0, -2.25, -2.25],
			"scale": [1.26563, 1, 1.13672]
		},
		"gui": {
			"rotation": [83.25, -47, -15.75],
			"translation": [1.5, 1.5, 0],
			"scale": [1.28711, 1, 1.47852]
		},
		"fixed": {
			"rotation": [-90.25, 136.25, 0],
			"translation": [-2.75, 3.5, 0],
			"scale": [2.2832, 2.42969, 2.5957]
		}
	}
}