{
	"credit": "Made with Blockbench",
	"ambientocclusion": false,
	"textures": {
		"1": "block/cherry_blossom_leaves/leaves_cherry_blossom_02",
		"particle": "block/cherry_blossom_leaves/leaves_cherry_blossom_01",
		"main": "block/cherry_blossom_leaves/leaves_cherry_blossom_01"
	},
	"elements": [
		{
			"from": [-4, 14, -6],
			"to": [20, 14, 18],
			"shade": false,
			"rotation": {"angle": 22.5, "axis": "z", "origin": [8, 1, 8], "rescale": true},
			"faces": {
				"up": {"uv": [0, 0, 16, 16], "rotation": 90, "texture": "#main", "tintindex": 0},
				"down": {"uv": [16, 0, 0, 16], "rotation": 90, "texture": "#main", "tintindex": 0}
			}
		},
		{
			"from": [-4, 14, -2],
			"to": [20, 14, 22],
			"shade": false,
			"rotation": {"angle": -22.5, "axis": "z", "origin": [8, 0, 8], "rescale": true},
			"faces": {
				"up": {"uv": [0, 0, 16, 16], "rotation": 270, "texture": "#main", "tintindex": 0},
				"down": {"uv": [16, 0, 0, 16], "rotation": 270, "texture": "#main", "tintindex": 0}
			}
		},
		{
			"from": [-6, 14, -4],
			"to": [18, 14, 20],
			"shade": false,
			"rotation": {"angle": 22.5, "axis": "x", "origin": [8, 1, 8], "rescale": true},
			"faces": {
				"north": {"uv": [0, 0, 16, 16], "rotation": 90, "texture": "#main", "tintindex": 0},
				"east": {"uv": [0, 0, 16, 16], "rotation": 90, "texture": "#main", "tintindex": 0},
				"south": {"uv": [0, 0, 16, 16], "rotation": 90, "texture": "#main", "tintindex": 0},
				"west": {"uv": [0, 0, 16, 16], "rotation": 90, "texture": "#main", "tintindex": 0},
				"up": {"uv": [0, 0, 16, 16], "rotation": 90, "texture": "#main", "tintindex": 0},
				"down": {"uv": [0, 16, 16, 0], "rotation": 270, "texture": "#main", "tintindex": 0}
			}
		},
		{
			"from": [-2, 14, -4],
			"to": [22, 14, 20],
			"shade": false,
			"rotation": {"angle": -22.5, "axis": "x", "origin": [8, 2, 8], "rescale": true},
			"faces": {
				"up": {"uv": [0, 0, 16, 16], "rotation": 90, "texture": "#main", "tintindex": 0},
				"down": {"uv": [0, 16, 16, 0], "rotation": 270, "texture": "#main", "tintindex": 0}
			}
		},
		{
			"from": [-5, 7, -3],
			"to": [13, 7, 21],
			"shade": false,
			"rotation": {"angle": 45, "axis": "z", "origin": [7, 5, 8], "rescale": true},
			"faces": {
				"up": {"uv": [0, 0, 16, 16], "texture": "#main", "tintindex": 0},
				"down": {"uv": [0, 16, 16, 0], "texture": "#main", "tintindex": 0}
			}
		},
		{
			"from": [0, 1, -5],
			"to": [18, 1, 19],
			"shade": false,
			"rotation": {"angle": -45, "axis": "z", "origin": [12, -4, 8], "rescale": true},
			"faces": {
				"up": {"uv": [0, 0, 16, 16], "texture": "#main", "tintindex": 0},
				"down": {"uv": [0, 16, 16, 0], "texture": "#main", "tintindex": 0}
			}
		},
		{
			"from": [-5, 7, -2],
			"to": [19, 7, 16],
			"shade": false,
			"rotation": {"angle": -45, "axis": "x", "origin": [8, 2, 10], "rescale": true},
			"faces": {
				"north": {"uv": [0, 0, 0, 0], "texture": "#1"},
				"east": {"uv": [0, 0, 0, 0], "texture": "#1"},
				"south": {"uv": [0, 0, 0, 0], "texture": "#1"},
				"west": {"uv": [0, 0, 0, 0], "texture": "#1"},
				"up": {"uv": [0, 0, 16, 16], "texture": "#1", "tintindex": 0},
				"down": {"uv": [16, 0, 0, 16], "rotation": 180, "texture": "#1", "tintindex": 0}
			}
		},
		{
			"from": [-3, 1, 1],
			"to": [21, 1, 19],
			"shade": false,
			"rotation": {"angle": 45, "axis": "x", "origin": [8, -3, 13], "rescale": true},
			"faces": {
				"north": {"uv": [0, 0, 0, 0], "texture": "#1"},
				"east": {"uv": [0, 0, 0, 0], "texture": "#1"},
				"south": {"uv": [0, 0, 0, 0], "texture": "#1"},
				"west": {"uv": [0, 0, 0, 0], "texture": "#1"},
				"up": {"uv": [0, 0, 16, 16], "rotation": 270, "texture": "#1", "tintindex": 0},
				"down": {"uv": [16, 0, 0, 16], "rotation": 270, "texture": "#1", "tintindex": 0}
			}
		},
		{
			"from": [3, -1, -2],
			"to": [3, 17, 22],
			"shade": false,
			"rotation": {"angle": -45, "axis": "z", "origin": [5, 11, 8], "rescale": true},
			"faces": {
				"east": {"uv": [0, 16, 16, 0], "rotation": 90, "texture": "#main", "tintindex": 0},
				"west": {"uv": [0, 0, 16, 16], "rotation": 90, "texture": "#main", "tintindex": 0}
			}
		},
		{
			"from": [-6, -1, 3],
			"to": [18, 17, 3],
			"shade": false,
			"rotation": {"angle": 45, "axis": "x", "origin": [8, 11, 5], "rescale": true},
			"faces": {
				"north": {"uv": [0, 0, 16, 16], "rotation": 90, "texture": "#main", "tintindex": 0},
				"south": {"uv": [0, 16, 16, 0], "rotation": 90, "texture": "#main", "tintindex": 0}
			}
		},
		{
			"from": [13, -1, -6],
			"to": [13, 17, 18],
			"shade": false,
			"rotation": {"angle": 45, "axis": "z", "origin": [11, 11, 8], "rescale": true},
			"faces": {
				"east": {"uv": [0, 0, 16, 16], "rotation": 180, "texture": "#main", "tintindex": 0},
				"west": {"uv": [0, 16, 16, 0], "texture": "#main", "tintindex": 0}
			}
		},
		{
			"from": [-2, -1, 13],
			"to": [22, 17, 13],
			"shade": false,
			"rotation": {"angle": -45, "axis": "x", "origin": [8, 11, 11], "rescale": true},
			"faces": {
				"north": {"uv": [0, 16, 16, 0], "texture": "#main", "tintindex": 0},
				"south": {"uv": [0, 0, 16, 16], "rotation": 180, "texture": "#main", "tintindex": 0}
			}
		}
	],
	"display": {
		"thirdperson_righthand": {
			"rotation": [75, 45, 0],
			"translation": [0, 2.5, 0],
			"scale": [0.375, 0.375, 0.375]
		},
		"firstperson_righthand": {
			"rotation": [0, 45, 0],
			"scale": [0.4, 0.4, 0.4]
		},
		"firstperson_lefthand": {
			"rotation": [0, 225, 0],
			"scale": [0.4, 0.4, 0.4]
		},
		"ground": {
			"translation": [0, 3, 0],
			"scale": [0.25, 0.25, 0.25]
		},
		"gui": {
			"rotation": [30, 225, 0],
			"scale": [0.625, 0.625, 0.625]
		},
		"fixed": {
			"scale": [0.5, 0.5, 0.5]
		}
	}
}