{
	"credit": "Made with Blockbench",
	"ambientocclusion": false,
	"textures": {
		"rail1": "block/rail_corner_layer1",
		"rail2": "block/rail_corner_layer2",
		"rail3": "block/rail_corner_layer3",
		"particle": "#rail"
	},
	"elements": [
		{
			"name": "layer_planks",
			"from": [0, 0.5, 0],
			"to": [16, 0.5, 16],
			"faces": {
				"up": {"uv": [0, 0, 16, 16], "texture": "#rail1"},
				"down": {"uv": [0, 16, 16, 0], "texture": "#rail1"}
			}
		},
		{
			"name": "layer_bolts",
			"from": [0, 0.75, 0],
			"to": [16, 0.75, 16],
			"faces": {
				"up": {"uv": [0, 0, 16, 16], "texture": "#rail3"},
				"down": {"uv": [0, 16, 16, 0], "texture": "#rail3"}
			}
		},
		{
			"name": "layer_rails",
			"from": [0, 1, 0],
			"to": [16, 1, 16],
			"faces": {
				"up": {"uv": [0, 0, 16, 16], "texture": "#rail2"},
				"down": {"uv": [0, 16, 16, 0], "texture": "#rail2"}
			}
		}
	]
}