{
	"credit": "Made with Blockbench",
	"parent": "block/block",
	"textures": {
		"stem": "block/small_dripleaf_stem_bottom",
		"particle": "block/big_dripleaf_stem"
	},
	"elements": [
		{
			"from": [4.5, 0, 8],
			"to": [11.5, 16, 8],
			"shade": false,
			"rotation": {"angle": 45, "axis": "y", "origin": [8, 8, 8]},
			"faces": {
				"north": {"uv": [4, 0, 12, 16], "texture": "#stem"},
				"south": {"uv": [4, 0, 12, 16], "texture": "#stem"}
			}
		},
		{
			"from": [4.5, 0, 8],
			"to": [11.5, 16, 8],
			"shade": false,
			"rotation": {"angle": -45, "axis": "y", "origin": [8, 8, 8]},
			"faces": {
				"north": {"uv": [4, 0, 12, 16], "texture": "#stem"},
				"south": {"uv": [4, 0, 12, 16], "texture": "#stem"}
			}
		}
	]
}