{
	"credit": "Made with Blockbench",
	"parent": "block/block",
	"elements": [
		{
			"from": [8, 0, 6],
			"to": [10, 6, 8],
			"rotation": {"angle": 0, "axis": "y", "origin": [1, 0, -1]},
			"faces": {
				"north": {"uv": [0, 8, 2, 14], "texture": "#all"},
				"east": {"uv": [0, 8, 2, 14], "texture": "#all"},
				"south": {"uv": [0, 8, 2, 14], "texture": "#all"},
				"west": {"uv": [0, 8, 2, 14], "texture": "#all"},
				"up": {"uv": [0, 6, 2, 8], "texture": "#all"},
				"down": {"uv": [0, 14, 2, 16], "texture": "#all", "cullface": "down"}
			}
		},
		{
			"from": [8.96875, 6, 7],
			"to": [9.03125, 6.9531, 7],
			"rotation": {"angle": 45, "axis": "y", "origin": [9, 6, 7]},
			"faces": {
				"north": {"uv": [0.46875, 5.04688, 0.53125, 6], "texture": "#all"},
				"south": {"uv": [0.4688, 5.0469, 0.5313, 6], "texture": "#all"}
			}
		},
		{
			"from": [8.96875, 6, 7],
			"to": [9.03125, 6.9531, 7],
			"rotation": {"angle": -45, "axis": "y", "origin": [9, 6, 7]},
			"faces": {
				"north": {"uv": [0.46875, 5.04688, 0.53125, 6], "texture": "#all"},
				"south": {"uv": [0.4688, 5.0469, 0.5313, 6], "texture": "#all"}
			}
		},
		{
			"from": [7.96875, 3, 10],
			"to": [8.03125, 3.9531, 10],
			"rotation": {"angle": -45, "axis": "y", "origin": [8, 3, 10]},
			"faces": {
				"north": {"uv": [0.46875, 5.04688, 0.53125, 6], "texture": "#all"},
				"south": {"uv": [0.4688, 5.0469, 0.5313, 6], "texture": "#all"}
			}
		},
		{
			"from": [7.96875, 3, 10],
			"to": [8.03125, 3.9531, 10],
			"rotation": {"angle": 45, "axis": "y", "origin": [8, 3, 10]},
			"faces": {
				"north": {"uv": [0.46875, 5.04688, 0.53125, 6], "texture": "#all"},
				"south": {"uv": [0.4688, 5.0469, 0.5313, 6], "texture": "#all"}
			}
		},
		{
			"from": [7, 0, 9],
			"to": [9, 3, 11],
			"rotation": {"angle": 0, "axis": "y", "origin": [0, 0, 2]},
			"faces": {
				"north": {"uv": [0, 8, 2, 11], "texture": "#all"},
				"east": {"uv": [0, 8, 2, 11], "texture": "#all"},
				"south": {"uv": [0, 8, 2, 11], "texture": "#all"},
				"west": {"uv": [0, 8, 2, 11], "texture": "#all"},
				"up": {"uv": [0, 6, 2, 8], "texture": "#all"},
				"down": {"uv": [0, 14, 2, 16], "texture": "#all", "cullface": "down"}
			}
		},
		{
			"from": [5, 0, 7],
			"to": [7, 5, 9],
			"rotation": {"angle": 0, "axis": "y", "origin": [-2, 0, 0]},
			"faces": {
				"north": {"uv": [0, 8, 2, 13], "texture": "#all"},
				"east": {"uv": [0, 8, 2, 13], "texture": "#all"},
				"south": {"uv": [0, 8, 2, 13], "texture": "#all"},
				"west": {"uv": [0, 8, 2, 13], "texture": "#all"},
				"up": {"uv": [0, 6, 2, 8], "texture": "#all"},
				"down": {"uv": [0, 14, 2, 16], "texture": "#all", "cullface": "down"}
			}
		},
		{
			"from": [5.96875, 5, 8],
			"to": [6.03125, 5.9531, 8],
			"rotation": {"angle": -45, "axis": "y", "origin": [6, 5, 8]},
			"faces": {
				"north": {"uv": [0.46875, 5.04688, 0.53125, 6], "texture": "#all"},
				"south": {"uv": [0.4688, 5.0469, 0.5313, 6], "texture": "#all"}
			}
		},
		{
			"from": [5.96875, 5, 8],
			"to": [6.03125, 5.9531, 8],
			"rotation": {"angle": 45, "axis": "y", "origin": [6, 5, 8]},
			"faces": {
				"north": {"uv": [0.46875, 5.04688, 0.53125, 6], "texture": "#all"},
				"south": {"uv": [0.4688, 5.0469, 0.5313, 6], "texture": "#all"}
			}
		}
	]
}