{
	"credit": "Made with Blockbench",
	"parent": "block/block",
	"textures": {
		"main": "block/chain_lantern",
		"particle": "block/chain_lantern"
	},
	"elements": [
		{
			"from": [5, 0, 5],
			"to": [11, 7, 11],
			"rotation": {"angle": 0, "axis": "y", "origin": [0, -1, 0]},
			"faces": {
				"north": {"uv": [10, 2, 16, 9], "texture": "#main"},
				"east": {"uv": [10, 2, 16, 9], "texture": "#main"},
				"south": {"uv": [10, 2, 16, 9], "texture": "#main"},
				"west": {"uv": [10, 2, 16, 9], "texture": "#main"},
				"up": {"uv": [10, 9, 16, 15], "texture": "#main"},
				"down": {"uv": [10, 9, 16, 15], "texture": "#main"}
			}
		},
		{
			"from": [6, 7, 6],
			"to": [10, 9, 10],
			"rotation": {"angle": 0, "axis": "y", "origin": [0, -1, 0]},
			"faces": {
				"north": {"uv": [11, 0, 15, 2], "texture": "#main"},
				"east": {"uv": [11, 0, 15, 2], "texture": "#main"},
				"south": {"uv": [11, 0, 15, 2], "texture": "#main"},
				"west": {"uv": [11, 0, 15, 2], "texture": "#main"},
				"up": {"uv": [11, 10, 15, 14], "texture": "#main"},
				"down": {"uv": [11, 10, 5, 14], "texture": "#main"}
			}
		},
		{
			"from": [8, 9, 6.5],
			"to": [8, 10, 9.5],
			"shade": false,
			"rotation": {"angle": 45, "axis": "y", "origin": [8, 7, 8]},
			"faces": {
				"east": {"uv": [3, 5, 6, 6], "texture": "#main"},
				"west": {"uv": [6, 5, 3, 6], "texture": "#main"}
			}
		}
	]
}