{
	"credit": "Made with Blockbench",
	"parent": "block/block",
	"elements": [
		{
			"from": [7, 0, 7],
			"to": [9, 6, 9],
			"faces": {
				"north": {"uv": [0, 8, 2, 14], "texture": "#all"},
				"east": {"uv": [0, 8, 2, 14], "texture": "#all"},
				"south": {"uv": [0, 8, 2, 14], "texture": "#all"},
				"west": {"uv": [0, 8, 2, 14], "texture": "#all"},
				"up": {"uv": [0, 6, 2, 8], "texture": "#all"},
				"down": {"uv": [0, 14, 2, 16], "texture": "#all", "cullface": "down"}
			}
		},
		{
			"from": [7.96875, 6, 8],
			"to": [8.03125, 6.9531, 8],
			"rotation": {"angle": 45, "axis": "y", "origin": [8, 6, 8]},
			"faces": {
				"north": {"uv": [0.46875, 5.04688, 0.53125, 6], "texture": "#all"},
				"south": {"uv": [0.4688, 5.0469, 0.5313, 6], "texture": "#all"}
			}
		},
		{
			"from": [7.96875, 6, 8],
			"to": [8.03125, 6.9531, 8],
			"rotation": {"angle": -45, "axis": "y", "origin": [8, 6, 8]},
			"faces": {
				"north": {"uv": [0.46875, 5.04688, 0.53125, 6], "texture": "#all"},
				"south": {"uv": [0.4688, 5.0469, 0.5313, 6], "texture": "#all"}
			}
		}
	]
}