{
	"credit": "Made with Blockbench",
	"parent": "block/block",
	"textures": {
		"main": "block/chain_lantern",
		"particle": "block/chain_lantern"
	},
	"elements": [
		{
			"from": [5, 1, 5],
			"to": [11, 8, 11],
			"faces": {
				"north": {"uv": [10, 2, 16, 9], "texture": "#main"},
				"east": {"uv": [10, 2, 16, 9], "texture": "#main"},
				"south": {"uv": [10, 2, 16, 9], "texture": "#main"},
				"west": {"uv": [10, 2, 16, 9], "texture": "#main"},
				"up": {"uv": [10, 9, 16, 15], "texture": "#main"},
				"down": {"uv": [10, 9, 16, 15], "texture": "#main"}
			}
		},
		{
			"from": [6, 8, 6],
			"to": [10, 10, 10],
			"faces": {
				"north": {"uv": [11, 0, 15, 2], "texture": "#main"},
				"east": {"uv": [11, 0, 15, 2], "texture": "#main"},
				"south": {"uv": [11, 0, 15, 2], "texture": "#main"},
				"west": {"uv": [11, 0, 15, 2], "texture": "#main"},
				"up": {"uv": [11, 10, 15, 14], "texture": "#main"},
				"down": {"uv": [1, 10, 5, 14], "texture": "#lantern"}
			}
		},
		{
			"from": [6.5, 10, 8],
			"to": [9.5, 16, 8],
			"shade": false,
			"rotation": {"angle": 45, "axis": "y", "origin": [8, 8, 8]},
			"faces": {
				"north": {"uv": [0, 3.2, 3, 9.2], "texture": "#main"},
				"south": {"uv": [3, 3.2, 0, 9.2], "texture": "#main"}
			}
		},
		{
			"from": [8, 10, 6.5],
			"to": [8, 16, 9.5],
			"shade": false,
			"rotation": {"angle": 45, "axis": "y", "origin": [8, 8, 8]},
			"faces": {
				"east": {"uv": [3, 0, 6, 6], "texture": "#main"},
				"west": {"uv": [6, 0, 3, 6], "texture": "#main"}
			}
		}
	]
}