{
	"parent": "block/block",
	"textures": {
		"upper": "block/anvil_upper",
		"lower": "block/anvil_lower",
		"particle": "block/anvil_upper"
	},
	"elements": [
		{
			"name": "Anvil base",
			"from": [2, 0, 2],
			"to": [14, 4, 14],
			"faces": {
				"north": {"uv": [0, 8, 6, 10], "texture": "#lower"},
				"east": {"uv": [6, 6, 0, 8], "rotation": 180, "texture": "#lower"},
				"south": {"uv": [6, 10, 8, 16], "rotation": 90, "texture": "#lower"},
				"west": {"uv": [8, 10, 10, 16], "rotation": 90, "texture": "#lower"},
				"up": {"uv": [0, 10, 6, 16], "rotation": 180, "texture": "#lower"},
				"down": {"uv": [10, 10, 16, 16], "rotation": 180, "texture": "#lower", "cullface": "down"}
			}
		},
		{
			"name": "Lower narrow portion",
			"from": [4, 4, 3],
			"to": [12, 5, 13],
			"faces": {
				"north": {"uv": [7, 0, 8, 4], "rotation": 90, "texture": "#lower"},
				"east": {"uv": [15, 0, 16, 6], "rotation": 90, "texture": "#lower"},
				"south": {"uv": [9, 0, 10, 4], "rotation": 90, "texture": "#lower"},
				"west": {"uv": [13, 0, 14, 6], "rotation": 90, "texture": "#lower"},
				"up": {"uv": [0, 0, 6, 4], "rotation": 270, "texture": "#lower"}
			}
		},
		{
			"name": "Wider section beneath top portion",
			"from": [6, 5, 4],
			"to": [10, 10, 12],
			"faces": {
				"north": {"uv": [14, 13, 16, 16], "texture": "#upper"},
				"east": {"uv": [14, 11, 11, 16], "rotation": 270, "texture": "#upper"},
				"south": {"uv": [14, 10, 16, 13], "texture": "#upper"},
				"west": {"uv": [8, 11, 11, 16], "rotation": 90, "texture": "#upper"}
			}
		},
		{
			"name": "Anvil top",
			"from": [3, 10, 0],
			"to": [13, 16, 16],
			"faces": {
				"north": {"uv": [5, 3, 10, 6], "texture": "#upper"},
				"east": {"uv": [13, 0, 10, 8], "rotation": 90, "texture": "#upper"},
				"south": {"uv": [5, 0, 10, 3], "texture": "#upper"},
				"west": {"uv": [13, 0, 16, 8], "rotation": 90, "texture": "#upper"},
				"up": {"uv": [0, 8, 5, 16], "rotation": 180, "texture": "#upper"},
				"down": {"uv": [0, 0, 5, 8], "rotation": 180, "texture": "#upper"}
			}
		}
	],
	"display": {
		"fixed": {
			"rotation": [0, 90, 0],
			"scale": [0.5, 0.5, 0.5]
		}
	}
}