{
	"credit": "Made with Blockbench",
	"ambientocclusion": false,
	"textures": {
		"rail": "block/rail",
		"rail1": "block/rail_layer1",
		"rail2": "block/rail_layer2",
		"rail3": "block/rail_layer3",
		"particle": "#rail"
	},
	"elements": [
		{
			"name": "layer_rails",
			"from": [0, 9, 0],
			"to": [16, 9, 16],
			"rotation": {"angle": 45, "axis": "x", "origin": [8, 9, 8], "rescale": true},
			"faces": {
				"up": {"uv": [0, 0, 16, 16], "texture": "#rail2"},
				"down": {"uv": [0, 16, 16, 0], "texture": "#rail2"}
			}
		},
		{
			"name": "layer_bolts",
			"from": [0, 8.875, 0.125],
			"to": [16, 8.875, 16.125],
			"rotation": {"angle": 45, "axis": "x", "origin": [8, 9, 8], "rescale": true},
			"faces": {
				"up": {"uv": [0, 0, 16, 16], "texture": "#rail3"},
				"down": {"uv": [0, 16, 16, 0], "texture": "#rail3"}
			}
		},
		{
			"name": "layer_planks",
			"from": [0, 8.75, 0.25],
			"to": [16, 8.75, 16.25],
			"rotation": {"angle": 45, "axis": "x", "origin": [8, 9, 8], "rescale": true},
			"faces": {
				"up": {"uv": [0, 0, 16, 16], "texture": "#rail1"},
				"down": {"uv": [0, 16, 16, 0], "texture": "#rail1"}
			}
		}
	]
}