{
	"credit": "Made with Blockbench",
	"textures": {
		"1": "block/acacia_door_top",
		"2": "block/acacia_door_top2",
		"particle": "block/acacia_door_bottom"
	},
	"elements": [
		{
			"from": [0, 0, 0],
			"to": [2, 16, 1],
			"faces": {
				"north": {"uv": [0, 0, 1.04688, 16], "texture": "#particle"},
				"east": {"uv": [0, 0, 1, 16], "texture": "#particle"},
				"south": {"uv": [0, 0, 1, 13.79688], "texture": "#particle"},
				"west": {"uv": [0, 0, 1, 16], "texture": "#particle"},
				"up": {"uv": [0, 0, 1, 13.79688], "texture": "#particle"},
				"down": {"uv": [0, 0, 1, 13.79688], "texture": "#particle"}
			}
		},
		{
			"from": [0, 0, 15],
			"to": [2, 16, 16],
			"faces": {
				"north": {"uv": [0, 0, 1, 13.79688], "texture": "#particle"},
				"east": {"uv": [0, 0, 1, 16], "texture": "#particle"},
				"south": {"uv": [0, 0, 1.04688, 16], "texture": "#particle"},
				"west": {"uv": [0, 0, 1, 16], "texture": "#particle"},
				"up": {"uv": [0, 0, 1, 13.79688], "texture": "#particle"},
				"down": {"uv": [0, 0, 1, 13.79688], "texture": "#particle"}
			}
		},
		{
			"from": [0.002, 0, 7.5],
			"to": [2.002, 15, 8.5],
			"rotation": {"angle": 0, "axis": "y", "origin": [7.5, 0, 7.5]},
			"faces": {
				"north": {"uv": [0, 0, 1, 13.79688], "texture": "#particle"},
				"east": {"uv": [0, 0, 1, 16], "texture": "#particle"},
				"south": {"uv": [0, 0, 1, 13.79688], "texture": "#particle"},
				"west": {"uv": [0, 0, 1, 16], "texture": "#particle"},
				"up": {"uv": [0, 0, 1, 13.79688], "texture": "#particle"},
				"down": {"uv": [0, 0, 1, 13.79688], "texture": "#particle"}
			}
		},
		{
			"from": [0, 15, 1],
			"to": [2, 16, 15],
			"faces": {
				"north": {"uv": [1.25, 8.6875, 15.25, 9.6875], "texture": "#1"},
				"east": {"uv": [1.25, 8.6875, 15.25, 9.6875], "texture": "#1"},
				"south": {"uv": [1.25, 8.6875, 15.25, 9.6875], "texture": "#1"},
				"west": {"uv": [1.25, 8.6875, 15.25, 9.6875], "texture": "#1"},
				"up": {"uv": [1.40625, 1.96875, 10.8125, 15.9375], "texture": "#1"},
				"down": {"uv": [1.25, 8.6875, 15.25, 9.6875], "texture": "#1"}
			}
		},
		{
			"from": [0, 7.5, 1],
			"to": [2.001, 8.5, 15],
			"rotation": {"angle": 0, "axis": "y", "origin": [7.5, 7.5, 7.5]},
			"faces": {
				"north": {"uv": [1.25, 8.6875, 15.25, 9.6875], "texture": "#1"},
				"east": {"uv": [1.25, 8.6875, 15.25, 9.6875], "texture": "#1"},
				"south": {"uv": [1.25, 8.6875, 15.25, 9.6875], "texture": "#1"},
				"west": {"uv": [1.25, 8.6875, 15.25, 9.6875], "texture": "#1"},
				"up": {"uv": [1.25, 8.6875, 15.25, 9.6875], "texture": "#1"},
				"down": {"uv": [1.25, 8.6875, 15.25, 9.6875], "texture": "#1"}
			}
		},
		{
			"from": [0.5, 8.5, 1],
			"to": [1.5, 15, 7.5],
			"faces": {
				"north": {"uv": [0, 0, 16, 16], "texture": "#2"},
				"east": {"uv": [0, 0, 16, 16], "texture": "#2"},
				"south": {"uv": [0, 0, 16, 16], "texture": "#2"},
				"west": {"uv": [0, 0, 16, 16], "texture": "#2"},
				"up": {"uv": [0, 0, 16, 16], "texture": "#2"},
				"down": {"uv": [0, 0, 16, 16], "texture": "#2"}
			}
		},
		{
			"from": [0.5, 8.5, 8.5],
			"to": [1.5, 15, 15],
			"faces": {
				"north": {"uv": [0, 0, 16, 16], "texture": "#2"},
				"east": {"uv": [0, 0, 16, 16], "texture": "#2"},
				"south": {"uv": [0, 0, 16, 16], "texture": "#2"},
				"west": {"uv": [0, 0, 16, 16], "texture": "#2"},
				"up": {"uv": [0, 0, 16, 16], "texture": "#2"},
				"down": {"uv": [0, 0, 16, 16], "texture": "#2"}
			}
		}
	],
	"groups": [
		0,
		1,
		2,
		3,
		4,
		5,
		6,
		{
			"name": "group",
			"origin": [0, 32, 12],
			"color": 0,
			"children": []
		}
	]
}