{
	"credit": "Made with Blockbench",
	"textures": {
		"0": "block/acacia_door_bottom",
		"1": "block/acacia_door_top",
		"2": "block/acacia_door_top2",
		"particle": "block/acacia_door_bottom"
	},
	"elements": [
		{
			"from": [0, 16, 0],
			"to": [1, 18, 16],
			"faces": {
				"north": {"uv": [0, 0, 1.04688, 13.09375], "texture": "#0"},
				"east": {"uv": [0, 0, 16, 4.70313], "texture": "#0"},
				"south": {"uv": [0, 0, 1.04688, 13.09375], "texture": "#0"},
				"west": {"uv": [0, 0, 16, 4.70313], "texture": "#0"},
				"up": {"uv": [0, 0, 1.04688, 13.09375], "texture": "#0"},
				"down": {"uv": [0, 0, 1.04688, 13.09375], "texture": "#0"}
			}
		},
		{
			"from": [15, 16, 0],
			"to": [16, 18, 16],
			"faces": {
				"north": {"uv": [0, 0, 1.04688, 13.09375], "texture": "#0"},
				"east": {"uv": [0, 0, 16, 4.70313], "texture": "#0"},
				"south": {"uv": [0, 0, 1.04688, 13.09375], "texture": "#0"},
				"west": {"uv": [0, 0, 16, 4.70313], "texture": "#0"},
				"up": {"uv": [0, 0, 1.04688, 13.09375], "texture": "#0"},
				"down": {"uv": [0, 0, 1.04688, 13.09375], "texture": "#0"}
			}
		},
		{
			"from": [1, 16, 0],
			"to": [15, 18, 1],
			"faces": {
				"north": {"uv": [7.53125, 4.59376, 14.37501, 5.73438], "texture": "#1"},
				"east": {"uv": [7.53125, 4.59376, 14.37501, 5.73438], "texture": "#1"},
				"south": {"uv": [7.53125, 4.59376, 14.37501, 5.73438], "texture": "#1"},
				"west": {"uv": [7.53125, 4.59376, 14.37501, 5.73438], "texture": "#1"},
				"up": {"uv": [7.64063, 10.98439, 14.48439, 11.53126], "texture": "#1"},
				"down": {"uv": [7.53125, 4.59376, 14.37501, 5.73438], "texture": "#1"}
			}
		},
		{
			"from": [1, 16, 15],
			"to": [15, 18, 16],
			"faces": {
				"north": {"uv": [7.53125, 4.59376, 14.37501, 5.73438], "texture": "#1"},
				"east": {"uv": [7.53125, 4.59376, 14.37501, 5.73438], "texture": "#1"},
				"south": {"uv": [7.53125, 4.59376, 14.37501, 5.73438], "texture": "#1"},
				"west": {"uv": [7.53125, 4.59376, 14.37501, 5.73438], "texture": "#1"},
				"up": {"uv": [7.64063, 10.98439, 14.48439, 11.53126], "texture": "#1"},
				"down": {"uv": [7.53125, 4.59376, 14.37501, 5.73438], "texture": "#1"}
			}
		},
		{
			"from": [1, 16, 7.5],
			"to": [15, 18, 8.5],
			"rotation": {"angle": 0, "axis": "y", "origin": [0, 7.5, -2.5]},
			"faces": {
				"north": {"uv": [7.53125, 4.59376, 14.37501, 5.73438], "texture": "#1"},
				"east": {"uv": [7.53125, 4.59376, 14.37501, 5.73438], "texture": "#1"},
				"south": {"uv": [7.53125, 4.59376, 14.37501, 5.73438], "texture": "#1"},
				"west": {"uv": [7.53125, 4.59376, 14.37501, 5.73438], "texture": "#1"},
				"up": {"uv": [7.64063, 10.98439, 14.48439, 11.53126], "texture": "#1"},
				"down": {"uv": [7.53125, 4.59376, 14.37501, 5.73438], "texture": "#1"}
			}
		},
		{
			"from": [7.5, 16, 8.5],
			"to": [8.5, 18, 15],
			"rotation": {"angle": 0, "axis": "y", "origin": [-0.5, 15.25, -2.5]},
			"faces": {
				"north": {"uv": [0, 0, 1.35938, 16], "texture": "#0"},
				"east": {"uv": [0, 0, 1.35938, 16], "texture": "#0"},
				"south": {"uv": [0, 0, 1.35938, 16], "texture": "#0"},
				"west": {"uv": [0, 0, 1.35938, 16], "texture": "#0"},
				"up": {"uv": [0, 0, 1.35938, 16], "texture": "#0"},
				"down": {"uv": [0, 0, 1.35938, 16], "texture": "#0"}
			}
		},
		{
			"from": [1, 17, 8.5],
			"to": [7.5, 17.1, 15],
			"rotation": {"angle": 0, "axis": "y", "origin": [-0.5, 15.25, -2.5]},
			"faces": {
				"north": {"uv": [0, 0, 16, 16], "texture": "#2"},
				"east": {"uv": [0, 0, 16, 16], "texture": "#2"},
				"south": {"uv": [0, 0, 16, 16], "texture": "#2"},
				"west": {"uv": [0, 0, 16, 16], "texture": "#2"},
				"up": {"uv": [0, 0, 16, 16], "texture": "#2"},
				"down": {"uv": [0, 0, 16, 16], "texture": "#2"}
			}
		},
		{
			"from": [8.5, 17, 8.5],
			"to": [15, 17.1, 15],
			"rotation": {"angle": 0, "axis": "y", "origin": [-0.5, 15.25, -2.5]},
			"faces": {
				"north": {"uv": [0, 0, 16, 16], "texture": "#2"},
				"east": {"uv": [0, 0, 16, 16], "texture": "#2"},
				"south": {"uv": [0, 0, 16, 16], "texture": "#2"},
				"west": {"uv": [0, 0, 16, 16], "texture": "#2"},
				"up": {"uv": [0, 0, 16, 16], "texture": "#2"},
				"down": {"uv": [0, 0, 16, 16], "texture": "#2"}
			}
		},
		{
			"from": [1, 17, 1],
			"to": [7.5, 17.1, 7.5],
			"rotation": {"angle": 0, "axis": "y", "origin": [-0.5, 15.25, -2.5]},
			"faces": {
				"north": {"uv": [0, 0, 16, 16], "texture": "#2"},
				"east": {"uv": [0, 0, 16, 16], "texture": "#2"},
				"south": {"uv": [0, 0, 16, 16], "texture": "#2"},
				"west": {"uv": [0, 0, 16, 16], "texture": "#2"},
				"up": {"uv": [0, 0, 16, 16], "texture": "#2"},
				"down": {"uv": [0, 0, 16, 16], "texture": "#2"}
			}
		},
		{
			"from": [8.5, 17, 1],
			"to": [15, 17.1, 7.5],
			"rotation": {"angle": 0, "axis": "y", "origin": [-0.5, 15.25, -2.5]},
			"faces": {
				"north": {"uv": [0, 0, 16, 16], "texture": "#2"},
				"east": {"uv": [0, 0, 16, 16], "texture": "#2"},
				"south": {"uv": [0, 0, 16, 16], "texture": "#2"},
				"west": {"uv": [0, 0, 16, 16], "texture": "#2"},
				"up": {"uv": [0, 0, 16, 16], "texture": "#2"},
				"down": {"uv": [0, 0, 16, 16], "texture": "#2"}
			}
		},
		{
			"from": [7.5, 16, 1],
			"to": [8.5, 18, 7.5],
			"rotation": {"angle": 0, "axis": "y", "origin": [-0.5, 15.25, -2.5]},
			"faces": {
				"north": {"uv": [0, 0, 1.35938, 16], "texture": "#0"},
				"east": {"uv": [0, 0, 1.35938, 16], "texture": "#0"},
				"south": {"uv": [0, 0, 1.35938, 16], "texture": "#0"},
				"west": {"uv": [0, 0, 1.35938, 16], "texture": "#0"},
				"up": {"uv": [0, 0, 1.35938, 16], "texture": "#0"},
				"down": {"uv": [0, 0, 1.35938, 16], "texture": "#0"}
			}
		}
	],
	"groups": [
		{
			"name": "acacia_trapdoor_bottom",
			"origin": [8, 8, 8],
			"color": 0,
			"children": [0, 1, 2, 3, 4, 5, 6, 7, 8, 9, 10]
		}
	]
}