{
	"credit": "Made with Blockbench",
	"textures": {
		"0": "block/acacia_door_bottom",
		"1": "block/acacia_door_top",
		"2": "block/acacia_door_top2",
		"particle": "block/acacia_door_bottom"
	},
	"elements": [
		{
			"from": [0, 0, 0],
			"to": [1, 2, 16],
			"faces": {
				"north": {"uv": [0, 0, 1.04688, 13.09375], "texture": "#0"},
				"east": {"uv": [0, 0, 16, 4.70313], "texture": "#0"},
				"south": {"uv": [0, 0, 1.04688, 13.09375], "texture": "#0"},
				"west": {"uv": [0, 0, 16, 4.70313], "texture": "#0"},
				"up": {"uv": [0, 0, 1.04688, 13.09375], "texture": "#0"},
				"down": {"uv": [0, 0, 1.04688, 13.09375], "texture": "#0"}
			}
		},
		{
			"from": [15, 0, 0],
			"to": [16, 2, 16],
			"faces": {
				"north": {"uv": [0, 0, 1.04688, 13.09375], "texture": "#0"},
				"east": {"uv": [0, 0, 16, 4.70313], "texture": "#0"},
				"south": {"uv": [0, 0, 1.04688, 13.09375], "texture": "#0"},
				"west": {"uv": [0, 0, 16, 4.70313], "texture": "#0"},
				"up": {"uv": [0, 0, 1.04688, 13.09375], "texture": "#0"},
				"down": {"uv": [0, 0, 1.04688, 13.09375], "texture": "#0"}
			}
		},
		{
			"from": [1, 0, 0],
			"to": [15, 2, 1],
			"faces": {
				"north": {"uv": [7.53125, 4.59376, 14.37501, 5.73438], "texture": "#1"},
				"east": {"uv": [7.53125, 4.59376, 14.37501, 5.73438], "texture": "#1"},
				"south": {"uv": [7.53125, 4.59376, 14.37501, 5.73438], "texture": "#1"},
				"west": {"uv": [7.53125, 4.59376, 14.37501, 5.73438], "texture": "#1"},
				"up": {"uv": [7.64063, 10.98439, 14.48439, 11.53126], "texture": "#1"},
				"down": {"uv": [7.53125, 4.59376, 14.37501, 5.73438], "texture": "#1"}
			}
		},
		{
			"from": [1, 0, 15],
			"to": [15, 2, 16],
			"faces": {
				"north": {"uv": [7.53125, 4.59376, 14.37501, 5.73438], "texture": "#1"},
				"east": {"uv": [7.53125, 4.59376, 14.37501, 5.73438], "texture": "#1"},
				"south": {"uv": [7.53125, 4.59376, 14.37501, 5.73438], "texture": "#1"},
				"west": {"uv": [7.53125, 4.59376, 14.37501, 5.73438], "texture": "#1"},
				"up": {"uv": [7.64063, 10.98439, 14.48439, 11.53126], "texture": "#1"},
				"down": {"uv": [7.53125, 4.59376, 14.37501, 5.73438], "texture": "#1"}
			}
		},
		{
			"from": [1, 0, 7.5],
			"to": [15, 2, 8.5],
			"rotation": {"angle": 0, "axis": "y", "origin": [0, 7.5, -2.5]},
			"faces": {
				"north": {"uv": [7.53125, 4.59376, 14.37501, 5.73438], "texture": "#1"},
				"east": {"uv": [7.53125, 4.59376, 14.37501, 5.73438], "texture": "#1"},
				"south": {"uv": [7.53125, 4.59376, 14.37501, 5.73438], "texture": "#1"},
				"west": {"uv": [7.53125, 4.59376, 14.37501, 5.73438], "texture": "#1"},
				"up": {"uv": [7.64063, 10.98439, 14.48439, 11.53126], "texture": "#1"},
				"down": {"uv": [7.53125, 4.59376, 14.37501, 5.73438], "texture": "#1"}
			}
		},
		{
			"from": [7.5, 0, 8.5],
			"to": [8.5, 2, 15],
			"rotation": {"angle": 0, "axis": "y", "origin": [-0.5, 15.25, -2.5]},
			"faces": {
				"north": {"uv": [0, 0, 1.35938, 16], "texture": "#0"},
				"east": {"uv": [0, 0, 1.35938, 16], "texture": "#0"},
				"south": {"uv": [0, 0, 1.35938, 16], "texture": "#0"},
				"west": {"uv": [0, 0, 1.35938, 16], "texture": "#0"},
				"up": {"uv": [0, 0, 1.35938, 16], "texture": "#0"},
				"down": {"uv": [0, 0, 1.35938, 16], "texture": "#0"}
			}
		},
		{
			"from": [1, 1, 8.5],
			"to": [7.5, 1.1, 15],
			"rotation": {"angle": 0, "axis": "y", "origin": [-0.5, 15.25, -2.5]},
			"faces": {
				"north": {"uv": [0, 0, 16, 16], "texture": "#2"},
				"east": {"uv": [0, 0, 16, 16], "texture": "#2"},
				"south": {"uv": [0, 0, 16, 16], "texture": "#2"},
				"west": {"uv": [0, 0, 16, 16], "texture": "#2"},
				"up": {"uv": [0, 0, 16, 16], "texture": "#2"},
				"down": {"uv": [0, 0, 16, 16], "texture": "#2"}
			}
		},
		{
			"from": [8.5, 1, 8.5],
			"to": [15, 1.1, 15],
			"rotation": {"angle": 0, "axis": "y", "origin": [-0.5, 15.25, -2.5]},
			"faces": {
				"north": {"uv": [0, 0, 16, 16], "texture": "#2"},
				"east": {"uv": [0, 0, 16, 16], "texture": "#2"},
				"south": {"uv": [0, 0, 16, 16], "texture": "#2"},
				"west": {"uv": [0, 0, 16, 16], "texture": "#2"},
				"up": {"uv": [0, 0, 16, 16], "texture": "#2"},
				"down": {"uv": [0, 0, 16, 16], "texture": "#2"}
			}
		},
		{
			"from": [1, 1, 1],
			"to": [7.5, 1.1, 7.5],
			"rotation": {"angle": 0, "axis": "y", "origin": [-0.5, 15.25, -2.5]},
			"faces": {
				"north": {"uv": [0, 0, 16, 16], "texture": "#2"},
				"east": {"uv": [0, 0, 16, 16], "texture": "#2"},
				"south": {"uv": [0, 0, 16, 16], "texture": "#2"},
				"west": {"uv": [0, 0, 16, 16], "texture": "#2"},
				"up": {"uv": [0, 0, 16, 16], "texture": "#2"},
				"down": {"uv": [0, 0, 16, 16], "texture": "#2"}
			}
		},
		{
			"from": [8.5, 1, 1],
			"to": [15, 1.1, 7.5],
			"rotation": {"angle": 0, "axis": "y", "origin": [-0.5, 15.25, -2.5]},
			"faces": {
				"north": {"uv": [0, 0, 16, 16], "texture": "#2"},
				"east": {"uv": [0, 0, 16, 16], "texture": "#2"},
				"south": {"uv": [0, 0, 16, 16], "texture": "#2"},
				"west": {"uv": [0, 0, 16, 16], "texture": "#2"},
				"up": {"uv": [0, 0, 16, 16], "texture": "#2"},
				"down": {"uv": [0, 0, 16, 16], "texture": "#2"}
			}
		},
		{
			"from": [7.5, 0, 1],
			"to": [8.5, 2, 7.5],
			"rotation": {"angle": 0, "axis": "y", "origin": [-0.5, 15.25, -2.5]},
			"faces": {
				"north": {"uv": [0, 0, 1.35938, 16], "texture": "#0"},
				"east": {"uv": [0, 0, 1.35938, 16], "texture": "#0"},
				"south": {"uv": [0, 0, 1.35938, 16], "texture": "#0"},
				"west": {"uv": [0, 0, 1.35938, 16], "texture": "#0"},
				"up": {"uv": [0, 0, 1.35938, 16], "texture": "#0"},
				"down": {"uv": [0, 0, 1.35938, 16], "texture": "#0"}
			}
		}
	],
	"display": {
		"thirdperson_righthand": {
			"translation": [0, 5.25, 0],
			"scale": [0.41602, 0.74805, 0.43945]
		},
		"thirdperson_lefthand": {
			"translation": [0, 5.25, 0],
			"scale": [0.41602, 0.74805, 0.43945]
		},
		"firstperson_righthand": {
			"translation": [0, 5.25, 0],
			"scale": [0.41602, 0.74805, 0.43945]
		},
		"firstperson_lefthand": {
			"translation": [0, 5.25, 0],
			"scale": [0.41602, 0.74805, 0.43945]
		},
		"ground": {
			"translation": [0, 5.25, 0],
			"scale": [0.41602, 0.74805, 0.43945]
		},
		"gui": {
			"rotation": [86, 0, 0],
			"translation": [0, 0.25, 0],
			"scale": [0.89648, 0.74805, 0.92773]
		},
		"fixed": {
			"rotation": [90.5, 0, 0],
			"translation": [0, 0, 6.5]
		}
	}
}