{
	"credit": "Made with Blockbench",
	"textures": {
		"0": "block/acacia_door_bottom",
		"1": "block/acacia_door_top",
		"2": "block/acacia_door_top2",
		"particle": "block/acacia_door_bottom"
	},
	"elements": [
		{
			"from": [0, 0, 14],
			"to": [1, 16, 16],
			"faces": {
				"north": {"uv": [0, 0, 1.04688, 13.09375], "rotation": 180, "texture": "#0"},
				"east": {"uv": [0, 0, 16, 4.70313], "rotation": 270, "texture": "#0"},
				"south": {"uv": [0, 0, 1.04688, 13.09375], "texture": "#0"},
				"west": {"uv": [0, 0, 16, 4.70313], "rotation": 90, "texture": "#0"},
				"up": {"uv": [0, 0, 1.04688, 13.09375], "rotation": 180, "texture": "#0"},
				"down": {"uv": [0, 0, 1.04688, 13.09375], "texture": "#0"}
			}
		},
		{
			"from": [15, 0, 14],
			"to": [16, 16, 16],
			"faces": {
				"north": {"uv": [0, 0, 1.04688, 13.09375], "rotation": 180, "texture": "#0"},
				"east": {"uv": [0, 0, 16, 4.70313], "rotation": 270, "texture": "#0"},
				"south": {"uv": [0, 0, 1.04688, 13.09375], "texture": "#0"},
				"west": {"uv": [0, 0, 16, 4.70313], "rotation": 90, "texture": "#0"},
				"up": {"uv": [0, 0, 1.04688, 13.09375], "rotation": 180, "texture": "#0"},
				"down": {"uv": [0, 0, 1.04688, 13.09375], "texture": "#0"}
			}
		},
		{
			"from": [1, 15, 14],
			"to": [15, 16, 16],
			"faces": {
				"north": {"uv": [7.53125, 4.59376, 14.37501, 5.73438], "rotation": 180, "texture": "#1"},
				"east": {"uv": [7.53125, 4.59376, 14.37501, 5.73438], "rotation": 270, "texture": "#1"},
				"south": {"uv": [7.64063, 10.98439, 14.48439, 11.53126], "texture": "#1"},
				"west": {"uv": [7.53125, 4.59376, 14.37501, 5.73438], "rotation": 90, "texture": "#1"},
				"up": {"uv": [7.53125, 4.59376, 14.37501, 5.73438], "rotation": 180, "texture": "#1"},
				"down": {"uv": [7.53125, 4.59376, 14.37501, 5.73438], "texture": "#1"}
			}
		},
		{
			"from": [1, 0, 14],
			"to": [15, 1, 16],
			"faces": {
				"north": {"uv": [7.53125, 4.59376, 14.37501, 5.73438], "rotation": 180, "texture": "#1"},
				"east": {"uv": [7.53125, 4.59376, 14.37501, 5.73438], "rotation": 270, "texture": "#1"},
				"south": {"uv": [7.64063, 10.98439, 14.48439, 11.53126], "texture": "#1"},
				"west": {"uv": [7.53125, 4.59376, 14.37501, 5.73438], "rotation": 90, "texture": "#1"},
				"up": {"uv": [7.53125, 4.59376, 14.37501, 5.73438], "rotation": 180, "texture": "#1"},
				"down": {"uv": [7.53125, 4.59376, 14.37501, 5.73438], "texture": "#1"}
			}
		},
		{
			"from": [1, 7.5, 14],
			"to": [15, 8.5, 16],
			"rotation": {"angle": 0, "axis": "x", "origin": [0, 7.5, -2.5]},
			"faces": {
				"north": {"uv": [7.53125, 4.59376, 14.37501, 5.73438], "rotation": 180, "texture": "#1"},
				"east": {"uv": [7.53125, 4.59376, 14.37501, 5.73438], "rotation": 270, "texture": "#1"},
				"south": {"uv": [7.64063, 10.98439, 14.48439, 11.53126], "texture": "#1"},
				"west": {"uv": [7.53125, 4.59376, 14.37501, 5.73438], "rotation": 90, "texture": "#1"},
				"up": {"uv": [7.53125, 4.59376, 14.37501, 5.73438], "rotation": 180, "texture": "#1"},
				"down": {"uv": [7.53125, 4.59376, 14.37501, 5.73438], "texture": "#1"}
			}
		},
		{
			"from": [7.5, 1, 14],
			"to": [8.5, 7.5, 16],
			"rotation": {"angle": 0, "axis": "x", "origin": [-0.5, 15.25, -2.5]},
			"faces": {
				"north": {"uv": [0, 0, 1.35938, 16], "rotation": 180, "texture": "#0"},
				"east": {"uv": [0, 0, 1.35938, 16], "rotation": 270, "texture": "#0"},
				"south": {"uv": [0, 0, 1.35938, 16], "texture": "#0"},
				"west": {"uv": [0, 0, 1.35938, 16], "rotation": 90, "texture": "#0"},
				"up": {"uv": [0, 0, 1.35938, 16], "rotation": 180, "texture": "#0"},
				"down": {"uv": [0, 0, 1.35938, 16], "texture": "#0"}
			}
		},
		{
			"from": [1, 1, 15.25],
			"to": [7.5, 7.5, 15.35],
			"rotation": {"angle": 0, "axis": "x", "origin": [-0.5, 15.25, -2.5]},
			"faces": {
				"north": {"uv": [0, 0, 16, 16], "rotation": 180, "texture": "#2"},
				"east": {"uv": [0, 0, 16, 16], "rotation": 270, "texture": "#2"},
				"south": {"uv": [0, 0, 16, 16], "texture": "#2"},
				"west": {"uv": [0, 0, 16, 16], "rotation": 90, "texture": "#2"},
				"up": {"uv": [0, 0, 16, 16], "rotation": 180, "texture": "#2"},
				"down": {"uv": [0, 0, 16, 16], "texture": "#2"}
			}
		},
		{
			"from": [8.5, 1, 15.25],
			"to": [15, 7.5, 15.35],
			"rotation": {"angle": 0, "axis": "x", "origin": [-0.5, 15.25, -2.5]},
			"faces": {
				"north": {"uv": [0, 0, 16, 16], "rotation": 180, "texture": "#2"},
				"east": {"uv": [0, 0, 16, 16], "rotation": 270, "texture": "#2"},
				"south": {"uv": [0, 0, 16, 16], "texture": "#2"},
				"west": {"uv": [0, 0, 16, 16], "rotation": 90, "texture": "#2"},
				"up": {"uv": [0, 0, 16, 16], "rotation": 180, "texture": "#2"},
				"down": {"uv": [0, 0, 16, 16], "texture": "#2"}
			}
		},
		{
			"from": [1, 8.5, 15.25],
			"to": [7.5, 15, 15.35],
			"rotation": {"angle": 0, "axis": "x", "origin": [-0.5, 15.25, -2.5]},
			"faces": {
				"north": {"uv": [0, 0, 16, 16], "rotation": 180, "texture": "#2"},
				"east": {"uv": [0, 0, 16, 16], "rotation": 270, "texture": "#2"},
				"south": {"uv": [0, 0, 16, 16], "texture": "#2"},
				"west": {"uv": [0, 0, 16, 16], "rotation": 90, "texture": "#2"},
				"up": {"uv": [0, 0, 16, 16], "rotation": 180, "texture": "#2"},
				"down": {"uv": [0, 0, 16, 16], "texture": "#2"}
			}
		},
		{
			"from": [8.5, 8.5, 15.25],
			"to": [15, 15, 15.35],
			"rotation": {"angle": 0, "axis": "x", "origin": [-0.5, 15.25, -2.5]},
			"faces": {
				"north": {"uv": [0, 0, 16, 16], "rotation": 180, "texture": "#2"},
				"east": {"uv": [0, 0, 16, 16], "rotation": 270, "texture": "#2"},
				"south": {"uv": [0, 0, 16, 16], "texture": "#2"},
				"west": {"uv": [0, 0, 16, 16], "rotation": 90, "texture": "#2"},
				"up": {"uv": [0, 0, 16, 16], "rotation": 180, "texture": "#2"},
				"down": {"uv": [0, 0, 16, 16], "texture": "#2"}
			}
		},
		{
			"from": [7.5, 8.5, 14],
			"to": [8.5, 15, 16],
			"rotation": {"angle": 0, "axis": "x", "origin": [-0.5, 15.25, -2.5]},
			"faces": {
				"north": {"uv": [0, 0, 1.35938, 16], "rotation": 180, "texture": "#0"},
				"east": {"uv": [0, 0, 1.35938, 16], "rotation": 270, "texture": "#0"},
				"south": {"uv": [0, 0, 1.35938, 16], "texture": "#0"},
				"west": {"uv": [0, 0, 1.35938, 16], "rotation": 90, "texture": "#0"},
				"up": {"uv": [0, 0, 1.35938, 16], "rotation": 180, "texture": "#0"},
				"down": {"uv": [0, 0, 1.35938, 16], "texture": "#0"}
			}
		}
	]
}