{
	"credit": "Made with Blockbench",
	"parent": "minecraft:item/generic_rail_display",
	"textures": {
		"1": "block/activator_rail_on",
		"1_0": "block/rail"
	},
	"elements": [
		{
			"from": [1, 10, -6],
			"to": [15, 11, -4],
			"rotation": {"angle": 45, "axis": "x", "origin": [0, 0, 0]},
			"faces": {
				"north": {"uv": [1.32813, 2.25, 16, 3.89063], "texture": "#1_0"},
				"east": {"uv": [1.32813, 2.25, 16, 3.89063], "texture": "#1_0"},
				"south": {"uv": [1.32813, 2.25, 16, 3.89063], "texture": "#1_0"},
				"west": {"uv": [1.32813, 2.25, 16, 3.89063], "texture": "#1_0"},
				"up": {"uv": [1.32813, 2.25, 16, 3.89063], "texture": "#1_0"},
				"down": {"uv": [1.32813, 2.25, 16, 3.89063], "texture": "#1_0"}
			}
		},
		{
			"from": [1, 10, -2],
			"to": [15, 11, 0],
			"rotation": {"angle": 45, "axis": "x", "origin": [0, 0, 0]},
			"faces": {
				"north": {"uv": [1.32813, 0.8125, 16, 2.45313], "texture": "#1_0"},
				"east": {"uv": [1.32813, 0.8125, 16, 2.45313], "texture": "#1_0"},
				"south": {"uv": [1.32813, 0.8125, 16, 2.45313], "texture": "#1_0"},
				"west": {"uv": [1.32813, 0.8125, 16, 2.45313], "texture": "#1_0"},
				"up": {"uv": [1.32813, 0.8125, 16, 2.45313], "texture": "#1_0"},
				"down": {"uv": [1.32813, 0.8125, 16, 2.45313], "texture": "#1_0"}
			}
		},
		{
			"from": [1, 10, 2],
			"to": [15, 11, 4],
			"rotation": {"angle": 45, "axis": "x", "origin": [0, 0, 0]},
			"faces": {
				"north": {"uv": [1.32813, 2.25, 16, 3.89063], "texture": "#1_0"},
				"east": {"uv": [1.32813, 2.25, 16, 3.89063], "texture": "#1_0"},
				"south": {"uv": [1.32813, 2.25, 16, 3.89063], "texture": "#1_0"},
				"west": {"uv": [1.32813, 2.25, 16, 3.89063], "texture": "#1_0"},
				"up": {"uv": [1.32813, 2.25, 16, 3.89063], "texture": "#1_0"},
				"down": {"uv": [1.32813, 2.25, 16, 3.89063], "texture": "#1_0"}
			}
		},
		{
			"from": [1, 10, 6],
			"to": [15, 11, 8],
			"rotation": {"angle": 45, "axis": "x", "origin": [0, 0, 0]},
			"faces": {
				"north": {"uv": [1.32813, 0.8125, 16, 2.45313], "texture": "#1_0"},
				"east": {"uv": [1.32813, 0.8125, 16, 2.45313], "texture": "#1_0"},
				"south": {"uv": [1.32813, 0.8125, 16, 2.45313], "texture": "#1_0"},
				"west": {"uv": [1.32813, 0.8125, 16, 2.45313], "texture": "#1_0"},
				"up": {"uv": [1.32813, 0.8125, 16, 2.45313], "texture": "#1_0"},
				"down": {"uv": [1.32813, 0.8125, 16, 2.45313], "texture": "#1_0"}
			}
		},
		{
			"from": [2.001, 11.3, -12.4],
			"to": [4.001, 13.28, 10.6],
			"rotation": {"angle": 45, "axis": "x", "origin": [0, 0, 0]},
			"faces": {
				"north": {"uv": [6.15626, 9.59375, 15.14063, 8.51563], "rotation": 270, "texture": "#1_0"},
				"east": {"uv": [6.15626, 9.59375, 15.14063, 8.51563], "rotation": 270, "texture": "#1_0"},
				"south": {"uv": [6.15626, 9.59375, 15.14063, 8.51563], "rotation": 270, "texture": "#1_0"},
				"west": {"uv": [6.15626, 9.59375, 15.14063, 8.51563], "rotation": 270, "texture": "#1_0"},
				"up": {"uv": [6.15626, 9.59375, 15.14063, 8.51563], "rotation": 270, "texture": "#1_0"},
				"down": {"uv": [6.15626, 9.59375, 15.14063, 8.51563], "rotation": 270, "texture": "#1_0"}
			}
		},
		{
			"from": [14.2, 11, 6],
			"to": [14.7, 11.2, 8],
			"rotation": {"angle": 45, "axis": "x", "origin": [0, 0, 0]},
			"faces": {
				"north": {"uv": [6.15626, 9.59375, 15.14063, 8.51563], "rotation": 270, "texture": "#1_0"},
				"east": {"uv": [6.15626, 9.59375, 15.14063, 8.51563], "rotation": 270, "texture": "#1_0"},
				"south": {"uv": [6.15626, 9.59375, 15.14063, 8.51563], "rotation": 270, "texture": "#1_0"},
				"west": {"uv": [6.15626, 9.59375, 15.14063, 8.51563], "rotation": 270, "texture": "#1_0"},
				"up": {"uv": [6.15626, 9.59375, 15.14063, 8.51563], "rotation": 270, "texture": "#1_0"},
				"down": {"uv": [6.15626, 9.59375, 15.14063, 8.51563], "rotation": 270, "texture": "#1_0"}
			}
		},
		{
			"from": [14.2, 11, 2],
			"to": [14.7, 11.2, 4],
			"rotation": {"angle": 45, "axis": "x", "origin": [0, 0, 0]},
			"faces": {
				"north": {"uv": [6.15626, 9.59375, 15.14063, 8.51563], "rotation": 270, "texture": "#1_0"},
				"east": {"uv": [6.15626, 9.59375, 15.14063, 8.51563], "rotation": 270, "texture": "#1_0"},
				"south": {"uv": [6.15626, 9.59375, 15.14063, 8.51563], "rotation": 270, "texture": "#1_0"},
				"west": {"uv": [6.15626, 9.59375, 15.14063, 8.51563], "rotation": 270, "texture": "#1_0"},
				"up": {"uv": [6.15626, 9.59375, 15.14063, 8.51563], "rotation": 270, "texture": "#1_0"},
				"down": {"uv": [6.15626, 9.59375, 15.14063, 8.51563], "rotation": 270, "texture": "#1_0"}
			}
		},
		{
			"from": [14.2, 11, -2],
			"to": [14.7, 11.2, 0],
			"rotation": {"angle": 45, "axis": "x", "origin": [0, 0, 0]},
			"faces": {
				"north": {"uv": [6.15626, 9.59375, 15.14063, 8.51563], "rotation": 270, "texture": "#1_0"},
				"east": {"uv": [6.15626, 9.59375, 15.14063, 8.51563], "rotation": 270, "texture": "#1_0"},
				"south": {"uv": [6.15626, 9.59375, 15.14063, 8.51563], "rotation": 270, "texture": "#1_0"},
				"west": {"uv": [6.15626, 9.59375, 15.14063, 8.51563], "rotation": 270, "texture": "#1_0"},
				"up": {"uv": [6.15626, 9.59375, 15.14063, 8.51563], "rotation": 270, "texture": "#1_0"},
				"down": {"uv": [6.15626, 9.59375, 15.14063, 8.51563], "rotation": 270, "texture": "#1_0"}
			}
		},
		{
			"from": [14.2, 11, -6],
			"to": [14.7, 11.2, -4],
			"rotation": {"angle": 45, "axis": "x", "origin": [0, 0, 0]},
			"faces": {
				"north": {"uv": [6.15626, 9.59375, 15.14063, 8.51563], "rotation": 270, "texture": "#1_0"},
				"east": {"uv": [6.15626, 9.59375, 15.14063, 8.51563], "rotation": 270, "texture": "#1_0"},
				"south": {"uv": [6.15626, 9.59375, 15.14063, 8.51563], "rotation": 270, "texture": "#1_0"},
				"west": {"uv": [6.15626, 9.59375, 15.14063, 8.51563], "rotation": 270, "texture": "#1_0"},
				"up": {"uv": [6.15626, 9.59375, 15.14063, 8.51563], "rotation": 270, "texture": "#1_0"},
				"down": {"uv": [6.15626, 9.59375, 15.14063, 8.51563], "rotation": 270, "texture": "#1_0"}
			}
		},
		{
			"from": [1.3, 11, 2],
			"to": [1.8, 11.2, 4],
			"rotation": {"angle": 45, "axis": "x", "origin": [0, 0, 0]},
			"faces": {
				"north": {"uv": [6.15626, 9.59375, 15.14063, 8.51563], "rotation": 270, "texture": "#1_0"},
				"east": {"uv": [6.15626, 9.59375, 15.14063, 8.51563], "rotation": 270, "texture": "#1_0"},
				"south": {"uv": [6.15626, 9.59375, 15.14063, 8.51563], "rotation": 270, "texture": "#1_0"},
				"west": {"uv": [6.15626, 9.59375, 15.14063, 8.51563], "rotation": 270, "texture": "#1_0"},
				"up": {"uv": [6.15626, 9.59375, 15.14063, 8.51563], "rotation": 270, "texture": "#1_0"},
				"down": {"uv": [6.15626, 9.59375, 15.14063, 8.51563], "rotation": 270, "texture": "#1_0"}
			}
		},
		{
			"from": [1.3, 11, -2],
			"to": [1.8, 11.2, 0],
			"rotation": {"angle": 45, "axis": "x", "origin": [0, 0, 0]},
			"faces": {
				"north": {"uv": [6.15626, 9.59375, 15.14063, 8.51563], "rotation": 270, "texture": "#1_0"},
				"east": {"uv": [6.15626, 9.59375, 15.14063, 8.51563], "rotation": 270, "texture": "#1_0"},
				"south": {"uv": [6.15626, 9.59375, 15.14063, 8.51563], "rotation": 270, "texture": "#1_0"},
				"west": {"uv": [6.15626, 9.59375, 15.14063, 8.51563], "rotation": 270, "texture": "#1_0"},
				"up": {"uv": [6.15626, 9.59375, 15.14063, 8.51563], "rotation": 270, "texture": "#1_0"},
				"down": {"uv": [6.15626, 9.59375, 15.14063, 8.51563], "rotation": 270, "texture": "#1_0"}
			}
		},
		{
			"from": [1.3, 11, -6],
			"to": [1.8, 11.2, -4],
			"rotation": {"angle": 45, "axis": "x", "origin": [0, 0, 0]},
			"faces": {
				"north": {"uv": [6.15626, 9.59375, 15.14063, 8.51563], "rotation": 270, "texture": "#1_0"},
				"east": {"uv": [6.15626, 9.59375, 15.14063, 8.51563], "rotation": 270, "texture": "#1_0"},
				"south": {"uv": [6.15626, 9.59375, 15.14063, 8.51563], "rotation": 270, "texture": "#1_0"},
				"west": {"uv": [6.15626, 9.59375, 15.14063, 8.51563], "rotation": 270, "texture": "#1_0"},
				"up": {"uv": [6.15626, 9.59375, 15.14063, 8.51563], "rotation": 270, "texture": "#1_0"},
				"down": {"uv": [6.15626, 9.59375, 15.14063, 8.51563], "rotation": 270, "texture": "#1_0"}
			}
		},
		{
			"from": [1.3, 11, 6],
			"to": [1.8, 11.2, 8],
			"rotation": {"angle": 45, "axis": "x", "origin": [0, 0, 0]},
			"faces": {
				"north": {"uv": [6.15626, 9.59375, 15.14063, 8.51563], "rotation": 270, "texture": "#1_0"},
				"east": {"uv": [6.15626, 9.59375, 15.14063, 8.51563], "rotation": 270, "texture": "#1_0"},
				"south": {"uv": [6.15626, 9.59375, 15.14063, 8.51563], "rotation": 270, "texture": "#1_0"},
				"west": {"uv": [6.15626, 9.59375, 15.14063, 8.51563], "rotation": 270, "texture": "#1_0"},
				"up": {"uv": [6.15626, 9.59375, 15.14063, 8.51563], "rotation": 270, "texture": "#1_0"},
				"down": {"uv": [6.15626, 9.59375, 15.14063, 8.51563], "rotation": 270, "texture": "#1_0"}
			}
		},
		{
			"from": [14, 11, -6],
			"to": [14.2, 12, -4],
			"rotation": {"angle": 45, "axis": "x", "origin": [0, 0, 0]},
			"faces": {
				"north": {"uv": [6.15626, 9.59375, 15.14063, 8.51563], "rotation": 270, "texture": "#1_0"},
				"east": {"uv": [10.28126, 14.96875, 11.34376, 12.93751], "rotation": 270, "texture": "#1_0"},
				"south": {"uv": [6.15626, 9.59375, 15.14063, 8.51563], "rotation": 270, "texture": "#1_0"},
				"west": {"uv": [6.15626, 9.59375, 15.14063, 8.51563], "rotation": 270, "texture": "#1_0"},
				"up": {"uv": [6.15626, 9.59375, 15.14063, 8.51563], "rotation": 270, "texture": "#1_0"},
				"down": {"uv": [6.15626, 9.59375, 15.14063, 8.51563], "rotation": 270, "texture": "#1_0"}
			}
		},
		{
			"from": [14, 11, 6],
			"to": [14.2, 12, 8],
			"rotation": {"angle": 45, "axis": "x", "origin": [0, 0, 0]},
			"faces": {
				"north": {"uv": [6.15626, 9.59375, 15.14063, 8.51563], "rotation": 270, "texture": "#1_0"},
				"east": {"uv": [10.28126, 14.96875, 11.34376, 12.93751], "rotation": 270, "texture": "#1_0"},
				"south": {"uv": [6.15626, 9.59375, 15.14063, 8.51563], "rotation": 270, "texture": "#1_0"},
				"west": {"uv": [6.15626, 9.59375, 15.14063, 8.51563], "rotation": 270, "texture": "#1_0"},
				"up": {"uv": [6.15626, 9.59375, 15.14063, 8.51563], "rotation": 270, "texture": "#1_0"},
				"down": {"uv": [6.15626, 9.59375, 15.14063, 8.51563], "rotation": 270, "texture": "#1_0"}
			}
		},
		{
			"from": [14, 11, -2],
			"to": [14.2, 12, 0],
			"rotation": {"angle": 45, "axis": "x", "origin": [0, 0, 0]},
			"faces": {
				"north": {"uv": [7.78125, 9.48437, 10.09375, 8.67188], "rotation": 270, "texture": "#1_0"},
				"east": {"uv": [10.28126, 14.96875, 11.34376, 12.93751], "rotation": 270, "texture": "#1_0"},
				"south": {"uv": [7.78125, 9.48437, 10.09375, 8.67188], "rotation": 270, "texture": "#1_0"},
				"west": {"uv": [7.78125, 9.48437, 10.09375, 8.67188], "rotation": 270, "texture": "#1_0"},
				"up": {"uv": [7.78125, 9.48437, 10.09375, 8.67188], "rotation": 270, "texture": "#1_0"},
				"down": {"uv": [7.78125, 9.48437, 10.09375, 8.67188], "rotation": 270, "texture": "#1_0"}
			}
		},
		{
			"from": [14, 11, 2],
			"to": [14.2, 12, 4],
			"rotation": {"angle": 45, "axis": "x", "origin": [0, 0, 0]},
			"faces": {
				"north": {"uv": [6.15626, 9.59375, 15.14063, 8.51563], "rotation": 270, "texture": "#1_0"},
				"east": {"uv": [10.28126, 14.96875, 11.34376, 12.93751], "rotation": 270, "texture": "#1_0"},
				"south": {"uv": [6.15626, 9.59375, 15.14063, 8.51563], "rotation": 270, "texture": "#1_0"},
				"west": {"uv": [6.15626, 9.59375, 15.14063, 8.51563], "rotation": 270, "texture": "#1_0"},
				"up": {"uv": [6.15626, 9.59375, 15.14063, 8.51563], "rotation": 270, "texture": "#1_0"},
				"down": {"uv": [6.15626, 9.59375, 15.14063, 8.51563], "rotation": 270, "texture": "#1_0"}
			}
		},
		{
			"from": [1.8, 11, -6],
			"to": [2, 12, -4],
			"rotation": {"angle": 45, "axis": "x", "origin": [0, 0, 0]},
			"faces": {
				"north": {"uv": [6.15626, 9.59375, 15.14063, 8.51563], "rotation": 270, "texture": "#1_0"},
				"east": {"uv": [6.15626, 9.59375, 15.14063, 8.51563], "rotation": 270, "texture": "#1_0"},
				"south": {"uv": [6.15626, 9.59375, 15.14063, 8.51563], "rotation": 270, "texture": "#1_0"},
				"west": {"uv": [10.28126, 14.96875, 11.34376, 12.93751], "rotation": 270, "texture": "#1_0"},
				"up": {"uv": [6.15626, 9.59375, 15.14063, 8.51563], "rotation": 270, "texture": "#1_0"},
				"down": {"uv": [6.15626, 9.59375, 15.14063, 8.51563], "rotation": 270, "texture": "#1_0"}
			}
		},
		{
			"from": [1, 10, -10],
			"to": [15, 11, -8],
			"rotation": {"angle": 45, "axis": "x", "origin": [0, 0, 0]},
			"faces": {
				"north": {"uv": [1.32813, 2.25, 16, 3.89063], "texture": "#1_0"},
				"east": {"uv": [1.32813, 2.25, 16, 3.89063], "texture": "#1_0"},
				"south": {"uv": [1.32813, 2.25, 16, 3.89063], "texture": "#1_0"},
				"west": {"uv": [1.32813, 2.25, 16, 3.89063], "texture": "#1_0"},
				"up": {"uv": [1.32813, 2.25, 16, 3.89063], "texture": "#1_0"},
				"down": {"uv": [1.32813, 2.25, 16, 3.89063], "texture": "#1_0"}
			}
		},
		{
			"from": [1.3, 11, -10],
			"to": [1.8, 11.2, -8],
			"rotation": {"angle": 45, "axis": "x", "origin": [0, 0, 0]},
			"faces": {
				"north": {"uv": [6.15626, 9.59375, 15.14063, 8.51563], "rotation": 270, "texture": "#1_0"},
				"east": {"uv": [6.15626, 9.59375, 15.14063, 8.51563], "rotation": 270, "texture": "#1_0"},
				"south": {"uv": [6.15626, 9.59375, 15.14063, 8.51563], "rotation": 270, "texture": "#1_0"},
				"west": {"uv": [6.15626, 9.59375, 15.14063, 8.51563], "rotation": 270, "texture": "#1_0"},
				"up": {"uv": [6.15626, 9.59375, 15.14063, 8.51563], "rotation": 270, "texture": "#1_0"},
				"down": {"uv": [6.15626, 9.59375, 15.14063, 8.51563], "rotation": 270, "texture": "#1_0"}
			}
		},
		{
			"from": [14.2, 11, -10],
			"to": [14.7, 11.2, -8],
			"rotation": {"angle": 45, "axis": "x", "origin": [0, 0, 0]},
			"faces": {
				"north": {"uv": [6.15626, 9.59375, 15.14063, 8.51563], "rotation": 270, "texture": "#1_0"},
				"east": {"uv": [6.15626, 9.59375, 15.14063, 8.51563], "rotation": 270, "texture": "#1_0"},
				"south": {"uv": [6.15626, 9.59375, 15.14063, 8.51563], "rotation": 270, "texture": "#1_0"},
				"west": {"uv": [6.15626, 9.59375, 15.14063, 8.51563], "rotation": 270, "texture": "#1_0"},
				"up": {"uv": [6.15626, 9.59375, 15.14063, 8.51563], "rotation": 270, "texture": "#1_0"},
				"down": {"uv": [6.15626, 9.59375, 15.14063, 8.51563], "rotation": 270, "texture": "#1_0"}
			}
		},
		{
			"from": [14, 11, -10],
			"to": [14.2, 12, -8],
			"rotation": {"angle": 45, "axis": "x", "origin": [0, 0, 0]},
			"faces": {
				"north": {"uv": [6.15626, 9.59375, 15.14063, 8.51563], "rotation": 270, "texture": "#1_0"},
				"east": {"uv": [10.28126, 14.96875, 11.34376, 12.93751], "rotation": 270, "texture": "#1_0"},
				"south": {"uv": [6.15626, 9.59375, 15.14063, 8.51563], "rotation": 270, "texture": "#1_0"},
				"west": {"uv": [6.15626, 9.59375, 15.14063, 8.51563], "rotation": 270, "texture": "#1_0"},
				"up": {"uv": [6.15626, 9.59375, 15.14063, 8.51563], "rotation": 270, "texture": "#1_0"},
				"down": {"uv": [6.15626, 9.59375, 15.14063, 8.51563], "rotation": 270, "texture": "#1_0"}
			}
		},
		{
			"from": [1.8, 11, -10],
			"to": [2, 12, -8],
			"rotation": {"angle": 45, "axis": "x", "origin": [0, 0, 0]},
			"faces": {
				"north": {"uv": [6.15626, 9.59375, 15.14063, 8.51563], "rotation": 270, "texture": "#1_0"},
				"east": {"uv": [6.15626, 9.59375, 15.14063, 8.51563], "rotation": 270, "texture": "#1_0"},
				"south": {"uv": [6.15626, 9.59375, 15.14063, 8.51563], "rotation": 270, "texture": "#1_0"},
				"west": {"uv": [10.28126, 14.96875, 11.34376, 12.93751], "rotation": 270, "texture": "#1_0"},
				"up": {"uv": [6.15626, 9.59375, 15.14063, 8.51563], "rotation": 270, "texture": "#1_0"},
				"down": {"uv": [6.15626, 9.59375, 15.14063, 8.51563], "rotation": 270, "texture": "#1_0"}
			}
		},
		{
			"from": [1.8, 11, 6],
			"to": [2, 12, 8],
			"rotation": {"angle": 45, "axis": "x", "origin": [0, 0, 0]},
			"faces": {
				"north": {"uv": [6.15626, 9.59375, 15.14063, 8.51563], "rotation": 270, "texture": "#1_0"},
				"east": {"uv": [6.15626, 9.59375, 15.14063, 8.51563], "rotation": 270, "texture": "#1_0"},
				"south": {"uv": [6.15626, 9.59375, 15.14063, 8.51563], "rotation": 270, "texture": "#1_0"},
				"west": {"uv": [10.28126, 14.96875, 11.34376, 12.93751], "rotation": 270, "texture": "#1_0"},
				"up": {"uv": [6.15626, 9.59375, 15.14063, 8.51563], "rotation": 270, "texture": "#1_0"},
				"down": {"uv": [6.15626, 9.59375, 15.14063, 8.51563], "rotation": 270, "texture": "#1_0"}
			}
		},
		{
			"from": [1.8, 11, -2],
			"to": [2, 12, 0],
			"rotation": {"angle": 45, "axis": "x", "origin": [0, 0, 0]},
			"faces": {
				"north": {"uv": [6.15626, 9.59375, 15.14063, 8.51563], "rotation": 270, "texture": "#1_0"},
				"east": {"uv": [6.15626, 9.59375, 15.14063, 8.51563], "rotation": 270, "texture": "#1_0"},
				"south": {"uv": [6.15626, 9.59375, 15.14063, 8.51563], "rotation": 270, "texture": "#1_0"},
				"west": {"uv": [10.28126, 14.96875, 11.34376, 12.93751], "rotation": 270, "texture": "#1_0"},
				"up": {"uv": [6.15626, 9.59375, 15.14063, 8.51563], "rotation": 270, "texture": "#1_0"},
				"down": {"uv": [6.15626, 9.59375, 15.14063, 8.51563], "rotation": 270, "texture": "#1_0"}
			}
		},
		{
			"from": [1.8, 11, 2],
			"to": [2, 12, 4],
			"rotation": {"angle": 45, "axis": "x", "origin": [0, 0, 0]},
			"faces": {
				"north": {"uv": [6.15626, 9.59375, 15.14063, 8.51563], "rotation": 270, "texture": "#1_0"},
				"east": {"uv": [6.15626, 9.59375, 15.14063, 8.51563], "rotation": 270, "texture": "#1_0"},
				"south": {"uv": [6.15626, 9.59375, 15.14063, 8.51563], "rotation": 270, "texture": "#1_0"},
				"west": {"uv": [10.28126, 14.96875, 11.34376, 12.93751], "rotation": 270, "texture": "#1_0"},
				"up": {"uv": [6.15626, 9.59375, 15.14063, 8.51563], "rotation": 270, "texture": "#1_0"},
				"down": {"uv": [6.15626, 9.59375, 15.14063, 8.51563], "rotation": 270, "texture": "#1_0"}
			}
		},
		{
			"from": [11.99, 11.3, -12.4],
			"to": [13.99, 13.28, 10.6],
			"rotation": {"angle": 45, "axis": "x", "origin": [0, 0, 0]},
			"faces": {
				"north": {"uv": [6.15626, 9.59375, 15.14063, 8.51563], "rotation": 270, "texture": "#1_0"},
				"east": {"uv": [6.15626, 9.59375, 15.14063, 8.51563], "rotation": 270, "texture": "#1_0"},
				"south": {"uv": [6.15626, 9.59375, 15.14063, 8.51563], "rotation": 270, "texture": "#1_0"},
				"west": {"uv": [6.15626, 9.59375, 15.14063, 8.51563], "rotation": 270, "texture": "#1_0"},
				"up": {"uv": [6.15626, 9.59375, 15.14063, 8.51563], "rotation": 270, "texture": "#1_0"},
				"down": {"uv": [6.15626, 9.59375, 15.14063, 8.51563], "rotation": 270, "texture": "#1_0"}
			}
		},
		{
			"from": [4, 13, -1],
			"to": [4.2, 14, 1],
			"rotation": {"angle": 45, "axis": "x", "origin": [7, 7, 0]},
			"faces": {
				"north": {"uv": [8.25, 0, 16, 7.21875], "texture": "#1"},
				"east": {"uv": [8.25, 0, 16, 7.21875], "texture": "#1"},
				"south": {"uv": [8.25, 0, 16, 7.21875], "texture": "#1"},
				"west": {"uv": [8.25, 0, 16, 7.21875], "texture": "#1"},
				"up": {"uv": [8.25, 0, 16, 7.21875], "texture": "#1"},
				"down": {"uv": [8.25, 0, 16, 7.21875], "texture": "#1"}
			}
		},
		{
			"from": [4, 13, 3],
			"to": [4.2, 14, 5],
			"rotation": {"angle": 45, "axis": "x", "origin": [7, 7, 0]},
			"faces": {
				"north": {"uv": [8.25, 0, 16, 7.21875], "texture": "#1"},
				"east": {"uv": [8.25, 0, 16, 7.21875], "texture": "#1"},
				"south": {"uv": [8.25, 0, 16, 7.21875], "texture": "#1"},
				"west": {"uv": [8.25, 0, 16, 7.21875], "texture": "#1"},
				"up": {"uv": [8.25, 0, 16, 7.21875], "texture": "#1"},
				"down": {"uv": [8.25, 0, 16, 7.21875], "texture": "#1"}
			}
		},
		{
			"from": [4, 13, 7],
			"to": [4.2, 14, 9],
			"rotation": {"angle": 45, "axis": "x", "origin": [7, 7, 0]},
			"faces": {
				"north": {"uv": [8.25, 0, 16, 7.21875], "texture": "#1"},
				"east": {"uv": [8.25, 0, 16, 7.21875], "texture": "#1"},
				"south": {"uv": [8.25, 0, 16, 7.21875], "texture": "#1"},
				"west": {"uv": [8.25, 0, 16, 7.21875], "texture": "#1"},
				"up": {"uv": [8.25, 0, 16, 7.21875], "texture": "#1"},
				"down": {"uv": [8.25, 0, 16, 7.21875], "texture": "#1"}
			}
		},
		{
			"from": [4, 13, 11],
			"to": [4.2, 14, 13],
			"rotation": {"angle": 45, "axis": "x", "origin": [7, 7, 0]},
			"faces": {
				"north": {"uv": [8.25, 0, 16, 7.21875], "texture": "#1"},
				"east": {"uv": [8.25, 0, 16, 7.21875], "texture": "#1"},
				"south": {"uv": [8.25, 0, 16, 7.21875], "texture": "#1"},
				"west": {"uv": [8.25, 0, 16, 7.21875], "texture": "#1"},
				"up": {"uv": [8.25, 0, 16, 7.21875], "texture": "#1"},
				"down": {"uv": [8.25, 0, 16, 7.21875], "texture": "#1"}
			}
		},
		{
			"from": [11.8, 13, 11],
			"to": [12, 14, 13],
			"rotation": {"angle": 45, "axis": "x", "origin": [7, 7, 0]},
			"faces": {
				"north": {"uv": [8.25, 0, 16, 7.21875], "texture": "#1"},
				"east": {"uv": [8.25, 0, 16, 7.21875], "texture": "#1"},
				"south": {"uv": [8.25, 0, 16, 7.21875], "texture": "#1"},
				"west": {"uv": [8.25, 0, 16, 7.21875], "texture": "#1"},
				"up": {"uv": [8.25, 0, 16, 7.21875], "texture": "#1"},
				"down": {"uv": [8.25, 0, 16, 7.21875], "texture": "#1"}
			}
		},
		{
			"from": [11.8, 13, 7],
			"to": [12, 14, 9],
			"rotation": {"angle": 45, "axis": "x", "origin": [7, 7, 0]},
			"faces": {
				"north": {"uv": [8.25, 0, 16, 7.21875], "texture": "#1"},
				"east": {"uv": [8.25, 0, 16, 7.21875], "texture": "#1"},
				"south": {"uv": [8.25, 0, 16, 7.21875], "texture": "#1"},
				"west": {"uv": [8.25, 0, 16, 7.21875], "texture": "#1"},
				"up": {"uv": [8.25, 0, 16, 7.21875], "texture": "#1"},
				"down": {"uv": [8.25, 0, 16, 7.21875], "texture": "#1"}
			}
		},
		{
			"from": [11.8, 13, 3],
			"to": [12, 14, 5],
			"rotation": {"angle": 45, "axis": "x", "origin": [7, 7, 0]},
			"faces": {
				"north": {"uv": [8.25, 0, 16, 7.21875], "texture": "#1"},
				"east": {"uv": [8.25, 0, 16, 7.21875], "texture": "#1"},
				"south": {"uv": [8.25, 0, 16, 7.21875], "texture": "#1"},
				"west": {"uv": [8.25, 0, 16, 7.21875], "texture": "#1"},
				"up": {"uv": [8.25, 0, 16, 7.21875], "texture": "#1"},
				"down": {"uv": [8.25, 0, 16, 7.21875], "texture": "#1"}
			}
		},
		{
			"from": [11.8, 13, -1],
			"to": [12, 14, 1],
			"rotation": {"angle": 45, "axis": "x", "origin": [7, 7, 0]},
			"faces": {
				"north": {"uv": [8.25, 0, 16, 7.21875], "texture": "#1"},
				"east": {"uv": [8.25, 0, 16, 7.21875], "texture": "#1"},
				"south": {"uv": [8.25, 0, 16, 7.21875], "texture": "#1"},
				"west": {"uv": [8.25, 0, 16, 7.21875], "texture": "#1"},
				"up": {"uv": [8.25, 0, 16, 7.21875], "texture": "#1"},
				"down": {"uv": [8.25, 0, 16, 7.21875], "texture": "#1"}
			}
		},
		{
			"from": [10.3, 13, -1],
			"to": [11.8, 13.2, 1],
			"rotation": {"angle": 45, "axis": "x", "origin": [7, 7, 0]},
			"faces": {
				"north": {"uv": [10.375, 4.35937, 16, 0], "rotation": 270, "texture": "#1"},
				"east": {"uv": [10.375, 4.35937, 16, 0], "rotation": 270, "texture": "#1"},
				"south": {"uv": [10.375, 4.35937, 16, 0], "rotation": 270, "texture": "#1"},
				"west": {"uv": [10.375, 4.35937, 16, 0], "rotation": 270, "texture": "#1"},
				"up": {"uv": [10.375, 4.35937, 16, 0], "rotation": 270, "texture": "#1"},
				"down": {"uv": [10.375, 4.35937, 16, 0], "rotation": 270, "texture": "#1"}
			}
		},
		{
			"from": [10.3, 13, 3],
			"to": [11.8, 13.2, 5],
			"rotation": {"angle": 45, "axis": "x", "origin": [7, 7, 0]},
			"faces": {
				"north": {"uv": [10.375, 4.35937, 16, 0], "rotation": 270, "texture": "#1"},
				"east": {"uv": [10.375, 4.35937, 16, 0], "rotation": 270, "texture": "#1"},
				"south": {"uv": [10.375, 4.35937, 16, 0], "rotation": 270, "texture": "#1"},
				"west": {"uv": [10.375, 4.35937, 16, 0], "rotation": 270, "texture": "#1"},
				"up": {"uv": [10.375, 4.35937, 16, 0], "rotation": 270, "texture": "#1"},
				"down": {"uv": [10.375, 4.35937, 16, 0], "rotation": 270, "texture": "#1"}
			}
		},
		{
			"from": [10.3, 13, 7],
			"to": [11.8, 13.2, 9],
			"rotation": {"angle": 45, "axis": "x", "origin": [7, 7, 0]},
			"faces": {
				"north": {"uv": [10.375, 4.35937, 16, 0], "rotation": 270, "texture": "#1"},
				"east": {"uv": [10.375, 4.35937, 16, 0], "rotation": 270, "texture": "#1"},
				"south": {"uv": [10.375, 4.35937, 16, 0], "rotation": 270, "texture": "#1"},
				"west": {"uv": [10.375, 4.35937, 16, 0], "rotation": 270, "texture": "#1"},
				"up": {"uv": [10.375, 4.35937, 16, 0], "rotation": 270, "texture": "#1"},
				"down": {"uv": [10.375, 4.35937, 16, 0], "rotation": 270, "texture": "#1"}
			}
		},
		{
			"from": [10.3, 13, 11],
			"to": [11.8, 13.2, 13],
			"rotation": {"angle": 45, "axis": "x", "origin": [7, 7, 0]},
			"faces": {
				"north": {"uv": [10.375, 4.35937, 16, 0], "rotation": 270, "texture": "#1"},
				"east": {"uv": [10.375, 4.35937, 16, 0], "rotation": 270, "texture": "#1"},
				"south": {"uv": [10.375, 4.35937, 16, 0], "rotation": 270, "texture": "#1"},
				"west": {"uv": [10.375, 4.35937, 16, 0], "rotation": 270, "texture": "#1"},
				"up": {"uv": [10.375, 4.35937, 16, 0], "rotation": 270, "texture": "#1"},
				"down": {"uv": [10.375, 4.35937, 16, 0], "rotation": 270, "texture": "#1"}
			}
		},
		{
			"from": [4.2, 13, 11],
			"to": [5.7, 13.2, 13],
			"rotation": {"angle": 45, "axis": "x", "origin": [7, 7, 0]},
			"faces": {
				"north": {"uv": [10.375, 4.35937, 16, 0], "rotation": 270, "texture": "#1"},
				"east": {"uv": [10.375, 4.35937, 16, 0], "rotation": 270, "texture": "#1"},
				"south": {"uv": [10.375, 4.35937, 16, 0], "rotation": 270, "texture": "#1"},
				"west": {"uv": [10.375, 4.35937, 16, 0], "rotation": 270, "texture": "#1"},
				"up": {"uv": [10.375, 4.35937, 16, 0], "rotation": 270, "texture": "#1"},
				"down": {"uv": [10.375, 4.35937, 16, 0], "rotation": 270, "texture": "#1"}
			}
		},
		{
			"from": [4.2, 13, -1],
			"to": [5.7, 13.2, 1],
			"rotation": {"angle": 45, "axis": "x", "origin": [7, 7, 0]},
			"faces": {
				"north": {"uv": [10.375, 4.35937, 16, 0], "rotation": 270, "texture": "#1"},
				"east": {"uv": [10.375, 4.35937, 16, 0], "rotation": 270, "texture": "#1"},
				"south": {"uv": [10.375, 4.35937, 16, 0], "rotation": 270, "texture": "#1"},
				"west": {"uv": [10.375, 4.35937, 16, 0], "rotation": 270, "texture": "#1"},
				"up": {"uv": [10.375, 4.35937, 16, 0], "rotation": 270, "texture": "#1"},
				"down": {"uv": [10.375, 4.35937, 16, 0], "rotation": 270, "texture": "#1"}
			}
		},
		{
			"from": [4, 13, -5],
			"to": [4.2, 14, -3],
			"rotation": {"angle": 45, "axis": "x", "origin": [7, 7, 0]},
			"faces": {
				"north": {"uv": [8.25, 0, 16, 7.21875], "texture": "#1"},
				"east": {"uv": [8.25, 0, 16, 7.21875], "texture": "#1"},
				"south": {"uv": [8.25, 0, 16, 7.21875], "texture": "#1"},
				"west": {"uv": [8.25, 0, 16, 7.21875], "texture": "#1"},
				"up": {"uv": [8.25, 0, 16, 7.21875], "texture": "#1"},
				"down": {"uv": [8.25, 0, 16, 7.21875], "texture": "#1"}
			}
		},
		{
			"from": [4.2, 13, -5],
			"to": [5.7, 13.2, -3],
			"rotation": {"angle": 45, "axis": "x", "origin": [7, 7, 0]},
			"faces": {
				"north": {"uv": [10.375, 4.35937, 16, 0], "rotation": 270, "texture": "#1"},
				"east": {"uv": [10.375, 4.35937, 16, 0], "rotation": 270, "texture": "#1"},
				"south": {"uv": [10.375, 4.35937, 16, 0], "rotation": 270, "texture": "#1"},
				"west": {"uv": [10.375, 4.35937, 16, 0], "rotation": 270, "texture": "#1"},
				"up": {"uv": [10.375, 4.35937, 16, 0], "rotation": 270, "texture": "#1"},
				"down": {"uv": [10.375, 4.35937, 16, 0], "rotation": 270, "texture": "#1"}
			}
		},
		{
			"from": [10.3, 13, -5],
			"to": [11.8, 13.2, -3],
			"rotation": {"angle": 45, "axis": "x", "origin": [7, 7, 0]},
			"faces": {
				"north": {"uv": [10.375, 4.35937, 16, 0], "rotation": 270, "texture": "#1"},
				"east": {"uv": [10.375, 4.35937, 16, 0], "rotation": 270, "texture": "#1"},
				"south": {"uv": [10.375, 4.35937, 16, 0], "rotation": 270, "texture": "#1"},
				"west": {"uv": [10.375, 4.35937, 16, 0], "rotation": 270, "texture": "#1"},
				"up": {"uv": [10.375, 4.35937, 16, 0], "rotation": 270, "texture": "#1"},
				"down": {"uv": [10.375, 4.35937, 16, 0], "rotation": 270, "texture": "#1"}
			}
		},
		{
			"from": [11.8, 13, -5],
			"to": [12, 14, -3],
			"rotation": {"angle": 45, "axis": "x", "origin": [7, 7, 0]},
			"faces": {
				"north": {"uv": [8.25, 0, 16, 7.21875], "texture": "#1"},
				"east": {"uv": [8.25, 0, 16, 7.21875], "texture": "#1"},
				"south": {"uv": [8.25, 0, 16, 7.21875], "texture": "#1"},
				"west": {"uv": [8.25, 0, 16, 7.21875], "texture": "#1"},
				"up": {"uv": [8.25, 0, 16, 7.21875], "texture": "#1"},
				"down": {"uv": [8.25, 0, 16, 7.21875], "texture": "#1"}
			}
		},
		{
			"from": [4.2, 13, 3],
			"to": [5.7, 13.2, 5],
			"rotation": {"angle": 45, "axis": "x", "origin": [7, 7, 0]},
			"faces": {
				"north": {"uv": [10.375, 4.35937, 16, 0], "rotation": 270, "texture": "#1"},
				"east": {"uv": [10.375, 4.35937, 16, 0], "rotation": 270, "texture": "#1"},
				"south": {"uv": [10.375, 4.35937, 16, 0], "rotation": 270, "texture": "#1"},
				"west": {"uv": [10.375, 4.35937, 16, 0], "rotation": 270, "texture": "#1"},
				"up": {"uv": [10.375, 4.35937, 16, 0], "rotation": 270, "texture": "#1"},
				"down": {"uv": [10.375, 4.35937, 16, 0], "rotation": 270, "texture": "#1"}
			}
		},
		{
			"from": [4.2, 13, 7],
			"to": [5.7, 13.2, 9],
			"rotation": {"angle": 45, "axis": "x", "origin": [7, 7, 0]},
			"faces": {
				"north": {"uv": [10.375, 4.35937, 16, 0], "rotation": 270, "texture": "#1"},
				"east": {"uv": [10.375, 4.35937, 16, 0], "rotation": 270, "texture": "#1"},
				"south": {"uv": [10.375, 4.35937, 16, 0], "rotation": 270, "texture": "#1"},
				"west": {"uv": [10.375, 4.35937, 16, 0], "rotation": 270, "texture": "#1"},
				"up": {"uv": [10.375, 4.35937, 16, 0], "rotation": 270, "texture": "#1"},
				"down": {"uv": [10.375, 4.35937, 16, 0], "rotation": 270, "texture": "#1"}
			}
		},
		{
			"from": [7, 12.001, -7],
			"to": [9, 13.101, 16],
			"rotation": {"angle": 45, "axis": "x", "origin": [7, 7, 0]},
			"faces": {
				"north": {"uv": [11.03125, 0, 13.03125, 16], "texture": "#1"},
				"east": {"uv": [11.03125, 0, 11.25, 16], "texture": "#1"},
				"south": {"uv": [11.03125, 0, 13.03125, 16], "texture": "#1"},
				"west": {"uv": [11.03125, 0, 11.25, 16], "texture": "#1"},
				"up": {"uv": [11.03125, 0, 13.03125, 16], "texture": "#1"},
				"down": {"uv": [11.03125, 0, 13.03125, 16], "texture": "#1"}
			}
		}
	],
	"display": {
		"thirdperson_righthand": {
			"rotation": [-20, 40, 0],
			"translation": [0, 3.25, 0],
			"scale": [0.4, 0.4, 0.4]
		},
		"thirdperson_lefthand": {
			"rotation": [-20, 40, 0],
			"translation": [0, 3.25, 0],
			"scale": [0.4, 0.4, 0.4]
		},
		"firstperson_righthand": {
			"rotation": [55, 0, 90],
			"translation": [-5, -1, 0]
		},
		"firstperson_lefthand": {
			"rotation": [55, 0, 90],
			"translation": [-5, -1, 0]
		},
		"ground": {
			"translation": [0, 0.5, 0],
			"scale": [0.4, 0.4, 0.4]
		},
		"gui": {
			"rotation": [90, 0, 0],
			"translation": [0, 0.5, 0]
		},
		"head": {
			"rotation": [-90, 90, 0],
			"translation": [0, 0, -14]
		},
		"fixed": {
			"rotation": [-90, 0, 0],
			"translation": [0, 0, -7.75]
		}
	},
	"groups": [
		{
			"name": "rail",
			"origin": [8, 8, 8],
			"color": 0,
			"children": [0, 1, 2, 3, 4, 5, 6, 7, 8, 9, 10, 11, 12, 13, 14, 15, 16, 17, 18, 19, 20, 21, 22, 23, 24, 25, 26]
		},
		{
			"name": "activator_rail_ui",
			"origin": [8, 8, 8],
			"color": 0,
			"children": [27, 28, 29, 30, 31, 32, 33, 34, 35, 36, 37, 38, 39, 40, 41, 42, 43, 44, 45, 46, 47]
		}
	]
}