{
	"credit": "Made with Blockbench",
	"parent": "block/block",
	"ambientocclusion": false,
	"textures": {
		"3": "block/beacon_innerset",
		"4": "block/beacon_obsidian",
		"5": "block/beacon_bars",
		"glass": "block/beacon",
		"particle": "block/beacon2",
		"beacon": "block/beacon2"
	},
	"elements": [
		{
			"from": [0, 0, 0],
			"to": [1, 16, 1],
			"faces": {
				"north": {"uv": [0, 1.875, 0.625, 14.8125], "texture": "#5"},
				"east": {"uv": [0, 1.875, 0.625, 14.8125], "texture": "#5"},
				"south": {"uv": [0, 1.875, 0.625, 14.8125], "texture": "#5"},
				"west": {"uv": [0, 1.875, 0.625, 14.8125], "texture": "#5"},
				"up": {"uv": [0, 1.875, 2.21875, 5.125], "texture": "#5"},
				"down": {"uv": [0, 1.875, 2.21875, 5.125], "texture": "#5"}
			}
		},
		{
			"from": [15, 0, 0],
			"to": [16, 16, 1],
			"faces": {
				"north": {"uv": [0, 1.875, 0.625, 14.8125], "texture": "#5"},
				"east": {"uv": [0, 1.875, 0.625, 14.8125], "texture": "#5"},
				"south": {"uv": [0, 1.875, 0.625, 14.8125], "texture": "#5"},
				"west": {"uv": [0, 1.875, 0.625, 14.8125], "texture": "#5"},
				"up": {"uv": [0, 1.875, 2.21875, 5.125], "texture": "#5"},
				"down": {"uv": [0, 1.875, 2.21875, 5.125], "texture": "#5"}
			}
		},
		{
			"from": [1, 0, 0],
			"to": [15, 1, 1],
			"faces": {
				"north": {"uv": [0, 0, 14, 0.5625], "texture": "#5"},
				"east": {"uv": [0, 0, 14, 0.5625], "texture": "#5"},
				"south": {"uv": [0, 0, 14, 0.5625], "texture": "#5"},
				"west": {"uv": [0, 0, 14, 0.5625], "texture": "#5"},
				"up": {"uv": [0, 0, 14, 0.5625], "texture": "#5"},
				"down": {"uv": [0, 0, 14, 0.5625], "texture": "#5"}
			}
		},
		{
			"from": [1, 0.01, 1],
			"to": [15, 0.01, 15],
			"faces": {
				"north": {"uv": [0, 0, 16, 16], "texture": "#4"},
				"east": {"uv": [0, 0, 16, 16], "texture": "#4"},
				"south": {"uv": [0, 0, 16, 16], "texture": "#4"},
				"west": {"uv": [0, 0, 16, 16], "texture": "#4"},
				"up": {"uv": [0, 0, 16, 16], "texture": "#4"},
				"down": {"uv": [0, 0, 16, 16], "texture": "#4"}
			}
		},
		{
			"from": [1, 15.5, 1],
			"to": [15, 15.5, 16],
			"faces": {
				"north": {"uv": [0.6875, 0.90625, 15.21875, 15.25], "texture": "#glass"},
				"east": {"uv": [0.6875, 0.90625, 15.21875, 15.25], "texture": "#glass"},
				"south": {"uv": [0.6875, 0.90625, 15.21875, 15.25], "texture": "#glass"},
				"west": {"uv": [0.6875, 0.90625, 15.21875, 15.25], "texture": "#glass"},
				"up": {"uv": [0.6875, 0.90625, 15.21875, 15.25], "texture": "#glass"},
				"down": {"uv": [4.90625, 5.25, 9.34375, 9.78125], "texture": "#glass"}
			}
		},
		{
			"from": [1, 1, 0.5],
			"to": [15, 15, 0.5],
			"faces": {
				"north": {"uv": [0.6875, 0.90625, 15.21875, 15.25], "texture": "#glass"},
				"east": {"uv": [0.6875, 0.90625, 15.21875, 15.25], "texture": "#glass"},
				"south": {"uv": [5.28125, 3.78125, 10.40625, 8.71875], "texture": "#glass"},
				"west": {"uv": [0.6875, 0.90625, 15.21875, 15.25], "texture": "#glass"},
				"up": {"uv": [0.6875, 0.90625, 15.21875, 15.25], "texture": "#glass"},
				"down": {"uv": [0.6875, 0.90625, 15.21875, 15.25], "texture": "#glass"}
			}
		},
		{
			"from": [1, 1, 15.5],
			"to": [15, 15, 15.5],
			"faces": {
				"north": {"uv": [5.4375, 4.875, 11.09375, 10.84375], "texture": "#glass"},
				"east": {"uv": [0.6875, 0.90625, 15.21875, 15.25], "texture": "#glass"},
				"south": {"uv": [0.6875, 0.90625, 15.21875, 15.25], "texture": "#glass"},
				"west": {"uv": [0.6875, 0.90625, 15.21875, 15.25], "texture": "#glass"},
				"up": {"uv": [0.6875, 0.90625, 15.21875, 15.25], "texture": "#glass"},
				"down": {"uv": [0.6875, 0.90625, 15.21875, 15.25], "texture": "#glass"}
			}
		},
		{
			"from": [1, 0, 15],
			"to": [15, 1, 16],
			"faces": {
				"north": {"uv": [0, 0, 14, 0.5625], "texture": "#5"},
				"east": {"uv": [0, 0, 14, 0.5625], "texture": "#5"},
				"south": {"uv": [0, 0, 14, 0.5625], "texture": "#5"},
				"west": {"uv": [0, 0, 14, 0.5625], "texture": "#5"},
				"up": {"uv": [0, 0, 14, 0.5625], "texture": "#5"},
				"down": {"uv": [0, 0, 14, 0.5625], "texture": "#5"}
			}
		},
		{
			"from": [15, 0, 15],
			"to": [16, 16, 16],
			"faces": {
				"north": {"uv": [0, 1.875, 0.625, 14.8125], "texture": "#5"},
				"east": {"uv": [0, 1.875, 0.625, 14.8125], "texture": "#5"},
				"south": {"uv": [0, 1.875, 0.625, 14.8125], "texture": "#5"},
				"west": {"uv": [0, 1.875, 0.625, 14.8125], "texture": "#5"},
				"up": {"uv": [0, 1.875, 2.21875, 5.125], "texture": "#5"},
				"down": {"uv": [0, 1.875, 2.21875, 5.125], "texture": "#5"}
			}
		},
		{
			"from": [0, 0, 15],
			"to": [1, 16, 16],
			"faces": {
				"north": {"uv": [0, 1.875, 0.625, 14.8125], "texture": "#5"},
				"east": {"uv": [0, 1.875, 0.625, 14.8125], "texture": "#5"},
				"south": {"uv": [0, 1.875, 0.625, 14.8125], "texture": "#5"},
				"west": {"uv": [0, 1.875, 0.625, 14.8125], "texture": "#5"},
				"up": {"uv": [0, 1.875, 2.21875, 5.125], "texture": "#5"},
				"down": {"uv": [0, 1.875, 2.21875, 5.125], "texture": "#5"}
			}
		},
		{
			"from": [0, 0, 1],
			"to": [1, 1, 15],
			"faces": {
				"north": {"uv": [0, 0, 14, 0.5625], "texture": "#5"},
				"east": {"uv": [0, 0, 14, 0.5625], "texture": "#5"},
				"south": {"uv": [0, 0, 14, 0.5625], "texture": "#5"},
				"west": {"uv": [0, 0, 14, 0.5625], "texture": "#5"},
				"up": {"uv": [0, 0, 14, 0.5625], "texture": "#5"},
				"down": {"uv": [0, 0, 14, 0.5625], "texture": "#5"}
			}
		},
		{
			"from": [15, 0, 1],
			"to": [16, 1, 15],
			"faces": {
				"north": {"uv": [0, 0, 14, 0.5625], "texture": "#5"},
				"east": {"uv": [0, 0, 14, 0.5625], "texture": "#5"},
				"south": {"uv": [0, 0, 14, 0.5625], "texture": "#5"},
				"west": {"uv": [0, 0, 14, 0.5625], "texture": "#5"},
				"up": {"uv": [0, 0, 1, 10.125], "texture": "#5"},
				"down": {"uv": [0, 0, 14, 0.5625], "texture": "#5"}
			}
		},
		{
			"from": [15.5, 1, 1],
			"to": [15.5, 15, 15],
			"faces": {
				"north": {"uv": [0.6875, 0.90625, 15.21875, 15.25], "texture": "#glass"},
				"east": {"uv": [0.6875, 0.90625, 15.21875, 15.25], "texture": "#glass"},
				"south": {"uv": [0.6875, 0.90625, 15.21875, 15.25], "texture": "#glass"},
				"west": {"uv": [5, 4.84375, 10.78125, 11.3125], "texture": "#glass"},
				"up": {"uv": [0.6875, 0.90625, 15.21875, 15.25], "texture": "#glass"},
				"down": {"uv": [0.6875, 0.90625, 15.21875, 15.25], "texture": "#glass"}
			}
		},
		{
			"from": [0.5, 1, 1],
			"to": [0.5, 15, 15],
			"faces": {
				"north": {"uv": [0.6875, 0.90625, 15.21875, 15.25], "texture": "#glass"},
				"east": {"uv": [5.8125, 6.34375, 9.53125, 10.125], "texture": "#glass"},
				"south": {"uv": [0.6875, 0.90625, 15.21875, 15.25], "texture": "#glass"},
				"west": {"uv": [0.6875, 0.90625, 15.21875, 15.25], "texture": "#glass"},
				"up": {"uv": [0.6875, 0.90625, 15.21875, 15.25], "texture": "#glass"},
				"down": {"uv": [0.6875, 0.90625, 15.21875, 15.25], "texture": "#glass"}
			}
		},
		{
			"from": [15, 15, 1],
			"to": [16, 16, 15],
			"faces": {
				"north": {"uv": [0, 0, 14, 0.5625], "texture": "#5"},
				"east": {"uv": [0, 0, 14, 0.5625], "texture": "#5"},
				"south": {"uv": [0, 0, 14, 0.5625], "texture": "#5"},
				"west": {"uv": [0, 0, 14, 0.5625], "texture": "#5"},
				"up": {"uv": [0, 0, 1, 10.125], "texture": "#5"},
				"down": {"uv": [0, 0, 14, 0.5625], "texture": "#5"}
			}
		},
		{
			"from": [1, 15, 0],
			"to": [15, 16, 1],
			"faces": {
				"north": {"uv": [0, 0, 14, 0.5625], "texture": "#5"},
				"east": {"uv": [0, 0, 14, 0.5625], "texture": "#5"},
				"south": {"uv": [0, 0, 14, 0.5625], "texture": "#5"},
				"west": {"uv": [0, 0, 14, 0.5625], "texture": "#5"},
				"up": {"uv": [0, 0, 14, 1.09375], "texture": "#5"},
				"down": {"uv": [0, 0, 14, 0.5625], "texture": "#5"}
			}
		},
		{
			"from": [0, 15, 1],
			"to": [1, 16, 15],
			"faces": {
				"north": {"uv": [0, 0, 14, 0.5625], "texture": "#5"},
				"east": {"uv": [0, 0, 14, 0.5625], "texture": "#5"},
				"south": {"uv": [0, 0, 14, 0.5625], "texture": "#5"},
				"west": {"uv": [0, 0, 14, 0.5625], "texture": "#5"},
				"up": {"uv": [0, 0, 1, 10.125], "texture": "#5"},
				"down": {"uv": [0, 0, 14, 0.5625], "texture": "#5"}
			}
		},
		{
			"from": [1, 15, 15],
			"to": [15, 16, 16],
			"faces": {
				"north": {"uv": [0, 0, 14, 0.5625], "texture": "#5"},
				"east": {"uv": [0, 0, 14, 0.5625], "texture": "#5"},
				"south": {"uv": [0, 0, 14, 0.5625], "texture": "#5"},
				"west": {"uv": [0, 0, 14, 0.5625], "texture": "#5"},
				"up": {"uv": [0, 0, 14, 1.125], "texture": "#5"},
				"down": {"uv": [0, 0, 14, 0.5625], "texture": "#5"}
			}
		},
		{
			"from": [5.5, 5.5, 5.5],
			"to": [10.5, 10.5, 10.5],
			"rotation": {"angle": 0, "axis": "y", "origin": [5.5, 5.5, 5.5]},
			"faces": {
				"north": {"uv": [0, 0, 16, 16], "texture": "#beacon"},
				"east": {"uv": [0, 0, 16, 16], "texture": "#beacon"},
				"south": {"uv": [0, 0, 16, 16], "texture": "#beacon"},
				"west": {"uv": [0, 0, 16, 16], "texture": "#beacon"},
				"up": {"uv": [0, 0, 16, 16], "texture": "#beacon"},
				"down": {"uv": [0, 0, 16, 16], "texture": "#beacon"}
			}
		},
		{
			"name": "holder",
			"from": [4, 0.5, 4],
			"to": [12, 5.5, 12],
			"faces": {
				"north": {"uv": [1.40625, 4, 15.3125, 12.03125], "texture": "#3"},
				"east": {"uv": [1.40625, 4, 15.3125, 12.03125], "texture": "#3"},
				"south": {"uv": [1.40625, 4, 15.3125, 12.03125], "texture": "#3"},
				"west": {"uv": [1.40625, 4, 15.3125, 12.03125], "texture": "#3"},
				"up": {"uv": [1.40625, 4, 15.3125, 12.03125], "texture": "#3"},
				"down": {"uv": [1.40625, 4, 15.3125, 12.03125], "texture": "#3"}
			}
		}
	]
}