{
	"credit": "Made with Blockbench",
	"parent": "block/block",
	"textures": {
		"top": "block/big_dripleaf_top",
		"stem": "block/big_dripleaf_stem",
		"side": "block/big_dripleaf_side",
		"tip": "block/big_dripleaf_tip"
	},
	"elements": [
		{
			"from": [0, 15, 0],
			"to": [16, 15, 16],
			"shade": false,
			"faces": {
				"up": {"uv": [0, 0, 16, 16], "texture": "#top"},
				"down": {"uv": [0, 16, 16, 0], "texture": "#top"}
			}
		},
		{
			"from": [0, 11, 0],
			"to": [16, 15, 0.002],
			"shade": false,
			"faces": {
				"north": {"uv": [0, 0, 16, 4], "texture": "#tip", "cullface": "north"},
				"south": {"uv": [16, 0, 0, 4], "texture": "#tip"}
			}
		},
		{
			"from": [0, 11, 0],
			"to": [0.002, 15, 16],
			"shade": false,
			"faces": {
				"east": {"uv": [16, 0, 0, 4], "texture": "#side"},
				"west": {"uv": [0, 0, 16, 4], "texture": "#side", "cullface": "west"}
			}
		},
		{
			"from": [15.998, 11, 0],
			"to": [16, 15, 16],
			"shade": false,
			"faces": {
				"east": {"uv": [16, 0, 0, 4], "texture": "#side", "cullface": "east"},
				"west": {"uv": [0, 0, 16, 4], "texture": "#side"}
			}
		},
		{
			"from": [5, 0, 14],
			"to": [11, 15, 14],
			"shade": false,
			"rotation": {"angle": 45, "axis": "y", "origin": [8, 8, 14], "rescale": true},
			"faces": {
				"north": {"uv": [3, 1.71875, 14, 16], "texture": "#stem"},
				"east": {"uv": [3, 1.71875, 14, 16], "texture": "#stem"},
				"south": {"uv": [3, 1.71875, 14, 16], "texture": "#stem"},
				"west": {"uv": [3, 1.71875, 14, 16], "texture": "#stem"},
				"up": {"uv": [3, 1.71875, 14, 16], "texture": "#stem"},
				"down": {"uv": [3, 1.71875, 14, 16], "texture": "#stem"}
			}
		},
		{
			"from": [5, 0, 14],
			"to": [11, 15, 14],
			"shade": false,
			"rotation": {"angle": -45, "axis": "y", "origin": [8, 8, 14], "rescale": true},
			"faces": {
				"north": {"uv": [3, 1.71875, 14, 16], "texture": "#stem"},
				"east": {"uv": [3, 1.71875, 14, 16], "texture": "#stem"},
				"south": {"uv": [3, 1.71875, 14, 16], "texture": "#stem"},
				"west": {"uv": [3, 1.71875, 14, 16], "texture": "#stem"},
				"up": {"uv": [3, 1.71875, 14, 16], "texture": "#stem"},
				"down": {"uv": [3, 1.71875, 14, 16], "texture": "#stem"}
			}
		}
	]
}