{
	"credit": "Made with Blockbench",
	"textures": {
		"2": "block/birch_door_top",
		"3": "block/birch_door_bottom2",
		"particle": "block/birch_door_bottom"
	},
	"elements": [
		{
			"from": [0, 0, 0],
			"to": [1, 16, 1],
			"faces": {
				"north": {"uv": [0, 0, 1, 16], "texture": "#2"},
				"east": {"uv": [0.125, 0, 1.125, 16], "texture": "#2"},
				"south": {"uv": [0, 0, 1, 16], "texture": "#2"},
				"west": {"uv": [0, 0, 1, 16], "texture": "#2"},
				"up": {"uv": [0, 0, 1, 1], "texture": "#2"},
				"down": {"uv": [0, 0, 1, 1], "texture": "#2"}
			}
		},
		{
			"from": [0.25, 0, 1],
			"to": [0.75, 16, 16],
			"faces": {
				"north": {"uv": [0, 0, 0.5, 15], "texture": "#3"},
				"east": {"uv": [0, 0, 16, 16], "texture": "#3"},
				"south": {"uv": [0, 0, 0.5, 15], "texture": "#3"},
				"west": {"uv": [0, 0, 16, 16], "texture": "#3"},
				"up": {"uv": [0, 0, 0.5, 14], "texture": "#3"},
				"down": {"uv": [0, 0, 0.5, 14], "texture": "#3"}
			}
		},
		{
			"from": [0, 11.5, 14],
			"to": [1, 19.9999, 14.999],
			"faces": {
				"north": {"uv": [15.03125, 1, 16.03125, 3], "texture": "#2"},
				"east": {"uv": [15.03125, 1, 16.03125, 3], "texture": "#2"},
				"south": {"uv": [15.03125, 1, 16.03125, 3], "texture": "#2"},
				"west": {"uv": [15.03125, 1, 16.03125, 3], "texture": "#2"},
				"up": {"uv": [15.03125, 1, 16.03125, 3], "texture": "#2"},
				"down": {"uv": [15.03125, 1, 16.03125, 3], "texture": "#2"}
			}
		}
	]
}