{
	"credit": "Made with Blockbench",
	"textures": {
		"0": "block/birch_door_bottom",
		"2": "block/birch_door_top",
		"particle": "block/birch_door_bottom"
	},
	"elements": [
		{
			"from": [0, 0, 15],
			"to": [1, 16, 16],
			"faces": {
				"north": {"uv": [0, 0, 1, 16], "texture": "#2"},
				"east": {"uv": [3.59375, 0, 4.59375, 16], "texture": "#2"},
				"south": {"uv": [0, 0, 1, 16], "texture": "#2"},
				"west": {"uv": [0, 0, 1, 16], "texture": "#2"},
				"up": {"uv": [0, 0, 1, 1], "texture": "#2"},
				"down": {"uv": [0, 0, 1, 1], "texture": "#2"}
			}
		},
		{
			"from": [0.25, 0, 0],
			"to": [0.75, 16, 15],
			"faces": {
				"north": {"uv": [0, 0, 0.5, 15], "texture": "#0"},
				"east": {"uv": [0, 0, 16, 16], "texture": "#0"},
				"south": {"uv": [0, 0, 0.5, 15], "texture": "#0"},
				"west": {"uv": [0, 0, 16, 16], "texture": "#0"},
				"up": {"uv": [0, 0, 0.5, 14], "texture": "#0"},
				"down": {"uv": [0, 0, 0.5, 14], "texture": "#0"}
			}
		},
		{
			"from": [0, 11.5, 1],
			"to": [1, 19.9999, 1.999],
			"faces": {
				"north": {"uv": [15.03125, 1, 16.03125, 3], "texture": "#2"},
				"east": {"uv": [15.03125, 1, 16.03125, 3], "texture": "#2"},
				"south": {"uv": [15.03125, 1, 16.03125, 3], "texture": "#2"},
				"west": {"uv": [15.03125, 1, 16.03125, 3], "texture": "#2"},
				"up": {"uv": [15.03125, 1, 16.03125, 3], "texture": "#2"},
				"down": {"uv": [15.03125, 1, 16.03125, 3], "texture": "#2"}
			}
		}
	]
}