{
	"credit": "Made with Blockbench",
	"parent": "block/block",
	"ambientocclusion": false,
	"textures": {
		"3": "block/cactus_side2",
		"flower": "block/cactus_side3",
		"bottom": "block/cactus_bottom",
		"top": "block/cactus_top",
		"particle": "block/cactus_side",
		"side": "block/cactus_side"
	},
	"elements": [
		{
			"from": [7.59067, 9.3, 7.90485],
			"to": [7.59067, 14.3, 12.90485],
			"shade": false,
			"rotation": {"angle": 0, "axis": "y", "origin": [13.29067, 6.76461, 6.90485]},
			"faces": {
				"east": {"uv": [0, 16, 16, 0], "rotation": 90, "texture": "#flower"},
				"west": {"uv": [0, 0, 16, 16], "rotation": 90, "texture": "#flower"}
			}
		},
		{
			"from": [7.59067, 9.3, 0.90485],
			"to": [7.59067, 14.3, 7.90485],
			"shade": false,
			"rotation": {"angle": 0, "axis": "y", "origin": [13.29067, 6.76461, 6.90485]},
			"faces": {
				"east": {"uv": [0, 16, 16, 0], "rotation": 270, "texture": "#flower"},
				"west": {"uv": [0, 0, 16, 16], "rotation": 270, "texture": "#flower"}
			}
		},
		{
			"from": [7.59067, 12.76461, 4.44024],
			"to": [7.59067, 19.76461, 9.44024],
			"shade": false,
			"rotation": {"angle": 22.5, "axis": "x", "origin": [13.29067, 6.76461, 6.90485]},
			"faces": {
				"east": {"uv": [0, 16, 16, 0], "rotation": 180, "texture": "#flower"},
				"west": {"uv": [0, 0, 16, 16], "texture": "#flower"}
			}
		},
		{
			"from": [11.59067, 4.3, 4.90485],
			"to": [11.59067, 9.3, 11.90485],
			"shade": false,
			"rotation": {"angle": -45, "axis": "y", "origin": [13.29067, 6.76461, 6.90485]},
			"faces": {
				"east": {"uv": [0, 16, 16, 0], "rotation": 270, "texture": "#flower"},
				"west": {"uv": [0, 0, 16, 16], "rotation": 270, "texture": "#flower"}
			}
		},
		{
			"from": [6.59067, 4.3, -1.09515],
			"to": [6.59067, 9.3, 5.90485],
			"shade": false,
			"rotation": {"angle": -45, "axis": "y", "origin": [13.29067, 6.76461, 6.90485]},
			"faces": {
				"east": {"uv": [0, 16, 16, 0], "rotation": 270, "texture": "#flower"},
				"west": {"uv": [0, 0, 16, 16], "rotation": 270, "texture": "#flower"}
			}
		},
		{
			"from": [11.29067, 11.3, 8.20485],
			"to": [18.29067, 16.3, 8.20485],
			"shade": false,
			"rotation": {"angle": 22.5, "axis": "z", "origin": [13.29067, 6.76461, 6.90485]},
			"faces": {
				"north": {"uv": [0, 0, 16, 16], "rotation": 270, "texture": "#flower"},
				"south": {"uv": [0, 16, 16, 0], "rotation": 270, "texture": "#flower"}
			}
		},
		{
			"from": [11.29067, 13.3, 7.20485],
			"to": [18.29067, 18.3, 7.20485],
			"shade": false,
			"rotation": {"angle": 22.5, "axis": "z", "origin": [13.29067, 6.76461, 6.90485]},
			"faces": {
				"north": {"uv": [0, 0, 16, 16], "rotation": 270, "texture": "#flower"},
				"south": {"uv": [0, 16, 16, 0], "rotation": 270, "texture": "#flower"}
			}
		},
		{
			"from": [9.75527, 14.76461, 8.20485],
			"to": [14.75527, 21.76461, 8.20485],
			"shade": false,
			"rotation": {"angle": 45, "axis": "z", "origin": [13.29067, 6.76461, 6.90485]},
			"faces": {
				"north": {"uv": [0, 0, 16, 16], "texture": "#flower"},
				"south": {"uv": [0, 16, 16, 0], "rotation": 180, "texture": "#flower"}
			}
		},
		{
			"from": [8.75527, 12.76461, 14.20485],
			"to": [13.75527, 19.76461, 14.20485],
			"shade": false,
			"rotation": {"angle": 45, "axis": "z", "origin": [13.29067, 6.76461, 6.90485]},
			"faces": {
				"north": {"uv": [0, 0, 16, 16], "texture": "#flower"},
				"south": {"uv": [0, 16, 16, 0], "rotation": 180, "texture": "#flower"}
			}
		},
		{
			"from": [1.29067, 7.22921, 7.20485],
			"to": [8.29067, 12.22921, 7.20485],
			"shade": false,
			"rotation": {"angle": 45, "axis": "x", "origin": [13.29067, 6.76461, 6.90485]},
			"faces": {
				"north": {"uv": [0, 0, 16, 16], "rotation": 90, "texture": "#flower"},
				"south": {"uv": [0, 16, 16, 0], "rotation": 90, "texture": "#flower"}
			}
		},
		{
			"from": [9.59067, 4.76461, 5.4],
			"to": [9.59067, 10.76461, 12.4],
			"shade": false,
			"rotation": {"angle": 22.5, "axis": "z", "origin": [5.29067, 6.76461, 14.90485]},
			"faces": {
				"east": {"uv": [16, 0, 0, 16], "rotation": 180, "texture": "#flower"},
				"west": {"uv": [16, 16, 0, 0], "texture": "#flower"}
			}
		},
		{
			"from": [4.59067, -4.23539, -0.6],
			"to": [4.59067, 1.76461, 6.4],
			"shade": false,
			"rotation": {"angle": 45, "axis": "z", "origin": [5.29067, 6.76461, 14.90485]},
			"faces": {
				"east": {"uv": [16, 0, 0, 16], "rotation": 180, "texture": "#flower"},
				"west": {"uv": [16, 16, 0, 0], "texture": "#flower"}
			}
		},
		{
			"from": [9.59067, 1.76461, 10.4],
			"to": [9.59067, 7.76461, 17.4],
			"shade": false,
			"rotation": {"angle": 22.5, "axis": "z", "origin": [5.29067, 6.76461, 14.90485]},
			"faces": {
				"east": {"uv": [16, 0, 0, 16], "rotation": 180, "texture": "#flower"},
				"west": {"uv": [16, 16, 0, 0], "texture": "#flower"}
			}
		},
		{
			"from": [8.59067, -0.23539, -2.6],
			"to": [8.59067, 5.76461, 4.4],
			"shade": false,
			"rotation": {"angle": 22.5, "axis": "z", "origin": [5.29067, 6.76461, 14.90485]},
			"faces": {
				"east": {"uv": [16, 0, 0, 16], "rotation": 180, "texture": "#flower"},
				"west": {"uv": [16, 16, 0, 0], "texture": "#flower"}
			}
		},
		{
			"from": [5.59067, -3.23539, 5.4],
			"to": [5.59067, 2.76461, 12.4],
			"shade": false,
			"rotation": {"angle": 22.5, "axis": "z", "origin": [5.29067, 6.76461, 14.90485]},
			"faces": {
				"east": {"uv": [16, 0, 0, 16], "rotation": 180, "texture": "#flower"},
				"west": {"uv": [16, 16, 0, 0], "texture": "#flower"}
			}
		},
		{
			"from": [8.75527, 9.76461, 14.20485],
			"to": [13.75527, 16.76461, 14.20485],
			"shade": false,
			"rotation": {"angle": 45, "axis": "z", "origin": [13.29067, 3.76461, 6.90485]},
			"faces": {
				"north": {"uv": [0, 0, 16, 16], "texture": "#flower"},
				"south": {"uv": [0, 16, 16, 0], "rotation": 180, "texture": "#flower"}
			}
		},
		{
			"from": [9.59067, -1.23539, 10.4],
			"to": [9.59067, 4.76461, 17.4],
			"shade": false,
			"rotation": {"angle": 22.5, "axis": "z", "origin": [5.29067, 3.76461, 14.90485]},
			"faces": {
				"east": {"uv": [16, 0, 0, 16], "rotation": 180, "texture": "#flower"},
				"west": {"uv": [16, 16, 0, 0], "texture": "#flower"}
			}
		},
		{
			"from": [5.59067, 12.76461, 5.4],
			"to": [5.59067, 19.76461, 10.4],
			"shade": false,
			"rotation": {"angle": -22.5, "axis": "z", "origin": [5.29067, 6.76461, 14.90485]},
			"faces": {
				"east": {"uv": [0, 16, 16, 0], "rotation": 180, "texture": "#flower"},
				"west": {"uv": [0, 0, 16, 16], "texture": "#flower"}
			}
		},
		{
			"from": [5.59067, 8.76461, 5.4],
			"to": [5.59067, 15.76461, 10.4],
			"shade": false,
			"rotation": {"angle": -22.5, "axis": "z", "origin": [5.29067, 2.76461, 14.90485]},
			"faces": {
				"east": {"uv": [0, 16, 16, 0], "rotation": 180, "texture": "#flower"},
				"west": {"uv": [0, 0, 16, 16], "texture": "#flower"}
			}
		},
		{
			"from": [9.59067, 0.76461, 5.4],
			"to": [9.59067, 6.76461, 12.4],
			"shade": false,
			"rotation": {"angle": 22.5, "axis": "z", "origin": [5.29067, 2.76461, 14.90485]},
			"faces": {
				"east": {"uv": [16, 0, 0, 16], "rotation": 180, "texture": "#flower"},
				"west": {"uv": [16, 16, 0, 0], "texture": "#flower"}
			}
		},
		{
			"from": [1.29067, 3.22921, 7.20485],
			"to": [8.29067, 8.22921, 7.20485],
			"shade": false,
			"rotation": {"angle": 45, "axis": "x", "origin": [13.29067, 2.76461, 6.90485]},
			"faces": {
				"north": {"uv": [0, 0, 16, 16], "rotation": 90, "texture": "#flower"},
				"south": {"uv": [0, 16, 16, 0], "rotation": 90, "texture": "#flower"}
			}
		},
		{
			"from": [0.29067, -0.77079, -0.79515],
			"to": [7.29067, 4.22921, -0.79515],
			"shade": false,
			"rotation": {"angle": 45, "axis": "x", "origin": [13.29067, 2.76461, 6.90485]},
			"faces": {
				"north": {"uv": [0, 0, 16, 16], "rotation": 90, "texture": "#flower"},
				"south": {"uv": [0, 16, 16, 0], "rotation": 90, "texture": "#flower"}
			}
		},
		{
			"from": [9.75527, 10.76461, 8.20485],
			"to": [14.75527, 17.76461, 8.20485],
			"shade": false,
			"rotation": {"angle": 45, "axis": "z", "origin": [13.29067, 2.76461, 6.90485]},
			"faces": {
				"north": {"uv": [0, 0, 16, 16], "texture": "#flower"},
				"south": {"uv": [0, 16, 16, 0], "rotation": 180, "texture": "#flower"}
			}
		},
		{
			"from": [9.75527, 10.76461, 1.20485],
			"to": [14.75527, 17.76461, 1.20485],
			"shade": false,
			"rotation": {"angle": 45, "axis": "z", "origin": [13.29067, 2.76461, 6.90485]},
			"faces": {
				"north": {"uv": [0, 0, 16, 16], "texture": "#flower"},
				"south": {"uv": [0, 16, 16, 0], "rotation": 180, "texture": "#flower"}
			}
		},
		{
			"from": [3.75527, 7.76461, 4.20485],
			"to": [8.75527, 14.76461, 4.20485],
			"shade": false,
			"rotation": {"angle": -22.5, "axis": "y", "origin": [13.29067, 2.76461, 6.90485]},
			"faces": {
				"north": {"uv": [0, 0, 16, 16], "texture": "#flower"},
				"south": {"uv": [0, 16, 16, 0], "rotation": 180, "texture": "#flower"}
			}
		},
		{
			"from": [8.75527, 9.76461, 15.20485],
			"to": [13.75527, 16.76461, 15.20485],
			"shade": false,
			"rotation": {"angle": -22.5, "axis": "y", "origin": [13.29067, 2.76461, 6.90485]},
			"faces": {
				"north": {"uv": [0, 0, 16, 16], "texture": "#flower"},
				"south": {"uv": [0, 16, 16, 0], "rotation": 180, "texture": "#flower"}
			}
		},
		{
			"from": [9.75527, 5.76461, 2.20485],
			"to": [14.75527, 12.76461, 2.20485],
			"shade": false,
			"rotation": {"angle": 45, "axis": "z", "origin": [13.29067, -2.23539, 0.90485]},
			"faces": {
				"north": {"uv": [0, 0, 16, 16], "texture": "#flower"},
				"south": {"uv": [0, 16, 16, 0], "rotation": 180, "texture": "#flower"}
			}
		},
		{
			"from": [5.75527, -0.23539, 9.20485],
			"to": [10.75527, 6.76461, 9.20485],
			"shade": false,
			"rotation": {"angle": -22.5, "axis": "z", "origin": [13.29067, -2.23539, 0.90485]},
			"faces": {
				"north": {"uv": [0, 0, 16, 16], "texture": "#flower"},
				"south": {"uv": [0, 16, 16, 0], "rotation": 180, "texture": "#flower"}
			}
		},
		{
			"from": [9.75527, 5.76461, 9.20485],
			"to": [14.75527, 12.76461, 9.20485],
			"shade": false,
			"rotation": {"angle": 45, "axis": "z", "origin": [13.29067, -2.23539, 0.90485]},
			"faces": {
				"north": {"uv": [0, 0, 16, 16], "texture": "#flower"},
				"south": {"uv": [0, 16, 16, 0], "rotation": 180, "texture": "#flower"}
			}
		},
		{
			"from": [7.59067, 4.3, -5.09515],
			"to": [7.59067, 9.3, 1.90485],
			"shade": false,
			"rotation": {"angle": 0, "axis": "y", "origin": [13.29067, 1.76461, 0.90485]},
			"faces": {
				"east": {"uv": [0, 16, 16, 0], "rotation": 270, "texture": "#flower"},
				"west": {"uv": [0, 0, 16, 16], "rotation": 270, "texture": "#flower"}
			}
		},
		{
			"from": [11.29067, 7.3, 8.20485],
			"to": [18.29067, 12.3, 8.20485],
			"shade": false,
			"rotation": {"angle": 22.5, "axis": "z", "origin": [13.29067, 2.76461, 6.90485]},
			"faces": {
				"north": {"uv": [0, 0, 16, 16], "rotation": 270, "texture": "#flower"},
				"south": {"uv": [0, 16, 16, 0], "rotation": 270, "texture": "#flower"}
			}
		},
		{
			"from": [11.59067, 0.3, 4.90485],
			"to": [11.59067, 5.3, 11.90485],
			"shade": false,
			"rotation": {"angle": -45, "axis": "y", "origin": [13.29067, 2.76461, 6.90485]},
			"faces": {
				"east": {"uv": [0, 16, 16, 0], "rotation": 270, "texture": "#flower"},
				"west": {"uv": [0, 0, 16, 16], "rotation": 270, "texture": "#flower"}
			}
		},
		{
			"from": [7.59067, 5.3, 0.90485],
			"to": [7.59067, 10.3, 7.90485],
			"shade": false,
			"rotation": {"angle": 0, "axis": "y", "origin": [13.29067, 2.76461, 6.90485]},
			"faces": {
				"east": {"uv": [0, 16, 16, 0], "rotation": 270, "texture": "#flower"},
				"west": {"uv": [0, 0, 16, 16], "rotation": 270, "texture": "#flower"}
			}
		},
		{
			"from": [7.59067, 5.3, 8.90485],
			"to": [7.59067, 10.3, 13.90485],
			"shade": false,
			"rotation": {"angle": 0, "axis": "y", "origin": [13.29067, 2.76461, 6.90485]},
			"faces": {
				"east": {"uv": [0, 16, 16, 0], "rotation": 90, "texture": "#flower"},
				"west": {"uv": [0, 0, 16, 16], "rotation": 90, "texture": "#flower"}
			}
		},
		{
			"from": [6, 0, 6],
			"to": [10, 16, 10],
			"rotation": {"angle": 0, "axis": "y", "origin": [6, 0, 6]},
			"faces": {
				"north": {"uv": [0.125, 0, 5.9375, 16], "texture": "#side"},
				"east": {"uv": [0.125, 0, 5.9375, 16], "texture": "#side"},
				"south": {"uv": [0.125, 0, 5.9375, 16], "texture": "#side"},
				"west": {"uv": [0.125, 0, 5.9375, 16], "texture": "#side"},
				"up": {"uv": [0, 0, 16, 16], "texture": "#top"},
				"down": {"uv": [3.875, 3.40625, 7.875, 7.40625], "texture": "#bottom"}
			}
		},
		{
			"from": [6.4998, 3.998, 10],
			"to": [9.4978, 6.998, 15.999],
			"rotation": {"angle": 0, "axis": "y", "origin": [6, 0, 6]},
			"faces": {
				"north": {"uv": [0.125, 0.21875, 16, 6.09375], "texture": "#3"},
				"east": {"uv": [0.125, 0.21875, 16, 6.09375], "texture": "#3"},
				"south": {"uv": [0.125, 0.21875, 16, 6.09375], "texture": "#3"},
				"west": {"uv": [0.125, 0.21875, 16, 6.09375], "texture": "#3"},
				"up": {"uv": [0.125, 0.21875, 5.875, 16], "texture": "#side"},
				"down": {"uv": [0.125, 0.21875, 5.875, 16], "texture": "#side"}
			}
		},
		{
			"from": [6.4998, 1, 0],
			"to": [9.4978, 4, 5.999],
			"rotation": {"angle": 0, "axis": "y", "origin": [6, 0, 6]},
			"faces": {
				"north": {"uv": [0.125, 0.21875, 16, 6.09375], "texture": "#3"},
				"east": {"uv": [0.125, 0.21875, 16, 6.09375], "texture": "#3"},
				"south": {"uv": [0.125, 0.21875, 16, 6.09375], "texture": "#3"},
				"west": {"uv": [0.125, 0.21875, 16, 6.09375], "texture": "#3"},
				"up": {"uv": [0.125, 0.21875, 5.875, 16], "texture": "#side"},
				"down": {"uv": [0.125, 0.21875, 5.875, 16], "texture": "#side"}
			}
		},
		{
			"from": [6.49, 4, 13],
			"to": [9.51, 11, 16],
			"rotation": {"angle": 0, "axis": "y", "origin": [6, 0, 6]},
			"faces": {
				"north": {"uv": [0.125, 0.21875, 5.71875, 16], "texture": "#side"},
				"east": {"uv": [0.125, 0.21875, 5.71875, 16], "texture": "#side"},
				"south": {"uv": [0.125, 0.21875, 5.71875, 16], "texture": "#side"},
				"west": {"uv": [0.125, 0.21875, 5.71875, 16], "texture": "#side"},
				"up": {"uv": [0, 0, 16, 16], "texture": "#top"},
				"down": {"uv": [0.125, 0.21875, 5.875, 16], "texture": "#side"}
			}
		},
		{
			"from": [6.5, 4, 0],
			"to": [9.501, 9, 3],
			"rotation": {"angle": 0, "axis": "y", "origin": [6, 0, 6]},
			"faces": {
				"north": {"uv": [0.125, 0.21875, 5.71875, 16], "texture": "#side"},
				"east": {"uv": [0.125, 0.21875, 5.71875, 16], "texture": "#side"},
				"south": {"uv": [0.125, 0.21875, 5.71875, 16], "texture": "#side"},
				"west": {"uv": [0.125, 0.21875, 5.71875, 16], "texture": "#side"},
				"up": {"uv": [0, 0, 16, 16], "texture": "#top"},
				"down": {"uv": [0.125, 0.21875, 5.875, 16], "texture": "#side"}
			}
		}
	],
	"groups": [
		0,
		1,
		2,
		3,
		4,
		5,
		6,
		7,
		8,
		9,
		10,
		11,
		12,
		13,
		14,
		15,
		16,
		17,
		18,
		19,
		20,
		21,
		22,
		23,
		24,
		25,
		26,
		27,
		28,
		29,
		30,
		31,
		32,
		33,
		{
			"name": "cactus",
			"origin": [8, 8, 8],
			"color": 0,
			"children": [34, 35, 36, 37, 38]
		}
	]
}