{
	"credit": "Made with Blockbench",
	"parent": "minecraft:block/template_cake_with_candle",
	"textures": {
		"0": "block/cake_bottom",
		"2": "block/cake_side",
		"3": "block/cake_top"
	},
	"elements": [
		{
			"from": [1, 0, 1],
			"to": [15, 4, 15],
			"faces": {
				"north": {"uv": [0.5625, 8, 15.40625, 14], "texture": "#2"},
				"east": {"uv": [0.5625, 8, 15.40625, 14], "texture": "#2"},
				"south": {"uv": [0.5625, 8, 15.40625, 14], "texture": "#2"},
				"west": {"uv": [0.5625, 8, 15.40625, 14], "texture": "#2"},
				"up": {"uv": [0.9375, 0.9375, 14.9375, 14.9375], "texture": "#3"},
				"down": {"uv": [0.875, 0.9375, 14.875, 14.9375], "texture": "#0"}
			}
		},
		{
			"from": [2, 4, 2],
			"to": [14, 6.5, 14],
			"faces": {
				"north": {"uv": [0.5625, 8, 15.40625, 14], "texture": "#2"},
				"east": {"uv": [0.5625, 8, 15.40625, 14], "texture": "#2"},
				"south": {"uv": [0.5625, 8, 15.40625, 14], "texture": "#2"},
				"west": {"uv": [0.5625, 8, 15.40625, 14], "texture": "#2"},
				"up": {"uv": [0.9375, 0.9375, 14.9375, 14.9375], "texture": "#3"},
				"down": {"uv": [0.875, 0.9375, 14.875, 14.9375], "texture": "#0"}
			}
		}
	]
}