{
	"credit": "Made with Blockbench",
	"textures": {
		"0": "block/cartography_table_side1",
		"1": "block/cartography_table_side2",
		"2": "block/cartography_table_side3",
		"3": "block/cartography_table_top",
		"4": "block/cartography_table_map",
		"5": "block/cartography_table_side4",
		"6": "block/cartography_table_flag",
		"7": "block/cartography_table_side5",
		"8": "block/book1",
		"10": "block/scope",
		"particle": "block/scope"
	},
	"elements": [
		{
			"from": [1, 14.4, 1],
			"to": [15, 15.4, 15],
			"faces": {
				"north": {"uv": [0, 0, 16, 16], "texture": "#2"},
				"east": {"uv": [0, 0, 16, 16], "texture": "#2"},
				"south": {"uv": [0, 0, 16, 16], "texture": "#0"},
				"west": {"uv": [0, 0, 16, 16], "texture": "#1"},
				"up": {"uv": [0, 0, 13.84375, 13.875], "texture": "#3"},
				"down": {"uv": [0, 0, 16, 16], "texture": "#2"}
			}
		},
		{
			"from": [-0.01, 11.33, 10.93],
			"to": [5.19, 16.03, 16.03],
			"faces": {
				"north": {"uv": [12.0625, 0, 16, 3.90625], "texture": "#4"},
				"east": {"uv": [0, 0, 3.96875, 3.84375], "texture": "#4"},
				"south": {"uv": [7.6875, 7.875, 16.0625, 16.0625], "texture": "#4"},
				"west": {"uv": [0, 7.875, 8.375, 16.0625], "texture": "#4"},
				"up": {"uv": [8.375, 0, 16.0625, 7.875], "texture": "#4"},
				"down": {"uv": [12.0625, 0, 16, 3.90625], "texture": "#4"}
			}
		},
		{
			"from": [0, 0, 0],
			"to": [16, 1, 16],
			"faces": {
				"north": {"uv": [0.0625, 4.5, 16.0625, 6.5], "texture": "#5"},
				"east": {"uv": [0.0625, 4.5, 16.0625, 6.5], "texture": "#5"},
				"south": {"uv": [0.0625, 4.5, 16.0625, 6.5], "texture": "#5"},
				"west": {"uv": [0.0625, 4.5, 16.0625, 6.5], "texture": "#5"},
				"up": {"uv": [0, 2.5, 15.9375, 10.375], "texture": "#5"},
				"down": {"uv": [0.0625, 2.5, 16, 16], "texture": "#5"}
			}
		},
		{
			"from": [15, 13, 1],
			"to": [16, 16, 14.2],
			"faces": {
				"north": {"uv": [3.90625, 1.28125, 4.90625, 15.28125], "texture": "#5"},
				"east": {"uv": [3.90625, 1.28125, 4.90625, 15.28125], "texture": "#5"},
				"south": {"uv": [3.90625, 1.28125, 4.90625, 15.28125], "texture": "#5"},
				"west": {"uv": [3.90625, 1.28125, 4.90625, 15.28125], "texture": "#5"},
				"up": {"uv": [3.90625, 1.28125, 4.90625, 15.28125], "texture": "#5"},
				"down": {"uv": [3.90625, 1.28125, 4.90625, 15.28125], "texture": "#7"}
			}
		},
		{
			"from": [1, 13, 0],
			"to": [15, 16, 1],
			"faces": {
				"north": {"uv": [0.59375, 6.03125, 14.59375, 7.03125], "texture": "#5"},
				"east": {"uv": [0.59375, 6.03125, 14.59375, 7.03125], "texture": "#5"},
				"south": {"uv": [0.59375, 6.03125, 14.59375, 7.03125], "texture": "#5"},
				"west": {"uv": [0.59375, 6.03125, 14.59375, 7.03125], "texture": "#5"},
				"up": {"uv": [0.59375, 6.03125, 14.59375, 7.03125], "texture": "#5"},
				"down": {"uv": [0.59375, 6.03125, 14.59375, 7.03125], "texture": "#5"}
			}
		},
		{
			"from": [5, 12.9, 14.2],
			"to": [15, 13.9, 15.2],
			"faces": {
				"north": {"uv": [5.03125, 2.9375, 6.03125, 12.2375], "texture": "#5"},
				"east": {"uv": [5.03125, 2.9375, 6.03125, 12.2375], "texture": "#5"},
				"south": {"uv": [5.03125, 2.9375, 6.03125, 12.2375], "texture": "#5"},
				"west": {"uv": [5.03125, 2.9375, 6.03125, 12.2375], "texture": "#5"},
				"up": {"uv": [5.03125, 2.9375, 10.6875, 6.1875], "texture": "#5"},
				"down": {"uv": [5.03125, 2.9375, 6.03125, 12.2375], "texture": "#5"}
			}
		},
		{
			"from": [5, 12.9, 15],
			"to": [15, 15.9, 16],
			"faces": {
				"north": {"uv": [5.03125, 2.9375, 6.03125, 12.2375], "texture": "#5"},
				"east": {"uv": [5.03125, 2.9375, 6.03125, 12.2375], "texture": "#5"},
				"south": {"uv": [5.03125, 2.9375, 6.03125, 12.2375], "texture": "#5"},
				"west": {"uv": [5.03125, 2.9375, 6.03125, 12.2375], "texture": "#5"},
				"up": {"uv": [5.03125, 2.9375, 10.6875, 6.1875], "texture": "#5"},
				"down": {"uv": [5.03125, 2.9375, 6.03125, 12.2375], "texture": "#5"}
			}
		},
		{
			"from": [0, 13, 1],
			"to": [1, 16, 11],
			"faces": {
				"north": {"uv": [0, 2.25, 2.375, 12.25], "texture": "#5"},
				"east": {"uv": [0, 2.25, 2.375, 12.25], "texture": "#5"},
				"south": {"uv": [0, 2.25, 2.375, 12.25], "texture": "#5"},
				"west": {"uv": [0, 2.25, 2.375, 12.25], "texture": "#5"},
				"up": {"uv": [0, 2.25, 2.375, 12.25], "texture": "#5"},
				"down": {"uv": [0, 2.25, 2.375, 12.25], "texture": "#7"}
			}
		},
		{
			"from": [0, 1, 0],
			"to": [1, 16, 1],
			"faces": {
				"north": {"uv": [3.4375, 1.375, 4.4375, 15.375], "texture": "#5"},
				"east": {"uv": [3.4375, 1.375, 4.4375, 15.375], "texture": "#5"},
				"south": {"uv": [3.4375, 1.375, 4.4375, 15.375], "texture": "#5"},
				"west": {"uv": [3.4375, 1.375, 4.4375, 15.375], "texture": "#5"},
				"up": {"uv": [0, 0, 2.21875, 2.0625], "texture": "#5"},
				"down": {"uv": [0, 0, 1, 1], "texture": "#5"}
			}
		},
		{
			"from": [15, 1, 0],
			"to": [16, 16, 1],
			"faces": {
				"north": {"uv": [0.59375, 6.03125, 14.59375, 7.03125], "texture": "#5"},
				"east": {"uv": [0.59375, 6.03125, 14.59375, 7.03125], "texture": "#5"},
				"south": {"uv": [0.59375, 6.03125, 14.59375, 7.03125], "texture": "#5"},
				"west": {"uv": [0.59375, 6.03125, 14.59375, 7.03125], "texture": "#5"},
				"up": {"uv": [0, 0, 2.21875, 2.0625], "texture": "#5"},
				"down": {"uv": [0.59375, 6.03125, 14.59375, 7.03125], "texture": "#5"}
			}
		},
		{
			"from": [15, 1, 14.2],
			"to": [16, 16, 16],
			"faces": {
				"north": {"uv": [5.03125, 2.9375, 6.03125, 12.2375], "texture": "#5"},
				"east": {"uv": [5.03125, 2.9375, 6.03125, 12.2375], "texture": "#5"},
				"south": {"uv": [5.03125, 2.9375, 6.03125, 12.2375], "texture": "#5"},
				"west": {"uv": [5.03125, 2.9375, 6.03125, 12.2375], "texture": "#5"},
				"up": {"uv": [0, 0, 2.03125, 2.96875], "texture": "#5"},
				"down": {"uv": [5.03125, 2.9375, 6.03125, 12.2375], "texture": "#5"}
			}
		},
		{
			"from": [0, 1, 14.2],
			"to": [1, 12.3, 16],
			"faces": {
				"north": {"uv": [5.03125, 2.9375, 6.03125, 12.2375], "texture": "#5"},
				"east": {"uv": [5.03125, 2.9375, 6.03125, 12.2375], "texture": "#5"},
				"south": {"uv": [5.03125, 2.9375, 6.03125, 12.2375], "texture": "#5"},
				"west": {"uv": [5.03125, 2.9375, 6.03125, 12.2375], "texture": "#5"},
				"up": {"uv": [5.03125, 2.9375, 6.03125, 12.2375], "texture": "#5"},
				"down": {"uv": [5.03125, 2.9375, 6.03125, 12.2375], "texture": "#5"}
			}
		},
		{
			"from": [10.42, 14, 10.52],
			"to": [15, 15.7, 11.02],
			"faces": {
				"north": {"uv": [9.5625, 11, 9.59375, 11.71875], "texture": "#3"},
				"east": {"uv": [9.5625, 11, 9.59375, 11.71875], "texture": "#3"},
				"south": {"uv": [9.5625, 11, 9.59375, 11.71875], "texture": "#3"},
				"west": {"uv": [9.5625, 11, 9.59375, 11.71875], "texture": "#3"},
				"up": {"uv": [9.5625, 11, 9.59375, 11.71875], "texture": "#3"},
				"down": {"uv": [9.5625, 11, 9.59375, 11.71875], "texture": "#3"}
			}
		},
		{
			"from": [10.42, 14, 14.5],
			"to": [15, 15.7, 15],
			"faces": {
				"north": {"uv": [9.5625, 11, 9.59375, 11.71875], "texture": "#3"},
				"east": {"uv": [9.5625, 11, 9.59375, 11.71875], "texture": "#3"},
				"south": {"uv": [9.5625, 11, 9.59375, 11.71875], "texture": "#3"},
				"west": {"uv": [9.5625, 11, 9.59375, 11.71875], "texture": "#3"},
				"up": {"uv": [9.5625, 11, 9.59375, 11.71875], "texture": "#3"},
				"down": {"uv": [9.5625, 11, 9.59375, 11.71875], "texture": "#3"}
			}
		},
		{
			"from": [14.42, 14, 11],
			"to": [15, 15.7, 14.5],
			"faces": {
				"north": {"uv": [9.5625, 11, 9.59375, 11.71875], "texture": "#3"},
				"east": {"uv": [9.5625, 11, 9.59375, 11.71875], "texture": "#3"},
				"south": {"uv": [9.5625, 11, 9.59375, 11.71875], "texture": "#3"},
				"west": {"uv": [9.5625, 11, 9.59375, 11.71875], "texture": "#3"},
				"up": {"uv": [9.5625, 11, 9.59375, 11.71875], "texture": "#3"},
				"down": {"uv": [9.5625, 11, 9.59375, 11.71875], "texture": "#3"}
			}
		},
		{
			"from": [10.42, 14, 11],
			"to": [11, 15.7, 14.5],
			"faces": {
				"north": {"uv": [9.5625, 11, 9.59375, 11.71875], "texture": "#3"},
				"east": {"uv": [9.5625, 11, 9.59375, 11.71875], "texture": "#3"},
				"south": {"uv": [9.5625, 11, 9.59375, 11.71875], "texture": "#3"},
				"west": {"uv": [9.5625, 11, 9.59375, 11.71875], "texture": "#3"},
				"up": {"uv": [9.5625, 11, 9.59375, 11.71875], "texture": "#3"},
				"down": {"uv": [9.5625, 11, 9.59375, 11.71875], "texture": "#3"}
			}
		},
		{
			"from": [6, 5, 17.7],
			"to": [7, 5, 18.7],
			"rotation": {"angle": 22.5, "axis": "y", "origin": [1, 0, -1]},
			"faces": {
				"north": {"uv": [10.46875, 14.53125, 15.375, 15.65625], "texture": "#6"},
				"east": {"uv": [10.46875, 14.53125, 15.375, 15.65625], "texture": "#6"},
				"south": {"uv": [10.46875, 14.53125, 15.375, 15.65625], "texture": "#6"},
				"west": {"uv": [10.46875, 14.53125, 15.375, 15.65625], "texture": "#6"},
				"up": {"uv": [10.46875, 14.53125, 15.375, 15.65625], "texture": "#6"},
				"down": {"uv": [10.46875, 14.53125, 15.375, 15.65625], "texture": "#6"}
			}
		},
		{
			"from": [6.4, 5, 18],
			"to": [6.6, 8, 18.2],
			"rotation": {"angle": 22.5, "axis": "y", "origin": [1, 0, -1]},
			"faces": {
				"north": {"uv": [7.03125, 5.625, 8.5, 7.1875], "texture": "#6"},
				"east": {"uv": [7.03125, 5.625, 8.5, 7.1875], "texture": "#6"},
				"south": {"uv": [7.03125, 5.625, 8.5, 7.1875], "texture": "#6"},
				"west": {"uv": [7.03125, 5.625, 8.5, 7.1875], "texture": "#6"},
				"up": {"uv": [7.03125, 5.625, 8.5, 7.1875], "texture": "#6"},
				"down": {"uv": [7.03125, 5.625, 8.5, 7.1875], "texture": "#6"}
			}
		},
		{
			"from": [-3.4, 6.5, 18.75],
			"to": [-1.2, 8, 18.75],
			"rotation": {"angle": 45, "axis": "y", "origin": [1, 0, -1]},
			"faces": {
				"north": {"uv": [0, 0, 6.625, 3.90625], "texture": "#6"},
				"east": {"uv": [10.46875, 14.53125, 15.375, 15.65625], "texture": "#6"},
				"south": {"uv": [0, 0, 6.625, 3.90625], "texture": "#6"},
				"west": {"uv": [10.46875, 14.53125, 15.375, 15.65625], "texture": "#6"},
				"up": {"uv": [10.46875, 14.53125, 15.375, 15.65625], "texture": "#6"},
				"down": {"uv": [10.46875, 14.53125, 15.375, 15.65625], "texture": "#6"}
			}
		},
		{
			"from": [4, 5, 17.7],
			"to": [5, 5, 18.7],
			"rotation": {"angle": 22.5, "axis": "y", "origin": [-1, 0, -1]},
			"faces": {
				"north": {"uv": [10.46875, 14.53125, 15.375, 15.65625], "texture": "#6"},
				"east": {"uv": [10.46875, 14.53125, 15.375, 15.65625], "texture": "#6"},
				"south": {"uv": [6.71875, 0, 16, 5.1875], "texture": "#6"},
				"west": {"uv": [10.46875, 14.53125, 15.375, 15.65625], "texture": "#6"},
				"up": {"uv": [10.46875, 14.53125, 15.375, 15.65625], "texture": "#6"},
				"down": {"uv": [10.46875, 14.53125, 15.375, 15.65625], "texture": "#6"}
			}
		},
		{
			"from": [4.4, 5, 18],
			"to": [4.6, 8, 18.2],
			"rotation": {"angle": 22.5, "axis": "y", "origin": [-1, 0, -1]},
			"faces": {
				"north": {"uv": [7.03125, 5.625, 8.5, 7.1875], "texture": "#6"},
				"east": {"uv": [7.03125, 5.625, 8.5, 7.1875], "texture": "#6"},
				"south": {"uv": [7.03125, 5.625, 8.5, 7.1875], "texture": "#6"},
				"west": {"uv": [7.03125, 5.625, 8.5, 7.1875], "texture": "#6"},
				"up": {"uv": [7.03125, 5.625, 8.5, 7.1875], "texture": "#6"},
				"down": {"uv": [7.03125, 5.625, 8.5, 7.1875], "texture": "#6"}
			}
		},
		{
			"from": [-5.4, 6.5, 18.75],
			"to": [-3.2, 8, 18.75],
			"rotation": {"angle": 45, "axis": "y", "origin": [-1, 0, -1]},
			"faces": {
				"north": {"uv": [6.71875, 0, 16, 5.1875], "texture": "#6"},
				"east": {"uv": [10.46875, 14.53125, 15.375, 15.65625], "texture": "#6"},
				"south": {"uv": [6.71875, 0, 16, 5.1875], "texture": "#6"},
				"west": {"uv": [10.46875, 14.53125, 15.375, 15.65625], "texture": "#6"},
				"up": {"uv": [10.46875, 14.53125, 15.375, 15.65625], "texture": "#6"},
				"down": {"uv": [10.46875, 14.53125, 15.375, 15.65625], "texture": "#6"}
			}
		},
		{
			"from": [2, 5, 17.7],
			"to": [3, 5, 18.7],
			"rotation": {"angle": 22.5, "axis": "y", "origin": [-3, 0, -1]},
			"faces": {
				"north": {"uv": [10.46875, 14.53125, 15.375, 15.65625], "texture": "#6"},
				"east": {"uv": [10.46875, 14.53125, 15.375, 15.65625], "texture": "#6"},
				"south": {"uv": [0, 4.03125, 6.46875, 7.59375], "texture": "#6"},
				"west": {"uv": [10.46875, 14.53125, 15.375, 15.65625], "texture": "#6"},
				"up": {"uv": [10.46875, 14.53125, 15.375, 15.65625], "texture": "#6"},
				"down": {"uv": [10.46875, 14.53125, 15.375, 15.65625], "texture": "#6"}
			}
		},
		{
			"from": [-7.4, 6.5, 18.75],
			"to": [-5.2, 8, 18.75],
			"rotation": {"angle": 45, "axis": "y", "origin": [-3, 0, -1]},
			"faces": {
				"north": {"uv": [0, 3.96875, 6.34375, 7.53125], "texture": "#6"},
				"east": {"uv": [10.46875, 14.53125, 15.375, 15.65625], "texture": "#6"},
				"south": {"uv": [0, 3.96875, 6.34375, 7.53125], "texture": "#6"},
				"west": {"uv": [10.46875, 14.53125, 15.375, 15.65625], "texture": "#6"},
				"up": {"uv": [10.46875, 14.53125, 15.375, 15.65625], "texture": "#6"},
				"down": {"uv": [10.46875, 14.53125, 15.375, 15.65625], "texture": "#6"}
			}
		},
		{
			"from": [2.4, 5, 18],
			"to": [2.6, 8, 18.2],
			"rotation": {"angle": 22.5, "axis": "y", "origin": [-3, 0, -1]},
			"faces": {
				"north": {"uv": [7.03125, 5.625, 8.5, 7.1875], "texture": "#6"},
				"east": {"uv": [7.03125, 5.625, 8.5, 7.1875], "texture": "#6"},
				"south": {"uv": [7.03125, 5.625, 8.5, 7.1875], "texture": "#6"},
				"west": {"uv": [7.03125, 5.625, 8.5, 7.1875], "texture": "#6"},
				"up": {"uv": [7.03125, 5.625, 8.5, 7.1875], "texture": "#6"},
				"down": {"uv": [7.03125, 5.625, 8.5, 7.1875], "texture": "#6"}
			}
		},
		{
			"from": [0, 5, 17.7],
			"to": [1, 5, 18.7],
			"rotation": {"angle": 22.5, "axis": "y", "origin": [-5, 0, -1]},
			"faces": {
				"north": {"uv": [10.46875, 14.53125, 15.375, 15.65625], "texture": "#6"},
				"east": {"uv": [10.46875, 14.53125, 15.375, 15.65625], "texture": "#6"},
				"south": {"uv": [8.9375, 5.4375, 16, 9.625], "texture": "#6"},
				"west": {"uv": [10.46875, 14.53125, 15.375, 15.65625], "texture": "#6"},
				"up": {"uv": [10.46875, 14.53125, 15.375, 15.65625], "texture": "#6"},
				"down": {"uv": [10.46875, 14.53125, 15.375, 15.65625], "texture": "#6"}
			}
		},
		{
			"from": [0.4, 5, 18],
			"to": [0.6, 8, 18.2],
			"rotation": {"angle": 22.5, "axis": "y", "origin": [-5, 0, -1]},
			"faces": {
				"north": {"uv": [7.03125, 5.625, 8.5, 7.1875], "texture": "#6"},
				"east": {"uv": [7.03125, 5.625, 8.5, 7.1875], "texture": "#6"},
				"south": {"uv": [7.03125, 5.625, 8.5, 7.1875], "texture": "#6"},
				"west": {"uv": [7.03125, 5.625, 8.5, 7.1875], "texture": "#6"},
				"up": {"uv": [7.03125, 5.625, 8.5, 7.1875], "texture": "#6"},
				"down": {"uv": [7.03125, 5.625, 8.5, 7.1875], "texture": "#6"}
			}
		},
		{
			"from": [-9.4, 6.5, 18.75],
			"to": [-7.2, 8, 18.75],
			"rotation": {"angle": 45, "axis": "y", "origin": [-5, 0, -1]},
			"faces": {
				"north": {"uv": [8.9375, 5.4375, 16, 9.625], "texture": "#6"},
				"east": {"uv": [10.46875, 14.53125, 15.375, 15.65625], "texture": "#6"},
				"south": {"uv": [8.9375, 5.4375, 16, 9.625], "texture": "#6"},
				"west": {"uv": [10.46875, 14.53125, 15.375, 15.65625], "texture": "#6"},
				"up": {"uv": [10.46875, 14.53125, 15.375, 15.65625], "texture": "#6"},
				"down": {"uv": [10.46875, 14.53125, 15.375, 15.65625], "texture": "#6"}
			}
		},
		{
			"from": [-2, 5, 17.7],
			"to": [-1, 5, 18.7],
			"rotation": {"angle": 22.5, "axis": "y", "origin": [-7, 0, -1]},
			"faces": {
				"north": {"uv": [10.46875, 14.53125, 15.375, 15.65625], "texture": "#6"},
				"east": {"uv": [10.46875, 14.53125, 15.375, 15.65625], "texture": "#6"},
				"south": {"uv": [0, 7.625, 8.75, 12.5], "texture": "#6"},
				"west": {"uv": [10.46875, 14.53125, 15.375, 15.65625], "texture": "#6"},
				"up": {"uv": [10.46875, 14.53125, 15.375, 15.65625], "texture": "#6"},
				"down": {"uv": [10.46875, 14.53125, 15.375, 15.65625], "texture": "#6"}
			}
		},
		{
			"from": [-11.4, 6.5, 18.75],
			"to": [-9.2, 8, 18.75],
			"rotation": {"angle": 45, "axis": "y", "origin": [-7, 0, -1]},
			"faces": {
				"north": {"uv": [0, 7.625, 8.75, 12.5], "texture": "#6"},
				"east": {"uv": [10.46875, 14.53125, 15.375, 15.65625], "texture": "#6"},
				"south": {"uv": [0, 7.625, 8.75, 12.5], "texture": "#6"},
				"west": {"uv": [10.46875, 14.53125, 15.375, 15.65625], "texture": "#6"},
				"up": {"uv": [10.46875, 14.53125, 15.375, 15.65625], "texture": "#6"},
				"down": {"uv": [10.46875, 14.53125, 15.375, 15.65625], "texture": "#6"}
			}
		},
		{
			"from": [-1.6, 5, 18],
			"to": [-1.4, 8, 18.2],
			"rotation": {"angle": 22.5, "axis": "y", "origin": [-7, 0, -1]},
			"faces": {
				"north": {"uv": [7.03125, 5.625, 8.5, 7.1875], "texture": "#6"},
				"east": {"uv": [7.03125, 5.625, 8.5, 7.1875], "texture": "#6"},
				"south": {"uv": [7.03125, 5.625, 8.5, 7.1875], "texture": "#6"},
				"west": {"uv": [7.03125, 5.625, 8.5, 7.1875], "texture": "#6"},
				"up": {"uv": [7.03125, 5.625, 8.5, 7.1875], "texture": "#6"},
				"down": {"uv": [7.03125, 5.625, 8.5, 7.1875], "texture": "#6"}
			}
		},
		{
			"from": [-4, 5, 17.7],
			"to": [-3, 5, 18.7],
			"rotation": {"angle": 22.5, "axis": "y", "origin": [-9, 0, -1]},
			"faces": {
				"north": {"uv": [10.46875, 14.53125, 15.375, 15.65625], "texture": "#6"},
				"east": {"uv": [10.46875, 14.53125, 15.375, 15.65625], "texture": "#6"},
				"south": {"uv": [0, 7.625, 8.75, 12.5], "texture": "#6"},
				"west": {"uv": [10.46875, 14.53125, 15.375, 15.65625], "texture": "#6"},
				"up": {"uv": [10.46875, 14.53125, 15.375, 15.65625], "texture": "#6"},
				"down": {"uv": [10.46875, 14.53125, 15.375, 15.65625], "texture": "#6"}
			}
		},
		{
			"from": [-3.6, 5, 18],
			"to": [-3.4, 8, 18.2],
			"rotation": {"angle": 22.5, "axis": "y", "origin": [-9, 0, -1]},
			"faces": {
				"north": {"uv": [7.03125, 5.625, 8.5, 7.1875], "texture": "#6"},
				"east": {"uv": [7.03125, 5.625, 8.5, 7.1875], "texture": "#6"},
				"south": {"uv": [7.03125, 5.625, 8.5, 7.1875], "texture": "#6"},
				"west": {"uv": [7.03125, 5.625, 8.5, 7.1875], "texture": "#6"},
				"up": {"uv": [7.03125, 5.625, 8.5, 7.1875], "texture": "#6"},
				"down": {"uv": [7.03125, 5.625, 8.5, 7.1875], "texture": "#6"}
			}
		},
		{
			"from": [-13.4, 6.5, 18.75],
			"to": [-11.2, 8, 18.75],
			"rotation": {"angle": 45, "axis": "y", "origin": [-9, 0, -1]},
			"faces": {
				"north": {"uv": [9.125, 9.90625, 16, 13.59375], "texture": "#6"},
				"east": {"uv": [10.46875, 14.53125, 15.375, 15.65625], "texture": "#6"},
				"south": {"uv": [9.125, 9.90625, 16, 13.59375], "texture": "#6"},
				"west": {"uv": [10.46875, 14.53125, 15.375, 15.65625], "texture": "#6"},
				"up": {"uv": [10.46875, 14.53125, 15.375, 15.65625], "texture": "#6"},
				"down": {"uv": [10.46875, 14.53125, 15.375, 15.65625], "texture": "#6"}
			}
		},
		{
			"from": [1, 4, 14.2],
			"to": [15, 4.99, 16],
			"faces": {
				"north": {"uv": [0.84375, 5.4375, 14.84375, 6.4375], "texture": "#5"},
				"east": {"uv": [0.84375, 5.4375, 14.84375, 6.4375], "texture": "#5"},
				"south": {"uv": [0.84375, 5.4375, 14.84375, 6.4375], "texture": "#5"},
				"west": {"uv": [0.84375, 5.4375, 14.84375, 6.4375], "texture": "#5"},
				"up": {"uv": [0.84375, 5.4375, 14.84375, 6.4375], "texture": "#5"},
				"down": {"uv": [0.84375, 5.4375, 14.84375, 6.4375], "texture": "#5"}
			}
		},
		{
			"from": [1, 2, 14.2],
			"to": [15, 3, 16],
			"faces": {
				"north": {"uv": [0.84375, 5.4375, 14.84375, 6.4375], "texture": "#5"},
				"east": {"uv": [0.84375, 5.4375, 14.84375, 6.4375], "texture": "#5"},
				"south": {"uv": [0.84375, 5.4375, 14.84375, 6.4375], "texture": "#5"},
				"west": {"uv": [0.84375, 5.4375, 14.84375, 6.4375], "texture": "#5"},
				"up": {"uv": [0.84375, 5.4375, 14.84375, 6.4375], "texture": "#5"},
				"down": {"uv": [0.84375, 5.4375, 14.84375, 6.4375], "texture": "#5"}
			}
		},
		{
			"from": [15, 2, 1],
			"to": [16, 3, 14.2],
			"faces": {
				"north": {"uv": [0, 0, 16, 16], "texture": "#5"},
				"east": {"uv": [0, 0, 16, 16], "texture": "#5"},
				"south": {"uv": [0, 0, 16, 16], "texture": "#5"},
				"west": {"uv": [0, 0, 16, 16], "texture": "#5"},
				"up": {"uv": [0, 0, 16, 16], "texture": "#5"},
				"down": {"uv": [0, 0, 16, 16], "texture": "#5"}
			}
		},
		{
			"from": [15, 4, 1],
			"to": [16, 5, 14.2],
			"faces": {
				"north": {"uv": [0, 0, 16, 16], "texture": "#5"},
				"east": {"uv": [0, 0, 16, 16], "texture": "#5"},
				"south": {"uv": [0, 0, 16, 16], "texture": "#5"},
				"west": {"uv": [0, 0, 16, 16], "texture": "#5"},
				"up": {"uv": [0, 0, 16, 16], "texture": "#5"},
				"down": {"uv": [0, 0, 16, 16], "texture": "#5"}
			}
		},
		{
			"from": [0, 1, 1],
			"to": [15, 3, 14.2],
			"faces": {
				"north": {"uv": [0, 0, 16, 16], "texture": "#5"},
				"east": {"uv": [0, 0, 16, 16], "texture": "#5"},
				"south": {"uv": [0, 0, 16, 16], "texture": "#5"},
				"west": {"uv": [0, 0, 16, 16], "texture": "#5"},
				"up": {"uv": [0, 0, 16, 16], "texture": "#5"},
				"down": {"uv": [0, 0, 16, 16], "texture": "#5"}
			}
		},
		{
			"from": [1, 1, 0.99],
			"to": [15, 13, 0.99],
			"faces": {
				"north": {"uv": [0, 0, 16, 16], "texture": "#2"},
				"east": {"uv": [0, 0, 16, 16], "texture": "#5"},
				"south": {"uv": [0, 0, 16, 16], "texture": "#5"},
				"west": {"uv": [0, 0, 16, 16], "texture": "#5"},
				"up": {"uv": [0, 0, 16, 16], "texture": "#5"},
				"down": {"uv": [0, 0, 16, 16], "texture": "#5"}
			}
		},
		{
			"from": [1, 2, 0],
			"to": [15, 3, 1],
			"faces": {
				"north": {"uv": [0.84375, 5.4375, 14.84375, 6.4375], "texture": "#5"},
				"east": {"uv": [0.84375, 5.4375, 14.84375, 6.4375], "texture": "#5"},
				"south": {"uv": [0.84375, 5.4375, 14.84375, 6.4375], "texture": "#5"},
				"west": {"uv": [0.84375, 5.4375, 14.84375, 6.4375], "texture": "#5"},
				"up": {"uv": [0.84375, 5.4375, 14.84375, 6.4375], "texture": "#5"},
				"down": {"uv": [0.84375, 5.4375, 14.84375, 6.4375], "texture": "#5"}
			}
		},
		{
			"from": [1, 4, 0],
			"to": [15, 5, 1],
			"faces": {
				"north": {"uv": [0.84375, 5.4375, 14.84375, 6.4375], "texture": "#5"},
				"east": {"uv": [0.84375, 5.4375, 14.84375, 6.4375], "texture": "#5"},
				"south": {"uv": [0.84375, 5.4375, 14.84375, 6.4375], "texture": "#5"},
				"west": {"uv": [0.84375, 5.4375, 14.84375, 6.4375], "texture": "#5"},
				"up": {"uv": [0.84375, 5.4375, 14.84375, 6.4375], "texture": "#5"},
				"down": {"uv": [0.84375, 5.4375, 14.84375, 6.4375], "texture": "#5"}
			}
		},
		{
			"from": [1, 6, 0],
			"to": [15, 7, 1],
			"faces": {
				"north": {"uv": [0.84375, 5.4375, 14.84375, 6.4375], "texture": "#5"},
				"east": {"uv": [0.84375, 5.4375, 14.84375, 6.4375], "texture": "#5"},
				"south": {"uv": [0.84375, 5.4375, 14.84375, 6.4375], "texture": "#5"},
				"west": {"uv": [0.84375, 5.4375, 14.84375, 6.4375], "texture": "#5"},
				"up": {"uv": [0.84375, 5.4375, 14.84375, 6.4375], "texture": "#5"},
				"down": {"uv": [0.84375, 5.4375, 14.84375, 6.4375], "texture": "#5"}
			}
		},
		{
			"from": [1, 8, 0],
			"to": [15, 9, 1],
			"faces": {
				"north": {"uv": [0.84375, 5.4375, 14.84375, 6.4375], "texture": "#5"},
				"east": {"uv": [0.84375, 5.4375, 14.84375, 6.4375], "texture": "#5"},
				"south": {"uv": [0.84375, 5.4375, 14.84375, 6.4375], "texture": "#5"},
				"west": {"uv": [0.84375, 5.4375, 14.84375, 6.4375], "texture": "#5"},
				"up": {"uv": [0.84375, 5.4375, 14.84375, 6.4375], "texture": "#5"},
				"down": {"uv": [0.84375, 5.4375, 14.84375, 6.4375], "texture": "#5"}
			}
		},
		{
			"from": [1, 10, 0],
			"to": [15, 11, 1],
			"faces": {
				"north": {"uv": [0.84375, 5.4375, 14.84375, 6.4375], "texture": "#5"},
				"east": {"uv": [0.84375, 5.4375, 14.84375, 6.4375], "texture": "#5"},
				"south": {"uv": [0.84375, 5.4375, 14.84375, 6.4375], "texture": "#5"},
				"west": {"uv": [0.84375, 5.4375, 14.84375, 6.4375], "texture": "#5"},
				"up": {"uv": [0.84375, 5.4375, 14.84375, 6.4375], "texture": "#5"},
				"down": {"uv": [0.84375, 5.4375, 14.84375, 6.4375], "texture": "#5"}
			}
		},
		{
			"from": [1, 12, 0],
			"to": [15, 13, 1],
			"faces": {
				"north": {"uv": [0.84375, 5.4375, 14.84375, 6.4375], "texture": "#5"},
				"east": {"uv": [0.84375, 5.4375, 14.84375, 6.4375], "texture": "#5"},
				"south": {"uv": [0.84375, 5.4375, 14.84375, 6.4375], "texture": "#5"},
				"west": {"uv": [0.84375, 5.4375, 14.84375, 6.4375], "texture": "#5"},
				"up": {"uv": [0.84375, 5.4375, 14.84375, 6.4375], "texture": "#5"},
				"down": {"uv": [0.84375, 5.4375, 14.84375, 6.4375], "texture": "#5"}
			}
		},
		{
			"from": [0, 6, 1],
			"to": [16, 7, 8.2],
			"faces": {
				"north": {"uv": [0, 0, 16, 16], "texture": "#5"},
				"east": {"uv": [0, 0, 16, 16], "texture": "#5"},
				"south": {"uv": [0, 0, 16, 16], "texture": "#5"},
				"west": {"uv": [0, 0, 16, 16], "texture": "#5"},
				"up": {"uv": [0, 0, 16, 16], "texture": "#5"},
				"down": {"uv": [0, 0, 16, 16], "texture": "#5"}
			}
		},
		{
			"from": [0, 3, 2],
			"to": [8, 4, 7.2],
			"faces": {
				"north": {"uv": [5.96875, 0, 7.75, 2.78125], "texture": "#8"},
				"east": {"uv": [0, 0, 16, 16], "texture": "#8"},
				"south": {"uv": [0, 13.03125, 16, 15.25], "texture": "#8"},
				"west": {"uv": [0, 12.875, 16, 15.5], "texture": "#8"},
				"up": {"uv": [0, 2.4375, 6.59375, 12.65625], "texture": "#8"},
				"down": {"uv": [9.46875, 2.53125, 16.0625, 12.75], "texture": "#8"}
			}
		},
		{
			"from": [2, 4, 1],
			"to": [10, 5, 5.2],
			"rotation": {"angle": -22.5, "axis": "y", "origin": [0, 0, 0]},
			"faces": {
				"north": {"uv": [5.96875, 0, 7.75, 2.78125], "texture": "#8"},
				"east": {"uv": [0, 0, 16, 16], "texture": "#8"},
				"south": {"uv": [0, 13.03125, 16, 15.25], "texture": "#8"},
				"west": {"uv": [0, 12.875, 16, 15.5], "texture": "#8"},
				"up": {"uv": [0, 2.4375, 6.59375, 12.65625], "texture": "#8"},
				"down": {"uv": [9.46875, 2.53125, 16.0625, 12.75], "texture": "#8"}
			}
		},
		{
			"from": [15, 6, 8.2],
			"to": [16, 7, 14.2],
			"faces": {
				"north": {"uv": [0, 0, 16, 16], "texture": "#5"},
				"east": {"uv": [0, 0, 16, 16], "texture": "#5"},
				"south": {"uv": [0, 0, 16, 16], "texture": "#5"},
				"west": {"uv": [0, 0, 16, 16], "texture": "#5"},
				"up": {"uv": [0, 0, 16, 16], "texture": "#5"},
				"down": {"uv": [0, 0, 16, 16], "texture": "#5"}
			}
		},
		{
			"from": [1, 1, 14.19],
			"to": [15, 14, 14.29],
			"faces": {
				"north": {"uv": [0, 0, 16, 16], "texture": "#2"},
				"east": {"uv": [0, 0, 16, 16], "texture": "#2"},
				"south": {"uv": [0, 0, 16, 16], "texture": "#2"},
				"west": {"uv": [0, 0, 16, 16], "texture": "#2"},
				"up": {"uv": [0, 0, 16, 16], "texture": "#2"},
				"down": {"uv": [0, 0, 16, 16], "texture": "#2"}
			}
		},
		{
			"from": [0, 11, 1],
			"to": [15, 13, 8.2],
			"faces": {
				"north": {"uv": [0, 0, 16, 1.84375], "texture": "#7"},
				"east": {"uv": [0, 0, 16, 1.84375], "texture": "#7"},
				"south": {"uv": [0, 0, 16, 1.84375], "texture": "#7"},
				"west": {"uv": [0, 0, 16, 1.84375], "texture": "#7"},
				"up": {"uv": [0, 0, 16, 1.84375], "texture": "#7"},
				"down": {"uv": [0, 0, 16, 1.84375], "texture": "#7"}
			}
		},
		{
			"from": [0, 3, 8.2],
			"to": [15, 13, 14.2],
			"faces": {
				"north": {"uv": [0, 0, 15, 10], "texture": "#7"},
				"east": {"uv": [0, 0, 6, 10], "texture": "#7"},
				"south": {"uv": [0, 0, 15, 10], "texture": "#7"},
				"west": {"uv": [0, 0, 6, 10], "texture": "#7"},
				"up": {"uv": [0, 0, 15, 6], "texture": "#7"},
				"down": {"uv": [0, 0, 15, 6], "texture": "#7"}
			}
		},
		{
			"from": [1, 13, 1.2],
			"to": [15, 14, 8.2],
			"faces": {
				"north": {"uv": [0, 0, 14, 1], "texture": "#7"},
				"east": {"uv": [0, 0, 7, 1], "texture": "#7"},
				"south": {"uv": [0, 0, 14, 1], "texture": "#7"},
				"west": {"uv": [0, 0, 7, 1], "texture": "#7"},
				"up": {"uv": [0, 0, 14, 7], "texture": "#7"},
				"down": {"uv": [0, 0, 14, 7], "texture": "#7"}
			}
		},
		{
			"from": [10, 7, 3.5],
			"to": [15, 9, 5.5],
			"faces": {
				"north": {"uv": [11.0625, 0.40625, 16.0625, 1.90625], "texture": "#10"},
				"east": {"uv": [8.5625, 9.1875, 15.78125, 15.78125], "texture": "#10"},
				"south": {"uv": [11.0625, 0.40625, 16.0625, 1.90625], "texture": "#10"},
				"west": {"uv": [11.0625, 0.40625, 16.0625, 1.90625], "texture": "#10"},
				"up": {"uv": [11.0625, 0.40625, 16.0625, 1.90625], "texture": "#10"},
				"down": {"uv": [11.0625, 0.40625, 16.0625, 1.90625], "texture": "#10"}
			}
		},
		{
			"from": [5, 7.25, 3.75],
			"to": [10, 8.75, 5.25],
			"faces": {
				"north": {"uv": [11.0625, 0.40625, 16.0625, 1.90625], "texture": "#10"},
				"east": {"uv": [11.0625, 0.40625, 16.0625, 1.90625], "texture": "#10"},
				"south": {"uv": [11.0625, 0.40625, 16.0625, 1.90625], "texture": "#10"},
				"west": {"uv": [11.0625, 0.40625, 16.0625, 1.90625], "texture": "#10"},
				"up": {"uv": [11.0625, 0.40625, 16.0625, 1.90625], "texture": "#10"},
				"down": {"uv": [11.0625, 0.40625, 16.0625, 1.90625], "texture": "#10"}
			}
		},
		{
			"from": [0, 7.4, 3.9],
			"to": [0.2, 8.6, 5.1],
			"faces": {
				"north": {"uv": [0, 0, 0.2, 1.2], "texture": "#10"},
				"east": {"uv": [0, 0, 0.2, 1.2], "texture": "#10"},
				"south": {"uv": [0, 0, 0.2, 1.2], "texture": "#10"},
				"west": {"uv": [0.0625, 8.15625, 8.25, 15.96875], "texture": "#10"},
				"up": {"uv": [0, 0, 0.2, 1.2], "texture": "#10"},
				"down": {"uv": [0, 0, 0.2, 1.2], "texture": "#10"}
			}
		},
		{
			"from": [0.2, 7.5, 4],
			"to": [5, 8.5, 5],
			"faces": {
				"north": {"uv": [11.25, 0.375, 16.05, 1.375], "texture": "#10"},
				"east": {"uv": [11.25, 0.375, 16.05, 1.375], "texture": "#10"},
				"south": {"uv": [11.25, 0.375, 16.05, 1.375], "texture": "#10"},
				"west": {"uv": [11.25, 0.375, 16.05, 1.375], "texture": "#10"},
				"up": {"uv": [11.25, 0.375, 16.05, 1.375], "texture": "#10"},
				"down": {"uv": [11.25, 0.375, 16.05, 1.375], "texture": "#10"}
			}
		}
	],
	"display": {
		"thirdperson_righthand": {
			"scale": [0.22852, 0.25195, 0.24414]
		},
		"thirdperson_lefthand": {
			"scale": [0.22852, 0.25195, 0.23242]
		},
		"firstperson_righthand": {
			"scale": [0.22852, 0.25195, 0.18555]
		},
		"firstperson_lefthand": {
			"scale": [0.22852, 0.25195, 0.18555]
		},
		"ground": {
			"translation": [0, -1.5, 0],
			"scale": [0.2832, 0.28125, 0.26758]
		},
		"gui": {
			"rotation": [15.25, 28.25, 0],
			"translation": [0.25, -0.25, 0],
			"scale": [0.68945, 0.68555, 0.75781]
		},
		"fixed": {
			"rotation": [0, -178, 0],
			"translation": [0, 0, 6]
		}
	}
}