{
	"credit": "Made with Blockbench",
	"textures": {
		"0": "block/carved_pumpkin",
		"1": "block/pumpkin_top",
		"2": "block/pumpkin_side2",
		"3": "block/pumpkin_side3",
		"particle": "block/carved_pumpkin"
	},
	"elements": [
		{
			"from": [0, 0, 0],
			"to": [16, 16, 16],
			"faces": {
				"north": {"uv": [0, 0, 16, 16], "texture": "#0"},
				"east": {"uv": [0, 0, 16, 16], "texture": "#3"},
				"south": {"uv": [0, 0, 16, 16], "texture": "#0"},
				"west": {"uv": [0, 0, 16, 16], "texture": "#2"},
				"up": {"uv": [0, 0, 16, 16], "texture": "#1"},
				"down": {"uv": [0, 0, 16, 16], "texture": "#0"}
			}
		}
	],
	"display": {
		"thirdperson_righthand": {
			"scale": [0.37695, 0.33984, 0.35352]
		},
		"thirdperson_lefthand": {
			"scale": [0.37695, 0.33984, 0.35352]
		},
		"firstperson_righthand": {
			"scale": [0.37695, 0.33984, 0.32227]
		},
		"firstperson_lefthand": {
			"scale": [0.37695, 0.33984, 0.32227]
		},
		"ground": {
			"scale": [0.34375, 0.33984, 0.32227]
		},
		"gui": {
			"rotation": [-150.63, -45.71, -178.81],
			"translation": [0, -0.25, 0],
			"scale": [0.58789, 0.59766, 0.61719]
		},
		"fixed": {
			"translation": [0, 0, 6.5]
		}
	}
}