{
	"credit": "Made with Blockbench",
	"parent": "minecraft:block/cross",
	"ambientocclusion": false,
	"textures": {
		"1": "block/cave_vines_lit",
		"particle": "block/cave_vines_lit"
	},
	"elements": [
		{
			"from": [0.8, 0, 8],
			"to": [15.2, 16, 8],
			"shade": false,
			"rotation": {"angle": 45, "axis": "y", "origin": [8, 8, 8], "rescale": true},
			"faces": {
				"north": {"uv": [0, 0, 16, 16], "texture": "#1"},
				"east": {"uv": [0, 0, 0, 0], "texture": "#1"},
				"south": {"uv": [0, 0, 16, 16], "texture": "#1"},
				"west": {"uv": [0, 0, 0, 0], "texture": "#1"},
				"up": {"uv": [0, 0, 0, 0], "texture": "#1"},
				"down": {"uv": [0, 0, 0, 0], "texture": "#1"}
			}
		},
		{
			"from": [8, 0, 0.8],
			"to": [8, 16, 15.2],
			"shade": false,
			"rotation": {"angle": 45, "axis": "y", "origin": [8, 8, 8], "rescale": true},
			"faces": {
				"north": {"uv": [0, 0, 0, 0], "texture": "#1"},
				"east": {"uv": [0, 0, 16, 16], "texture": "#1"},
				"south": {"uv": [0, 0, 0, 0], "texture": "#1"},
				"west": {"uv": [0, 0, 16, 16], "texture": "#1"},
				"up": {"uv": [0, 0, 0, 0], "texture": "#1"},
				"down": {"uv": [0, 0, 0, 0], "texture": "#1"}
			}
		},
		{
			"from": [6.5, 3.5, 7.2],
			"to": [7.5, 4.5, 8.2],
			"rotation": {"angle": 45, "axis": "y", "origin": [7.5, 7.5, 7.5]},
			"faces": {
				"north": {"uv": [11.6875, 5.34375, 13.6875, 7.34375], "texture": "#1"},
				"east": {"uv": [11.6875, 5.34375, 13.6875, 7.34375], "texture": "#1"},
				"south": {"uv": [11.6875, 5.34375, 13.6875, 7.34375], "texture": "#1"},
				"west": {"uv": [11.6875, 5.34375, 13.6875, 7.34375], "texture": "#1"},
				"up": {"uv": [11.6875, 5.34375, 13.6875, 7.34375], "texture": "#1"},
				"down": {"uv": [11.6875, 5.34375, 13.6875, 7.34375], "texture": "#1"}
			}
		},
		{
			"from": [7.5, 9.5, 8.2],
			"to": [8.5, 10.5, 9.2],
			"rotation": {"angle": 45, "axis": "y", "origin": [7.5, 7.5, 7.5]},
			"faces": {
				"north": {"uv": [11.6875, 5.34375, 13.6875, 7.34375], "texture": "#1"},
				"east": {"uv": [11.6875, 5.34375, 13.6875, 7.34375], "texture": "#1"},
				"south": {"uv": [11.6875, 5.34375, 13.6875, 7.34375], "texture": "#1"},
				"west": {"uv": [11.6875, 5.34375, 13.6875, 7.34375], "texture": "#1"},
				"up": {"uv": [11.6875, 5.34375, 13.6875, 7.34375], "texture": "#1"},
				"down": {"uv": [11.6875, 5.34375, 13.6875, 7.34375], "texture": "#1"}
			}
		}
	],
	"groups": [
		{
			"name": "cross",
			"origin": [8, 8, 8],
			"color": 0,
			"children": [0, 1]
		},
		2,
		3
	]
}