{
	"credit": "Made with Blockbench",
	"parent": "minecraft:item/generic_rail_display",
	"textures": {
		"1_0": "block/rail",
		"particle": "block/detector_rail"
	},
	"elements": [
		{
			"from": [1, -2, 7],
			"to": [15, -1, 9],
			"rotation": {"angle": -45, "axis": "x", "origin": [0, 0, 0]},
			"faces": {
				"north": {"uv": [1.32813, 2.25, 16, 3.89063], "texture": "#1_0"},
				"east": {"uv": [1.32813, 2.25, 16, 3.89063], "texture": "#1_0"},
				"south": {"uv": [1.32813, 2.25, 16, 3.89063], "texture": "#1_0"},
				"west": {"uv": [1.32813, 2.25, 16, 3.89063], "texture": "#1_0"},
				"up": {"uv": [1.32813, 2.25, 16, 3.89063], "texture": "#1_0"},
				"down": {"uv": [1.32813, 2.25, 16, 3.89063], "texture": "#1_0"}
			}
		},
		{
			"from": [1, -2, 11],
			"to": [15, -1, 13],
			"rotation": {"angle": -45, "axis": "x", "origin": [0, 0, 0]},
			"faces": {
				"north": {"uv": [1.32813, 0.8125, 16, 2.45313], "texture": "#1_0"},
				"east": {"uv": [1.32813, 0.8125, 16, 2.45313], "texture": "#1_0"},
				"south": {"uv": [1.32813, 0.8125, 16, 2.45313], "texture": "#1_0"},
				"west": {"uv": [1.32813, 0.8125, 16, 2.45313], "texture": "#1_0"},
				"up": {"uv": [1.32813, 0.8125, 16, 2.45313], "texture": "#1_0"},
				"down": {"uv": [1.32813, 0.8125, 16, 2.45313], "texture": "#1_0"}
			}
		},
		{
			"from": [1, -2, 15],
			"to": [15, -1, 17],
			"rotation": {"angle": -45, "axis": "x", "origin": [0, 0, 0]},
			"faces": {
				"north": {"uv": [1.32813, 2.25, 16, 3.89063], "texture": "#1_0"},
				"east": {"uv": [1.32813, 2.25, 16, 3.89063], "texture": "#1_0"},
				"south": {"uv": [1.32813, 2.25, 16, 3.89063], "texture": "#1_0"},
				"west": {"uv": [1.32813, 2.25, 16, 3.89063], "texture": "#1_0"},
				"up": {"uv": [1.32813, 2.25, 16, 3.89063], "texture": "#1_0"},
				"down": {"uv": [1.32813, 2.25, 16, 3.89063], "texture": "#1_0"}
			}
		},
		{
			"from": [1, -2, 19],
			"to": [15, -1, 21],
			"rotation": {"angle": -45, "axis": "x", "origin": [0, 0, 0]},
			"faces": {
				"north": {"uv": [1.32813, 0.8125, 16, 2.45313], "texture": "#1_0"},
				"east": {"uv": [1.32813, 0.8125, 16, 2.45313], "texture": "#1_0"},
				"south": {"uv": [1.32813, 0.8125, 16, 2.45313], "texture": "#1_0"},
				"west": {"uv": [1.32813, 0.8125, 16, 2.45313], "texture": "#1_0"},
				"up": {"uv": [1.32813, 0.8125, 16, 2.45313], "texture": "#1_0"},
				"down": {"uv": [1.32813, 0.8125, 16, 2.45313], "texture": "#1_0"}
			}
		},
		{
			"from": [2.001, -0.7, 0.6],
			"to": [4.001, 1.28, 23.6],
			"rotation": {"angle": -45, "axis": "x", "origin": [0, 0, 0]},
			"faces": {
				"north": {"uv": [6.15626, 9.59375, 15.14063, 8.51563], "rotation": 270, "texture": "#1_0"},
				"east": {"uv": [6.15626, 9.59375, 15.14063, 8.51563], "rotation": 270, "texture": "#1_0"},
				"south": {"uv": [6.15626, 9.59375, 15.14063, 8.51563], "rotation": 270, "texture": "#1_0"},
				"west": {"uv": [6.15626, 9.59375, 15.14063, 8.51563], "rotation": 270, "texture": "#1_0"},
				"up": {"uv": [6.15626, 9.59375, 15.14063, 8.51563], "rotation": 270, "texture": "#1_0"},
				"down": {"uv": [6.15626, 9.59375, 15.14063, 8.51563], "rotation": 270, "texture": "#1_0"}
			}
		},
		{
			"from": [4, -1, 7],
			"to": [4.2, 0, 9],
			"rotation": {"angle": -45, "axis": "x", "origin": [0, 0, 0]},
			"faces": {
				"north": {"uv": [6.15626, 9.59375, 15.14063, 8.51563], "rotation": 270, "texture": "#1_0"},
				"east": {"uv": [10.28126, 14.96875, 11.34376, 12.93751], "rotation": 270, "texture": "#1_0"},
				"south": {"uv": [6.15626, 9.59375, 15.14063, 8.51563], "rotation": 270, "texture": "#1_0"},
				"west": {"uv": [6.15626, 9.59375, 15.14063, 8.51563], "rotation": 270, "texture": "#1_0"},
				"up": {"uv": [6.15626, 9.59375, 15.14063, 8.51563], "rotation": 270, "texture": "#1_0"},
				"down": {"uv": [6.15626, 9.59375, 15.14063, 8.51563], "rotation": 270, "texture": "#1_0"}
			}
		},
		{
			"from": [4, -1, 11],
			"to": [4.2, 0, 13],
			"rotation": {"angle": -45, "axis": "x", "origin": [0, 0, 0]},
			"faces": {
				"north": {"uv": [6.15626, 9.59375, 15.14063, 8.51563], "rotation": 270, "texture": "#1_0"},
				"east": {"uv": [10.28126, 14.96875, 11.34376, 12.93751], "rotation": 270, "texture": "#1_0"},
				"south": {"uv": [6.15626, 9.59375, 15.14063, 8.51563], "rotation": 270, "texture": "#1_0"},
				"west": {"uv": [6.15626, 9.59375, 15.14063, 8.51563], "rotation": 270, "texture": "#1_0"},
				"up": {"uv": [6.15626, 9.59375, 15.14063, 8.51563], "rotation": 270, "texture": "#1_0"},
				"down": {"uv": [6.15626, 9.59375, 15.14063, 8.51563], "rotation": 270, "texture": "#1_0"}
			}
		},
		{
			"from": [4, -1, 15],
			"to": [4.2, 0, 17],
			"rotation": {"angle": -45, "axis": "x", "origin": [0, 0, 0]},
			"faces": {
				"north": {"uv": [6.15626, 9.59375, 15.14063, 8.51563], "rotation": 270, "texture": "#1_0"},
				"east": {"uv": [10.28126, 14.96875, 11.34376, 12.93751], "rotation": 270, "texture": "#1_0"},
				"south": {"uv": [6.15626, 9.59375, 15.14063, 8.51563], "rotation": 270, "texture": "#1_0"},
				"west": {"uv": [6.15626, 9.59375, 15.14063, 8.51563], "rotation": 270, "texture": "#1_0"},
				"up": {"uv": [6.15626, 9.59375, 15.14063, 8.51563], "rotation": 270, "texture": "#1_0"},
				"down": {"uv": [6.15626, 9.59375, 15.14063, 8.51563], "rotation": 270, "texture": "#1_0"}
			}
		},
		{
			"from": [4, -1, 19],
			"to": [4.2, 0, 21],
			"rotation": {"angle": -45, "axis": "x", "origin": [0, 0, 0]},
			"faces": {
				"north": {"uv": [6.15626, 9.59375, 15.14063, 8.51563], "rotation": 270, "texture": "#1_0"},
				"east": {"uv": [10.28126, 14.96875, 11.34376, 12.93751], "rotation": 270, "texture": "#1_0"},
				"south": {"uv": [6.15626, 9.59375, 15.14063, 8.51563], "rotation": 270, "texture": "#1_0"},
				"west": {"uv": [6.15626, 9.59375, 15.14063, 8.51563], "rotation": 270, "texture": "#1_0"},
				"up": {"uv": [6.15626, 9.59375, 15.14063, 8.51563], "rotation": 270, "texture": "#1_0"},
				"down": {"uv": [6.15626, 9.59375, 15.14063, 8.51563], "rotation": 270, "texture": "#1_0"}
			}
		},
		{
			"from": [11.8, -1, 19],
			"to": [12, 0, 21],
			"rotation": {"angle": -45, "axis": "x", "origin": [0, 0, 0]},
			"faces": {
				"north": {"uv": [6.15626, 9.59375, 15.14063, 8.51563], "rotation": 270, "texture": "#1_0"},
				"east": {"uv": [6.15626, 9.59375, 15.14063, 8.51563], "rotation": 270, "texture": "#1_0"},
				"south": {"uv": [6.15626, 9.59375, 15.14063, 8.51563], "rotation": 270, "texture": "#1_0"},
				"west": {"uv": [10.28126, 14.96875, 11.34376, 12.93751], "rotation": 270, "texture": "#1_0"},
				"up": {"uv": [6.15626, 9.59375, 15.14063, 8.51563], "rotation": 270, "texture": "#1_0"},
				"down": {"uv": [6.15626, 9.59375, 15.14063, 8.51563], "rotation": 270, "texture": "#1_0"}
			}
		},
		{
			"from": [11.8, -1, 15],
			"to": [12, 0, 17],
			"rotation": {"angle": -45, "axis": "x", "origin": [0, 0, 0]},
			"faces": {
				"north": {"uv": [6.15626, 9.59375, 15.14063, 8.51563], "rotation": 270, "texture": "#1_0"},
				"east": {"uv": [6.15626, 9.59375, 15.14063, 8.51563], "rotation": 270, "texture": "#1_0"},
				"south": {"uv": [6.15626, 9.59375, 15.14063, 8.51563], "rotation": 270, "texture": "#1_0"},
				"west": {"uv": [10.28126, 14.96875, 11.34376, 12.93751], "rotation": 270, "texture": "#1_0"},
				"up": {"uv": [6.15626, 9.59375, 15.14063, 8.51563], "rotation": 270, "texture": "#1_0"},
				"down": {"uv": [6.15626, 9.59375, 15.14063, 8.51563], "rotation": 270, "texture": "#1_0"}
			}
		},
		{
			"from": [11.8, -1, 11],
			"to": [12, 0, 13],
			"rotation": {"angle": -45, "axis": "x", "origin": [0, 0, 0]},
			"faces": {
				"north": {"uv": [6.15626, 9.59375, 15.14063, 8.51563], "rotation": 270, "texture": "#1_0"},
				"east": {"uv": [6.15626, 9.59375, 15.14063, 8.51563], "rotation": 270, "texture": "#1_0"},
				"south": {"uv": [6.15626, 9.59375, 15.14063, 8.51563], "rotation": 270, "texture": "#1_0"},
				"west": {"uv": [10.28126, 14.96875, 11.34376, 12.93751], "rotation": 270, "texture": "#1_0"},
				"up": {"uv": [6.15626, 9.59375, 15.14063, 8.51563], "rotation": 270, "texture": "#1_0"},
				"down": {"uv": [6.15626, 9.59375, 15.14063, 8.51563], "rotation": 270, "texture": "#1_0"}
			}
		},
		{
			"from": [11.8, -1, 7],
			"to": [12, 0, 9],
			"rotation": {"angle": -45, "axis": "x", "origin": [0, 0, 0]},
			"faces": {
				"north": {"uv": [6.15626, 9.59375, 15.14063, 8.51563], "rotation": 270, "texture": "#1_0"},
				"east": {"uv": [6.15626, 9.59375, 15.14063, 8.51563], "rotation": 270, "texture": "#1_0"},
				"south": {"uv": [6.15626, 9.59375, 15.14063, 8.51563], "rotation": 270, "texture": "#1_0"},
				"west": {"uv": [10.28126, 14.96875, 11.34376, 12.93751], "rotation": 270, "texture": "#1_0"},
				"up": {"uv": [6.15626, 9.59375, 15.14063, 8.51563], "rotation": 270, "texture": "#1_0"},
				"down": {"uv": [6.15626, 9.59375, 15.14063, 8.51563], "rotation": 270, "texture": "#1_0"}
			}
		},
		{
			"from": [11.3, -1, 7],
			"to": [11.8, -0.8, 9],
			"rotation": {"angle": -45, "axis": "x", "origin": [0, 0, 0]},
			"faces": {
				"north": {"uv": [6.15626, 9.59375, 15.14063, 8.51563], "rotation": 270, "texture": "#1_0"},
				"east": {"uv": [6.15626, 9.59375, 15.14063, 8.51563], "rotation": 270, "texture": "#1_0"},
				"south": {"uv": [6.15626, 9.59375, 15.14063, 8.51563], "rotation": 270, "texture": "#1_0"},
				"west": {"uv": [6.15626, 9.59375, 15.14063, 8.51563], "rotation": 270, "texture": "#1_0"},
				"up": {"uv": [6.15626, 9.59375, 15.14063, 8.51563], "rotation": 270, "texture": "#1_0"},
				"down": {"uv": [6.15626, 9.59375, 15.14063, 8.51563], "rotation": 270, "texture": "#1_0"}
			}
		},
		{
			"from": [11.3, -1, 11],
			"to": [11.8, -0.8, 13],
			"rotation": {"angle": -45, "axis": "x", "origin": [0, 0, 0]},
			"faces": {
				"north": {"uv": [6.15626, 9.59375, 15.14063, 8.51563], "rotation": 270, "texture": "#1_0"},
				"east": {"uv": [6.15626, 9.59375, 15.14063, 8.51563], "rotation": 270, "texture": "#1_0"},
				"south": {"uv": [6.15626, 9.59375, 15.14063, 8.51563], "rotation": 270, "texture": "#1_0"},
				"west": {"uv": [6.15626, 9.59375, 15.14063, 8.51563], "rotation": 270, "texture": "#1_0"},
				"up": {"uv": [6.15626, 9.59375, 15.14063, 8.51563], "rotation": 270, "texture": "#1_0"},
				"down": {"uv": [6.15626, 9.59375, 15.14063, 8.51563], "rotation": 270, "texture": "#1_0"}
			}
		},
		{
			"from": [11.3, -1, 15],
			"to": [11.8, -0.8, 17],
			"rotation": {"angle": -45, "axis": "x", "origin": [0, 0, 0]},
			"faces": {
				"north": {"uv": [6.15626, 9.59375, 15.14063, 8.51563], "rotation": 270, "texture": "#1_0"},
				"east": {"uv": [6.15626, 9.59375, 15.14063, 8.51563], "rotation": 270, "texture": "#1_0"},
				"south": {"uv": [6.15626, 9.59375, 15.14063, 8.51563], "rotation": 270, "texture": "#1_0"},
				"west": {"uv": [6.15626, 9.59375, 15.14063, 8.51563], "rotation": 270, "texture": "#1_0"},
				"up": {"uv": [6.15626, 9.59375, 15.14063, 8.51563], "rotation": 270, "texture": "#1_0"},
				"down": {"uv": [6.15626, 9.59375, 15.14063, 8.51563], "rotation": 270, "texture": "#1_0"}
			}
		},
		{
			"from": [11.3, -1, 19],
			"to": [11.8, -0.8, 21],
			"rotation": {"angle": -45, "axis": "x", "origin": [0, 0, 0]},
			"faces": {
				"north": {"uv": [6.15626, 9.59375, 15.14063, 8.51563], "rotation": 270, "texture": "#1_0"},
				"east": {"uv": [6.15626, 9.59375, 15.14063, 8.51563], "rotation": 270, "texture": "#1_0"},
				"south": {"uv": [6.15626, 9.59375, 15.14063, 8.51563], "rotation": 270, "texture": "#1_0"},
				"west": {"uv": [6.15626, 9.59375, 15.14063, 8.51563], "rotation": 270, "texture": "#1_0"},
				"up": {"uv": [6.15626, 9.59375, 15.14063, 8.51563], "rotation": 270, "texture": "#1_0"},
				"down": {"uv": [6.15626, 9.59375, 15.14063, 8.51563], "rotation": 270, "texture": "#1_0"}
			}
		},
		{
			"from": [14.2, -1, 19],
			"to": [14.7, -0.8, 21],
			"rotation": {"angle": -45, "axis": "x", "origin": [0, 0, 0]},
			"faces": {
				"north": {"uv": [6.15626, 9.59375, 15.14063, 8.51563], "rotation": 270, "texture": "#1_0"},
				"east": {"uv": [6.15626, 9.59375, 15.14063, 8.51563], "rotation": 270, "texture": "#1_0"},
				"south": {"uv": [6.15626, 9.59375, 15.14063, 8.51563], "rotation": 270, "texture": "#1_0"},
				"west": {"uv": [6.15626, 9.59375, 15.14063, 8.51563], "rotation": 270, "texture": "#1_0"},
				"up": {"uv": [6.15626, 9.59375, 15.14063, 8.51563], "rotation": 270, "texture": "#1_0"},
				"down": {"uv": [6.15626, 9.59375, 15.14063, 8.51563], "rotation": 270, "texture": "#1_0"}
			}
		},
		{
			"from": [14.2, -1, 15],
			"to": [14.7, -0.8, 17],
			"rotation": {"angle": -45, "axis": "x", "origin": [0, 0, 0]},
			"faces": {
				"north": {"uv": [6.15626, 9.59375, 15.14063, 8.51563], "rotation": 270, "texture": "#1_0"},
				"east": {"uv": [6.15626, 9.59375, 15.14063, 8.51563], "rotation": 270, "texture": "#1_0"},
				"south": {"uv": [6.15626, 9.59375, 15.14063, 8.51563], "rotation": 270, "texture": "#1_0"},
				"west": {"uv": [6.15626, 9.59375, 15.14063, 8.51563], "rotation": 270, "texture": "#1_0"},
				"up": {"uv": [6.15626, 9.59375, 15.14063, 8.51563], "rotation": 270, "texture": "#1_0"},
				"down": {"uv": [6.15626, 9.59375, 15.14063, 8.51563], "rotation": 270, "texture": "#1_0"}
			}
		},
		{
			"from": [14.2, -1, 11],
			"to": [14.7, -0.8, 13],
			"rotation": {"angle": -45, "axis": "x", "origin": [0, 0, 0]},
			"faces": {
				"north": {"uv": [6.15626, 9.59375, 15.14063, 8.51563], "rotation": 270, "texture": "#1_0"},
				"east": {"uv": [6.15626, 9.59375, 15.14063, 8.51563], "rotation": 270, "texture": "#1_0"},
				"south": {"uv": [6.15626, 9.59375, 15.14063, 8.51563], "rotation": 270, "texture": "#1_0"},
				"west": {"uv": [6.15626, 9.59375, 15.14063, 8.51563], "rotation": 270, "texture": "#1_0"},
				"up": {"uv": [6.15626, 9.59375, 15.14063, 8.51563], "rotation": 270, "texture": "#1_0"},
				"down": {"uv": [6.15626, 9.59375, 15.14063, 8.51563], "rotation": 270, "texture": "#1_0"}
			}
		},
		{
			"from": [14.2, -1, 7],
			"to": [14.7, -0.8, 9],
			"rotation": {"angle": -45, "axis": "x", "origin": [0, 0, 0]},
			"faces": {
				"north": {"uv": [6.15626, 9.59375, 15.14063, 8.51563], "rotation": 270, "texture": "#1_0"},
				"east": {"uv": [6.15626, 9.59375, 15.14063, 8.51563], "rotation": 270, "texture": "#1_0"},
				"south": {"uv": [6.15626, 9.59375, 15.14063, 8.51563], "rotation": 270, "texture": "#1_0"},
				"west": {"uv": [6.15626, 9.59375, 15.14063, 8.51563], "rotation": 270, "texture": "#1_0"},
				"up": {"uv": [6.15626, 9.59375, 15.14063, 8.51563], "rotation": 270, "texture": "#1_0"},
				"down": {"uv": [6.15626, 9.59375, 15.14063, 8.51563], "rotation": 270, "texture": "#1_0"}
			}
		},
		{
			"from": [11.3, -1, 19],
			"to": [11.8, -0.8, 21],
			"rotation": {"angle": -45, "axis": "x", "origin": [0, 0, 0]},
			"faces": {
				"north": {"uv": [6.15626, 9.59375, 15.14063, 8.51563], "rotation": 270, "texture": "#1_0"},
				"east": {"uv": [6.15626, 9.59375, 15.14063, 8.51563], "rotation": 270, "texture": "#1_0"},
				"south": {"uv": [6.15626, 9.59375, 15.14063, 8.51563], "rotation": 270, "texture": "#1_0"},
				"west": {"uv": [6.15626, 9.59375, 15.14063, 8.51563], "rotation": 270, "texture": "#1_0"},
				"up": {"uv": [6.15626, 9.59375, 15.14063, 8.51563], "rotation": 270, "texture": "#1_0"},
				"down": {"uv": [6.15626, 9.59375, 15.14063, 8.51563], "rotation": 270, "texture": "#1_0"}
			}
		},
		{
			"from": [11.3, -1, 7],
			"to": [11.8, -0.8, 9],
			"rotation": {"angle": -45, "axis": "x", "origin": [0, 0, 0]},
			"faces": {
				"north": {"uv": [6.15626, 9.59375, 15.14063, 8.51563], "rotation": 270, "texture": "#1_0"},
				"east": {"uv": [6.15626, 9.59375, 15.14063, 8.51563], "rotation": 270, "texture": "#1_0"},
				"south": {"uv": [6.15626, 9.59375, 15.14063, 8.51563], "rotation": 270, "texture": "#1_0"},
				"west": {"uv": [6.15626, 9.59375, 15.14063, 8.51563], "rotation": 270, "texture": "#1_0"},
				"up": {"uv": [6.15626, 9.59375, 15.14063, 8.51563], "rotation": 270, "texture": "#1_0"},
				"down": {"uv": [6.15626, 9.59375, 15.14063, 8.51563], "rotation": 270, "texture": "#1_0"}
			}
		},
		{
			"from": [4.2, -1, 19],
			"to": [4.7, -0.8, 21],
			"rotation": {"angle": -45, "axis": "x", "origin": [0, 0, 0]},
			"faces": {
				"north": {"uv": [6.15626, 9.59375, 15.14063, 8.51563], "rotation": 270, "texture": "#1_0"},
				"east": {"uv": [6.15626, 9.59375, 15.14063, 8.51563], "rotation": 270, "texture": "#1_0"},
				"south": {"uv": [6.15626, 9.59375, 15.14063, 8.51563], "rotation": 270, "texture": "#1_0"},
				"west": {"uv": [6.15626, 9.59375, 15.14063, 8.51563], "rotation": 270, "texture": "#1_0"},
				"up": {"uv": [6.15626, 9.59375, 15.14063, 8.51563], "rotation": 270, "texture": "#1_0"},
				"down": {"uv": [6.15626, 9.59375, 15.14063, 8.51563], "rotation": 270, "texture": "#1_0"}
			}
		},
		{
			"from": [4.2, -1, 7],
			"to": [4.7, -0.8, 9],
			"rotation": {"angle": -45, "axis": "x", "origin": [0, 0, 0]},
			"faces": {
				"north": {"uv": [6.15626, 9.59375, 15.14063, 8.51563], "rotation": 270, "texture": "#1_0"},
				"east": {"uv": [6.15626, 9.59375, 15.14063, 8.51563], "rotation": 270, "texture": "#1_0"},
				"south": {"uv": [6.15626, 9.59375, 15.14063, 8.51563], "rotation": 270, "texture": "#1_0"},
				"west": {"uv": [6.15626, 9.59375, 15.14063, 8.51563], "rotation": 270, "texture": "#1_0"},
				"up": {"uv": [6.15626, 9.59375, 15.14063, 8.51563], "rotation": 270, "texture": "#1_0"},
				"down": {"uv": [6.15626, 9.59375, 15.14063, 8.51563], "rotation": 270, "texture": "#1_0"}
			}
		},
		{
			"from": [4.2, -1, 11],
			"to": [4.7, -0.8, 13],
			"rotation": {"angle": -45, "axis": "x", "origin": [0, 0, 0]},
			"faces": {
				"north": {"uv": [6.15626, 9.59375, 15.14063, 8.51563], "rotation": 270, "texture": "#1_0"},
				"east": {"uv": [6.15626, 9.59375, 15.14063, 8.51563], "rotation": 270, "texture": "#1_0"},
				"south": {"uv": [6.15626, 9.59375, 15.14063, 8.51563], "rotation": 270, "texture": "#1_0"},
				"west": {"uv": [6.15626, 9.59375, 15.14063, 8.51563], "rotation": 270, "texture": "#1_0"},
				"up": {"uv": [6.15626, 9.59375, 15.14063, 8.51563], "rotation": 270, "texture": "#1_0"},
				"down": {"uv": [6.15626, 9.59375, 15.14063, 8.51563], "rotation": 270, "texture": "#1_0"}
			}
		},
		{
			"from": [4.2, -1, 15],
			"to": [4.7, -0.8, 17],
			"rotation": {"angle": -45, "axis": "x", "origin": [0, 0, 0]},
			"faces": {
				"north": {"uv": [6.15626, 9.59375, 15.14063, 8.51563], "rotation": 270, "texture": "#1_0"},
				"east": {"uv": [6.15626, 9.59375, 15.14063, 8.51563], "rotation": 270, "texture": "#1_0"},
				"south": {"uv": [6.15626, 9.59375, 15.14063, 8.51563], "rotation": 270, "texture": "#1_0"},
				"west": {"uv": [6.15626, 9.59375, 15.14063, 8.51563], "rotation": 270, "texture": "#1_0"},
				"up": {"uv": [6.15626, 9.59375, 15.14063, 8.51563], "rotation": 270, "texture": "#1_0"},
				"down": {"uv": [6.15626, 9.59375, 15.14063, 8.51563], "rotation": 270, "texture": "#1_0"}
			}
		},
		{
			"from": [1.3, -1, 15],
			"to": [1.8, -0.8, 17],
			"rotation": {"angle": -45, "axis": "x", "origin": [0, 0, 0]},
			"faces": {
				"north": {"uv": [6.15626, 9.59375, 15.14063, 8.51563], "rotation": 270, "texture": "#1_0"},
				"east": {"uv": [6.15626, 9.59375, 15.14063, 8.51563], "rotation": 270, "texture": "#1_0"},
				"south": {"uv": [6.15626, 9.59375, 15.14063, 8.51563], "rotation": 270, "texture": "#1_0"},
				"west": {"uv": [6.15626, 9.59375, 15.14063, 8.51563], "rotation": 270, "texture": "#1_0"},
				"up": {"uv": [6.15626, 9.59375, 15.14063, 8.51563], "rotation": 270, "texture": "#1_0"},
				"down": {"uv": [6.15626, 9.59375, 15.14063, 8.51563], "rotation": 270, "texture": "#1_0"}
			}
		},
		{
			"from": [1.3, -1, 11],
			"to": [1.8, -0.8, 13],
			"rotation": {"angle": -45, "axis": "x", "origin": [0, 0, 0]},
			"faces": {
				"north": {"uv": [6.15626, 9.59375, 15.14063, 8.51563], "rotation": 270, "texture": "#1_0"},
				"east": {"uv": [6.15626, 9.59375, 15.14063, 8.51563], "rotation": 270, "texture": "#1_0"},
				"south": {"uv": [6.15626, 9.59375, 15.14063, 8.51563], "rotation": 270, "texture": "#1_0"},
				"west": {"uv": [6.15626, 9.59375, 15.14063, 8.51563], "rotation": 270, "texture": "#1_0"},
				"up": {"uv": [6.15626, 9.59375, 15.14063, 8.51563], "rotation": 270, "texture": "#1_0"},
				"down": {"uv": [6.15626, 9.59375, 15.14063, 8.51563], "rotation": 270, "texture": "#1_0"}
			}
		},
		{
			"from": [1.3, -1, 7],
			"to": [1.8, -0.8, 9],
			"rotation": {"angle": -45, "axis": "x", "origin": [0, 0, 0]},
			"faces": {
				"north": {"uv": [6.15626, 9.59375, 15.14063, 8.51563], "rotation": 270, "texture": "#1_0"},
				"east": {"uv": [6.15626, 9.59375, 15.14063, 8.51563], "rotation": 270, "texture": "#1_0"},
				"south": {"uv": [6.15626, 9.59375, 15.14063, 8.51563], "rotation": 270, "texture": "#1_0"},
				"west": {"uv": [6.15626, 9.59375, 15.14063, 8.51563], "rotation": 270, "texture": "#1_0"},
				"up": {"uv": [6.15626, 9.59375, 15.14063, 8.51563], "rotation": 270, "texture": "#1_0"},
				"down": {"uv": [6.15626, 9.59375, 15.14063, 8.51563], "rotation": 270, "texture": "#1_0"}
			}
		},
		{
			"from": [1.3, -1, 19],
			"to": [1.8, -0.8, 21],
			"rotation": {"angle": -45, "axis": "x", "origin": [0, 0, 0]},
			"faces": {
				"north": {"uv": [6.15626, 9.59375, 15.14063, 8.51563], "rotation": 270, "texture": "#1_0"},
				"east": {"uv": [6.15626, 9.59375, 15.14063, 8.51563], "rotation": 270, "texture": "#1_0"},
				"south": {"uv": [6.15626, 9.59375, 15.14063, 8.51563], "rotation": 270, "texture": "#1_0"},
				"west": {"uv": [6.15626, 9.59375, 15.14063, 8.51563], "rotation": 270, "texture": "#1_0"},
				"up": {"uv": [6.15626, 9.59375, 15.14063, 8.51563], "rotation": 270, "texture": "#1_0"},
				"down": {"uv": [6.15626, 9.59375, 15.14063, 8.51563], "rotation": 270, "texture": "#1_0"}
			}
		},
		{
			"from": [14, -1, 7],
			"to": [14.2, 0, 9],
			"rotation": {"angle": -45, "axis": "x", "origin": [0, 0, 0]},
			"faces": {
				"north": {"uv": [6.15626, 9.59375, 15.14063, 8.51563], "rotation": 270, "texture": "#1_0"},
				"east": {"uv": [10.28126, 14.96875, 11.34376, 12.93751], "rotation": 270, "texture": "#1_0"},
				"south": {"uv": [6.15626, 9.59375, 15.14063, 8.51563], "rotation": 270, "texture": "#1_0"},
				"west": {"uv": [6.15626, 9.59375, 15.14063, 8.51563], "rotation": 270, "texture": "#1_0"},
				"up": {"uv": [6.15626, 9.59375, 15.14063, 8.51563], "rotation": 270, "texture": "#1_0"},
				"down": {"uv": [6.15626, 9.59375, 15.14063, 8.51563], "rotation": 270, "texture": "#1_0"}
			}
		},
		{
			"from": [14, -1, 19],
			"to": [14.2, 0, 21],
			"rotation": {"angle": -45, "axis": "x", "origin": [0, 0, 0]},
			"faces": {
				"north": {"uv": [6.15626, 9.59375, 15.14063, 8.51563], "rotation": 270, "texture": "#1_0"},
				"east": {"uv": [10.28126, 14.96875, 11.34376, 12.93751], "rotation": 270, "texture": "#1_0"},
				"south": {"uv": [6.15626, 9.59375, 15.14063, 8.51563], "rotation": 270, "texture": "#1_0"},
				"west": {"uv": [6.15626, 9.59375, 15.14063, 8.51563], "rotation": 270, "texture": "#1_0"},
				"up": {"uv": [6.15626, 9.59375, 15.14063, 8.51563], "rotation": 270, "texture": "#1_0"},
				"down": {"uv": [6.15626, 9.59375, 15.14063, 8.51563], "rotation": 270, "texture": "#1_0"}
			}
		},
		{
			"from": [14, -1, 11],
			"to": [14.2, 0, 13],
			"rotation": {"angle": -45, "axis": "x", "origin": [0, 0, 0]},
			"faces": {
				"north": {"uv": [7.78125, 9.48437, 10.09375, 8.67188], "rotation": 270, "texture": "#1_0"},
				"east": {"uv": [10.28126, 14.96875, 11.34376, 12.93751], "rotation": 270, "texture": "#1_0"},
				"south": {"uv": [7.78125, 9.48437, 10.09375, 8.67188], "rotation": 270, "texture": "#1_0"},
				"west": {"uv": [7.78125, 9.48437, 10.09375, 8.67188], "rotation": 270, "texture": "#1_0"},
				"up": {"uv": [7.78125, 9.48437, 10.09375, 8.67188], "rotation": 270, "texture": "#1_0"},
				"down": {"uv": [7.78125, 9.48437, 10.09375, 8.67188], "rotation": 270, "texture": "#1_0"}
			}
		},
		{
			"from": [14, -1, 15],
			"to": [14.2, 0, 17],
			"rotation": {"angle": -45, "axis": "x", "origin": [0, 0, 0]},
			"faces": {
				"north": {"uv": [6.15626, 9.59375, 15.14063, 8.51563], "rotation": 270, "texture": "#1_0"},
				"east": {"uv": [10.28126, 14.96875, 11.34376, 12.93751], "rotation": 270, "texture": "#1_0"},
				"south": {"uv": [6.15626, 9.59375, 15.14063, 8.51563], "rotation": 270, "texture": "#1_0"},
				"west": {"uv": [6.15626, 9.59375, 15.14063, 8.51563], "rotation": 270, "texture": "#1_0"},
				"up": {"uv": [6.15626, 9.59375, 15.14063, 8.51563], "rotation": 270, "texture": "#1_0"},
				"down": {"uv": [6.15626, 9.59375, 15.14063, 8.51563], "rotation": 270, "texture": "#1_0"}
			}
		},
		{
			"from": [1.8, -1, 7],
			"to": [2, 0, 9],
			"rotation": {"angle": -45, "axis": "x", "origin": [0, 0, 0]},
			"faces": {
				"north": {"uv": [6.15626, 9.59375, 15.14063, 8.51563], "rotation": 270, "texture": "#1_0"},
				"east": {"uv": [6.15626, 9.59375, 15.14063, 8.51563], "rotation": 270, "texture": "#1_0"},
				"south": {"uv": [6.15626, 9.59375, 15.14063, 8.51563], "rotation": 270, "texture": "#1_0"},
				"west": {"uv": [10.28126, 14.96875, 11.34376, 12.93751], "rotation": 270, "texture": "#1_0"},
				"up": {"uv": [6.15626, 9.59375, 15.14063, 8.51563], "rotation": 270, "texture": "#1_0"},
				"down": {"uv": [6.15626, 9.59375, 15.14063, 8.51563], "rotation": 270, "texture": "#1_0"}
			}
		},
		{
			"from": [1, -2, 3],
			"to": [15, -1, 5],
			"rotation": {"angle": -45, "axis": "x", "origin": [0, 0, 0]},
			"faces": {
				"north": {"uv": [1.32813, 2.25, 16, 3.89063], "texture": "#1_0"},
				"east": {"uv": [1.32813, 2.25, 16, 3.89063], "texture": "#1_0"},
				"south": {"uv": [1.32813, 2.25, 16, 3.89063], "texture": "#1_0"},
				"west": {"uv": [1.32813, 2.25, 16, 3.89063], "texture": "#1_0"},
				"up": {"uv": [1.32813, 2.25, 16, 3.89063], "texture": "#1_0"},
				"down": {"uv": [1.32813, 2.25, 16, 3.89063], "texture": "#1_0"}
			}
		},
		{
			"from": [1.3, -1, 3],
			"to": [1.8, -0.8, 5],
			"rotation": {"angle": -45, "axis": "x", "origin": [0, 0, 0]},
			"faces": {
				"north": {"uv": [6.15626, 9.59375, 15.14063, 8.51563], "rotation": 270, "texture": "#1_0"},
				"east": {"uv": [6.15626, 9.59375, 15.14063, 8.51563], "rotation": 270, "texture": "#1_0"},
				"south": {"uv": [6.15626, 9.59375, 15.14063, 8.51563], "rotation": 270, "texture": "#1_0"},
				"west": {"uv": [6.15626, 9.59375, 15.14063, 8.51563], "rotation": 270, "texture": "#1_0"},
				"up": {"uv": [6.15626, 9.59375, 15.14063, 8.51563], "rotation": 270, "texture": "#1_0"},
				"down": {"uv": [6.15626, 9.59375, 15.14063, 8.51563], "rotation": 270, "texture": "#1_0"}
			}
		},
		{
			"from": [14.2, -1, 3],
			"to": [14.7, -0.8, 5],
			"rotation": {"angle": -45, "axis": "x", "origin": [0, 0, 0]},
			"faces": {
				"north": {"uv": [6.15626, 9.59375, 15.14063, 8.51563], "rotation": 270, "texture": "#1_0"},
				"east": {"uv": [6.15626, 9.59375, 15.14063, 8.51563], "rotation": 270, "texture": "#1_0"},
				"south": {"uv": [6.15626, 9.59375, 15.14063, 8.51563], "rotation": 270, "texture": "#1_0"},
				"west": {"uv": [6.15626, 9.59375, 15.14063, 8.51563], "rotation": 270, "texture": "#1_0"},
				"up": {"uv": [6.15626, 9.59375, 15.14063, 8.51563], "rotation": 270, "texture": "#1_0"},
				"down": {"uv": [6.15626, 9.59375, 15.14063, 8.51563], "rotation": 270, "texture": "#1_0"}
			}
		},
		{
			"from": [14, -1, 3],
			"to": [14.2, 0, 5],
			"rotation": {"angle": -45, "axis": "x", "origin": [0, 0, 0]},
			"faces": {
				"north": {"uv": [6.15626, 9.59375, 15.14063, 8.51563], "rotation": 270, "texture": "#1_0"},
				"east": {"uv": [10.28126, 14.96875, 11.34376, 12.93751], "rotation": 270, "texture": "#1_0"},
				"south": {"uv": [6.15626, 9.59375, 15.14063, 8.51563], "rotation": 270, "texture": "#1_0"},
				"west": {"uv": [6.15626, 9.59375, 15.14063, 8.51563], "rotation": 270, "texture": "#1_0"},
				"up": {"uv": [6.15626, 9.59375, 15.14063, 8.51563], "rotation": 270, "texture": "#1_0"},
				"down": {"uv": [6.15626, 9.59375, 15.14063, 8.51563], "rotation": 270, "texture": "#1_0"}
			}
		},
		{
			"from": [4, -1, 3],
			"to": [4.2, 0, 5],
			"rotation": {"angle": -45, "axis": "x", "origin": [0, 0, 0]},
			"faces": {
				"north": {"uv": [6.15626, 9.59375, 15.14063, 8.51563], "rotation": 270, "texture": "#1_0"},
				"east": {"uv": [10.28126, 14.96875, 11.34376, 12.93751], "rotation": 270, "texture": "#1_0"},
				"south": {"uv": [6.15626, 9.59375, 15.14063, 8.51563], "rotation": 270, "texture": "#1_0"},
				"west": {"uv": [6.15626, 9.59375, 15.14063, 8.51563], "rotation": 270, "texture": "#1_0"},
				"up": {"uv": [6.15626, 9.59375, 15.14063, 8.51563], "rotation": 270, "texture": "#1_0"},
				"down": {"uv": [6.15626, 9.59375, 15.14063, 8.51563], "rotation": 270, "texture": "#1_0"}
			}
		},
		{
			"from": [4.2, -1, 3],
			"to": [4.7, -0.8, 5],
			"rotation": {"angle": -45, "axis": "x", "origin": [0, 0, 0]},
			"faces": {
				"north": {"uv": [6.15626, 9.59375, 15.14063, 8.51563], "rotation": 270, "texture": "#1_0"},
				"east": {"uv": [6.15626, 9.59375, 15.14063, 8.51563], "rotation": 270, "texture": "#1_0"},
				"south": {"uv": [6.15626, 9.59375, 15.14063, 8.51563], "rotation": 270, "texture": "#1_0"},
				"west": {"uv": [6.15626, 9.59375, 15.14063, 8.51563], "rotation": 270, "texture": "#1_0"},
				"up": {"uv": [6.15626, 9.59375, 15.14063, 8.51563], "rotation": 270, "texture": "#1_0"},
				"down": {"uv": [6.15626, 9.59375, 15.14063, 8.51563], "rotation": 270, "texture": "#1_0"}
			}
		},
		{
			"from": [1.8, -1, 3],
			"to": [2, 0, 5],
			"rotation": {"angle": -45, "axis": "x", "origin": [0, 0, 0]},
			"faces": {
				"north": {"uv": [6.15626, 9.59375, 15.14063, 8.51563], "rotation": 270, "texture": "#1_0"},
				"east": {"uv": [6.15626, 9.59375, 15.14063, 8.51563], "rotation": 270, "texture": "#1_0"},
				"south": {"uv": [6.15626, 9.59375, 15.14063, 8.51563], "rotation": 270, "texture": "#1_0"},
				"west": {"uv": [10.28126, 14.96875, 11.34376, 12.93751], "rotation": 270, "texture": "#1_0"},
				"up": {"uv": [6.15626, 9.59375, 15.14063, 8.51563], "rotation": 270, "texture": "#1_0"},
				"down": {"uv": [6.15626, 9.59375, 15.14063, 8.51563], "rotation": 270, "texture": "#1_0"}
			}
		},
		{
			"from": [11.3, -1, 3],
			"to": [11.8, -0.8, 5],
			"rotation": {"angle": -45, "axis": "x", "origin": [0, 0, 0]},
			"faces": {
				"north": {"uv": [6.15626, 9.59375, 15.14063, 8.51563], "rotation": 270, "texture": "#1_0"},
				"east": {"uv": [6.15626, 9.59375, 15.14063, 8.51563], "rotation": 270, "texture": "#1_0"},
				"south": {"uv": [6.15626, 9.59375, 15.14063, 8.51563], "rotation": 270, "texture": "#1_0"},
				"west": {"uv": [6.15626, 9.59375, 15.14063, 8.51563], "rotation": 270, "texture": "#1_0"},
				"up": {"uv": [6.15626, 9.59375, 15.14063, 8.51563], "rotation": 270, "texture": "#1_0"},
				"down": {"uv": [6.15626, 9.59375, 15.14063, 8.51563], "rotation": 270, "texture": "#1_0"}
			}
		},
		{
			"from": [11.8, -1, 3],
			"to": [12, 0, 5],
			"rotation": {"angle": -45, "axis": "x", "origin": [0, 0, 0]},
			"faces": {
				"north": {"uv": [6.15626, 9.59375, 15.14063, 8.51563], "rotation": 270, "texture": "#1_0"},
				"east": {"uv": [6.15626, 9.59375, 15.14063, 8.51563], "rotation": 270, "texture": "#1_0"},
				"south": {"uv": [6.15626, 9.59375, 15.14063, 8.51563], "rotation": 270, "texture": "#1_0"},
				"west": {"uv": [10.28126, 14.96875, 11.34376, 12.93751], "rotation": 270, "texture": "#1_0"},
				"up": {"uv": [6.15626, 9.59375, 15.14063, 8.51563], "rotation": 270, "texture": "#1_0"},
				"down": {"uv": [6.15626, 9.59375, 15.14063, 8.51563], "rotation": 270, "texture": "#1_0"}
			}
		},
		{
			"from": [1.8, -1, 19],
			"to": [2, 0, 21],
			"rotation": {"angle": -45, "axis": "x", "origin": [0, 0, 0]},
			"faces": {
				"north": {"uv": [6.15626, 9.59375, 15.14063, 8.51563], "rotation": 270, "texture": "#1_0"},
				"east": {"uv": [6.15626, 9.59375, 15.14063, 8.51563], "rotation": 270, "texture": "#1_0"},
				"south": {"uv": [6.15626, 9.59375, 15.14063, 8.51563], "rotation": 270, "texture": "#1_0"},
				"west": {"uv": [10.28126, 14.96875, 11.34376, 12.93751], "rotation": 270, "texture": "#1_0"},
				"up": {"uv": [6.15626, 9.59375, 15.14063, 8.51563], "rotation": 270, "texture": "#1_0"},
				"down": {"uv": [6.15626, 9.59375, 15.14063, 8.51563], "rotation": 270, "texture": "#1_0"}
			}
		},
		{
			"from": [1.8, -1, 11],
			"to": [2, 0, 13],
			"rotation": {"angle": -45, "axis": "x", "origin": [0, 0, 0]},
			"faces": {
				"north": {"uv": [6.15626, 9.59375, 15.14063, 8.51563], "rotation": 270, "texture": "#1_0"},
				"east": {"uv": [6.15626, 9.59375, 15.14063, 8.51563], "rotation": 270, "texture": "#1_0"},
				"south": {"uv": [6.15626, 9.59375, 15.14063, 8.51563], "rotation": 270, "texture": "#1_0"},
				"west": {"uv": [10.28126, 14.96875, 11.34376, 12.93751], "rotation": 270, "texture": "#1_0"},
				"up": {"uv": [6.15626, 9.59375, 15.14063, 8.51563], "rotation": 270, "texture": "#1_0"},
				"down": {"uv": [6.15626, 9.59375, 15.14063, 8.51563], "rotation": 270, "texture": "#1_0"}
			}
		},
		{
			"from": [1.8, -1, 15],
			"to": [2, 0, 17],
			"rotation": {"angle": -45, "axis": "x", "origin": [0, 0, 0]},
			"faces": {
				"north": {"uv": [6.15626, 9.59375, 15.14063, 8.51563], "rotation": 270, "texture": "#1_0"},
				"east": {"uv": [6.15626, 9.59375, 15.14063, 8.51563], "rotation": 270, "texture": "#1_0"},
				"south": {"uv": [6.15626, 9.59375, 15.14063, 8.51563], "rotation": 270, "texture": "#1_0"},
				"west": {"uv": [10.28126, 14.96875, 11.34376, 12.93751], "rotation": 270, "texture": "#1_0"},
				"up": {"uv": [6.15626, 9.59375, 15.14063, 8.51563], "rotation": 270, "texture": "#1_0"},
				"down": {"uv": [6.15626, 9.59375, 15.14063, 8.51563], "rotation": 270, "texture": "#1_0"}
			}
		},
		{
			"from": [11.99, -0.7, 0.6],
			"to": [13.99, 1.28, 23.6],
			"rotation": {"angle": -45, "axis": "x", "origin": [0, 0, 0]},
			"faces": {
				"north": {"uv": [6.15626, 9.59375, 15.14063, 8.51563], "rotation": 270, "texture": "#1_0"},
				"east": {"uv": [6.15626, 9.59375, 15.14063, 8.51563], "rotation": 270, "texture": "#1_0"},
				"south": {"uv": [6.15626, 9.59375, 15.14063, 8.51563], "rotation": 270, "texture": "#1_0"},
				"west": {"uv": [6.15626, 9.59375, 15.14063, 8.51563], "rotation": 270, "texture": "#1_0"},
				"up": {"uv": [6.15626, 9.59375, 15.14063, 8.51563], "rotation": 270, "texture": "#1_0"},
				"down": {"uv": [6.15626, 9.59375, 15.14063, 8.51563], "rotation": 270, "texture": "#1_0"}
			}
		},
		{
			"from": [5.5, 5, 5.5],
			"to": [10.5, 6, 10.5],
			"rotation": {"angle": -45, "axis": "x", "origin": [5.5, 7.5, 5.5]},
			"faces": {
				"north": {"uv": [0, 0, 5, 1], "texture": "#particle"},
				"east": {"uv": [0, 0, 5, 1], "texture": "#particle"},
				"south": {"uv": [0, 0, 5, 1], "texture": "#particle"},
				"west": {"uv": [0, 0, 5, 1], "texture": "#particle"},
				"up": {"uv": [0, 0, 16, 16], "texture": "#particle"},
				"down": {"uv": [0, 0, 16, 16], "texture": "#particle"}
			}
		}
	],
	"display": {
		"thirdperson_righthand": {
			"rotation": [-20, 40, 0],
			"translation": [0, 3.25, 0],
			"scale": [0.4, 0.4, 0.4]
		},
		"thirdperson_lefthand": {
			"rotation": [-20, 40, 0],
			"translation": [0, 3.25, 0],
			"scale": [0.4, 0.4, 0.4]
		},
		"firstperson_righthand": {
			"rotation": [55, 0, 90],
			"translation": [-5, -1, 0]
		},
		"firstperson_lefthand": {
			"rotation": [55, 0, 90],
			"translation": [-5, -1, 0]
		},
		"ground": {
			"translation": [0, 0.5, 0],
			"scale": [0.4, 0.4, 0.4]
		},
		"gui": {
			"rotation": [90, 0, 0],
			"translation": [0, 0.5, 0]
		},
		"head": {
			"rotation": [-90, 90, 0],
			"translation": [0, 0, -14]
		},
		"fixed": {
			"rotation": [-90, 0, 0],
			"translation": [0, 0, -7.75]
		}
	},
	"groups": [
		{
			"name": "rail",
			"origin": [8, 8, 8],
			"color": 0,
			"children": [0, 1, 2, 3, 4, 5, 6, 7, 8, 9, 10, 11, 12, 13, 14, 15, 16, 17, 18, 19, 20, 21, 22, 23, 24, 25, 26, 27, 28, 29, 30, 31, 32, 33, 34, 35, 36, 37, 38, 39, 40, 41, 42, 43, 44, 45, 46, 47, 48]
		},
		{
			"name": "detector button",
			"origin": [8, 8, 8],
			"color": 0,
			"children": [49]
		}
	]
}