{
	"credit": "Made with Blockbench",
	"ambientocclusion": false,
	"textures": {
		"0": "block/diorite_wall",
		"1": "block/diorite_wall_top",
		"particle": "block/diorite_wall"
	},
	"elements": [
		{
			"name": "Element",
			"from": [2.34315, 0, 8],
			"to": [10.34315, 16, 16],
			"rotation": {"angle": 45, "axis": "y", "origin": [2.34315, 0, 8]},
			"faces": {
				"north": {"uv": [0, 0, 8.01563, 16], "texture": "#0"},
				"east": {"uv": [0, 0, 8.01563, 16], "texture": "#0"},
				"south": {"uv": [0, 0, 8.01563, 16], "texture": "#0"},
				"west": {"uv": [0, 0, 8.01563, 16], "texture": "#0"},
				"up": {"uv": [0, 0, 16, 16], "texture": "#1"},
				"down": {"uv": [0, 0, 16, 16], "texture": "#1"}
			}
		},
		{
			"name": "Element",
			"from": [4.34315, 0.001, 4],
			"to": [12.34315, 16.001, 12],
			"rotation": {"angle": 0, "axis": "y", "origin": [2.34315, 0, 8]},
			"faces": {
				"north": {"uv": [0, 0, 8.01563, 16], "texture": "#0"},
				"east": {"uv": [0, 0, 8.01563, 16], "texture": "#0"},
				"south": {"uv": [0, 0, 8.01563, 16], "texture": "#0"},
				"west": {"uv": [0, 0, 8.01563, 16], "texture": "#0"},
				"up": {"uv": [0, 0, 16, 16], "rotation": 270, "texture": "#1"},
				"down": {"uv": [0, 0, 16, 16], "rotation": 90, "texture": "#1"}
			}
		}
	],
	"display": {
		"thirdperson_righthand": {
			"rotation": [52.75, 45, 0],
			"translation": [0, 0, 0.75],
			"scale": [0.375, 0.375, 0.375]
		},
		"thirdperson_lefthand": {
			"rotation": [52.75, 45, 0],
			"translation": [0, 0, 0.75],
			"scale": [0.375, 0.375, 0.375]
		},
		"firstperson_righthand": {
			"rotation": [0, 45, 0],
			"translation": [0, 0.25, 1.25],
			"scale": [0.4, 0.4, 0.4]
		},
		"firstperson_lefthand": {
			"rotation": [0, 45, 0],
			"translation": [0, 0.25, 1.25],
			"scale": [0.4, 0.4, 0.4]
		},
		"ground": {
			"translation": [0, 1.75, 0],
			"scale": [0.55664, 0.54297, 0.57617]
		},
		"gui": {
			"rotation": [-155.25, -45, -180],
			"scale": [0.81445, 0.82617, 0.84766]
		},
		"fixed": {
			"scale": [1.14648, 1.16992, 0.5]
		}
	}
}