{
	"credit": "Made with Blockbench",
	"ambientocclusion": false,
	"textures": {
		"0": "block/diorite_wall",
		"particle": "block/diorite_wall"
	},
	"elements": [
		{
			"name": "wall",
			"from": [7, 0.001, 0],
			"to": [9, 16.001, 8],
			"faces": {
				"north": {"uv": [0, 2, 2.70313, 16], "texture": "#0"},
				"east": {"uv": [1.92188, 2, 9.92188, 16], "texture": "#0"},
				"south": {"uv": [0, 2, 2.70313, 16], "texture": "#0"},
				"west": {"uv": [1.92188, 2, 9.92188, 16], "texture": "#0"},
				"up": {"uv": [0, 11.3125, 1.21875, 16], "texture": "#0"},
				"down": {"uv": [0, 11.3125, 1.21875, 16], "texture": "#0"}
			}
		}
	],
	"display": {
		"thirdperson_righthand": {
			"rotation": [75, 45, 0],
			"translation": [0, 2.5, 0],
			"scale": [0.375, 0.375, 0.375]
		},
		"thirdperson_lefthand": {
			"rotation": [75, 45, 0],
			"translation": [0, 2.5, 0],
			"scale": [0.375, 0.375, 0.375]
		},
		"firstperson_righthand": {
			"rotation": [0, 45, 0],
			"scale": [0.4, 0.4, 0.4]
		},
		"firstperson_lefthand": {
			"rotation": [0, 45, 0],
			"scale": [0.4, 0.4, 0.4]
		},
		"ground": {
			"translation": [0, 3, 0],
			"scale": [0.25, 0.25, 0.25]
		},
		"gui": {
			"rotation": [30, 225, 0],
			"scale": [0.625, 0.625, 0.625]
		},
		"fixed": {
			"scale": [0.5, 0.5, 0.5]
		}
	},
	"groups": [
		{
			"name": "diorite_wall_side",
			"origin": [8, 8, 8],
			"color": 0,
			"children": [0]
		}
	]
}