{
	"credit": "Made with Blockbench",
	"parent": "minecraft:block/inner_stairs",
	"textures": {
		"0": "block/diorite"
	},
	"elements": [
		{
			"from": [4, 4, 0],
			"to": [8, 8, 4],
			"faces": {
				"north": {"uv": [0.3125, 5.4375, 14.65625, 10.0625], "texture": "#0"},
				"east": {"uv": [1.09375, 1.6875, 14.4375, 7.9375], "texture": "#0"},
				"south": {"uv": [0.3125, 5.4375, 14.65625, 10.0625], "texture": "#0"},
				"west": {"uv": [1.09375, 1.6875, 14.4375, 7.9375], "texture": "#0"},
				"up": {"uv": [1.09375, 1.6875, 14.4375, 7.9375], "texture": "#0"},
				"down": {"uv": [1.09375, 1.6875, 14.4375, 7.9375], "texture": "#0"}
			}
		},
		{
			"from": [12, 12, 0],
			"to": [16, 16, 16],
			"faces": {
				"north": {"uv": [0.3125, 5.4375, 14.65625, 10.0625], "texture": "#0"},
				"east": {"uv": [1.09375, 1.6875, 14.4375, 7.9375], "texture": "#0"},
				"south": {"uv": [0.3125, 5.4375, 14.65625, 10.0625], "texture": "#0"},
				"west": {"uv": [1.09375, 1.6875, 14.4375, 7.9375], "texture": "#0"},
				"up": {"uv": [1.09375, 1.6875, 14.4375, 7.9375], "texture": "#0"},
				"down": {"uv": [1.09375, 1.6875, 14.4375, 7.9375], "texture": "#0"}
			}
		},
		{
			"from": [0, 8, 8],
			"to": [8, 12, 12],
			"faces": {
				"north": {"uv": [0.3125, 5.4375, 14.65625, 10.0625], "texture": "#0"},
				"east": {"uv": [1.09375, 1.6875, 14.4375, 7.9375], "texture": "#0"},
				"south": {"uv": [0.3125, 5.4375, 14.65625, 10.0625], "texture": "#0"},
				"west": {"uv": [1.09375, 1.6875, 14.4375, 7.9375], "texture": "#0"},
				"up": {"uv": [1.09375, 1.6875, 14.4375, 7.9375], "texture": "#0"},
				"down": {"uv": [1.09375, 1.6875, 14.4375, 7.9375], "texture": "#0"}
			}
		},
		{
			"from": [0, 8, 12],
			"to": [12, 16, 16],
			"faces": {
				"north": {"uv": [0.3125, 5.4375, 14.65625, 10.0625], "texture": "#0"},
				"east": {"uv": [1.09375, 1.6875, 14.4375, 7.9375], "texture": "#0"},
				"south": {"uv": [0.3125, 5.4375, 14.65625, 10.0625], "texture": "#0"},
				"west": {"uv": [1.09375, 1.6875, 14.4375, 7.9375], "texture": "#0"},
				"up": {"uv": [1.09375, 1.6875, 14.4375, 7.9375], "texture": "#0"},
				"down": {"uv": [1.09375, 1.6875, 14.4375, 7.9375], "texture": "#0"}
			}
		},
		{
			"from": [0, 0, 0],
			"to": [8, 4, 4],
			"faces": {
				"north": {"uv": [0.3125, 5.4375, 14.65625, 10.0625], "texture": "#0"},
				"east": {"uv": [1.09375, 1.6875, 14.4375, 7.9375], "texture": "#0"},
				"south": {"uv": [0.3125, 5.4375, 14.65625, 10.0625], "texture": "#0"},
				"west": {"uv": [1.09375, 1.6875, 14.4375, 7.9375], "texture": "#0"},
				"up": {"uv": [1.09375, 1.6875, 14.4375, 7.9375], "texture": "#0"},
				"down": {"uv": [1.09375, 1.6875, 14.4375, 7.9375], "texture": "#0"}
			}
		},
		{
			"from": [0, 0, 4],
			"to": [8, 8, 8],
			"faces": {
				"north": {"uv": [0.3125, 5.4375, 14.65625, 10.0625], "texture": "#0"},
				"east": {"uv": [1.09375, 1.6875, 14.4375, 7.9375], "texture": "#0"},
				"south": {"uv": [0.3125, 5.4375, 14.65625, 10.0625], "texture": "#0"},
				"west": {"uv": [1.09375, 1.6875, 14.4375, 7.9375], "texture": "#0"},
				"up": {"uv": [1.09375, 1.6875, 14.4375, 7.9375], "texture": "#0"},
				"down": {"uv": [1.09375, 1.6875, 14.4375, 7.9375], "texture": "#0"}
			}
		},
		{
			"from": [8, 8, 0],
			"to": [16, 12, 15.999],
			"faces": {
				"north": {"uv": [0.3125, 5.4375, 14.65625, 10.0625], "texture": "#0"},
				"east": {"uv": [1.09375, 1.6875, 14.4375, 7.9375], "texture": "#0"},
				"south": {"uv": [0.3125, 5.4375, 14.65625, 10.0625], "texture": "#0"},
				"west": {"uv": [1.09375, 1.6875, 14.4375, 7.9375], "texture": "#0"},
				"up": {"uv": [1.09375, 1.6875, 14.4375, 7.9375], "texture": "#0"},
				"down": {"uv": [1.09375, 1.6875, 14.4375, 7.9375], "texture": "#0"}
			}
		},
		{
			"from": [0, 0, 8],
			"to": [8, 8, 15.999],
			"faces": {
				"north": {"uv": [0.3125, 5.4375, 14.65625, 10.0625], "texture": "#0"},
				"east": {"uv": [1.09375, 1.6875, 14.4375, 7.9375], "texture": "#0"},
				"south": {"uv": [0.3125, 5.4375, 14.65625, 10.0625], "texture": "#0"},
				"west": {"uv": [0.875, 3.8125, 14.90625, 10], "texture": "#0"},
				"up": {"uv": [1.09375, 1.6875, 14.4375, 7.9375], "texture": "#0"},
				"down": {"uv": [1.09375, 1.6875, 14.4375, 7.9375], "texture": "#0"}
			}
		},
		{
			"from": [8, 0, 0],
			"to": [16, 8, 7.999],
			"faces": {
				"north": {"uv": [1.15625, 2.25, 14.65625, 14.375], "texture": "#0"},
				"east": {"uv": [1.09375, 1.6875, 14.4375, 7.9375], "texture": "#0"},
				"south": {"uv": [0.3125, 5.4375, 14.65625, 10.0625], "texture": "#0"},
				"west": {"uv": [0.875, 3.8125, 14.90625, 10], "texture": "#0"},
				"up": {"uv": [1.09375, 1.6875, 14.4375, 7.9375], "texture": "#0"},
				"down": {"uv": [1.09375, 1.6875, 14.4375, 7.9375], "texture": "#0"}
			}
		},
		{
			"from": [8, 0, 8],
			"to": [16, 8, 15.999],
			"faces": {
				"north": {"uv": [0.3125, 5.4375, 14.65625, 10.0625], "texture": "#0"},
				"east": {"uv": [1.09375, 1.6875, 14.4375, 7.9375], "texture": "#0"},
				"south": {"uv": [0.3125, 5.4375, 14.65625, 10.0625], "texture": "#0"},
				"west": {"uv": [0.875, 3.8125, 14.90625, 10], "texture": "#0"},
				"up": {"uv": [1.09375, 1.6875, 14.4375, 7.9375], "texture": "#0"},
				"down": {"uv": [1.09375, 1.6875, 14.4375, 7.9375], "texture": "#0"}
			}
		}
	],
	"display": {
		"thirdperson_lefthand": {
			"rotation": [75, -135, 0],
			"translation": [0, 2.5, 0],
			"scale": [0.375, 0.375, 0.375]
		},
		"gui": {
			"rotation": [30, 135, 0],
			"scale": [0.625, 0.625, 0.625]
		},
		"head": {
			"rotation": [0, -90, 0]
		}
	}
}