{
	"credit": "Made with Blockbench",
	"parent": "block/block",
	"textures": {
		"0": "block/diorite",
		"particle": "block/diorite"
	},
	"elements": [
		{
			"from": [12, 12, 0],
			"to": [16, 16, 16],
			"faces": {
				"north": {"uv": [0.3125, 5.4375, 14.65625, 10.0625], "texture": "#0"},
				"east": {"uv": [1.09375, 1.6875, 14.4375, 7.9375], "texture": "#0"},
				"south": {"uv": [0.3125, 5.4375, 14.65625, 10.0625], "texture": "#0"},
				"west": {"uv": [1.09375, 1.6875, 14.4375, 7.9375], "texture": "#0"},
				"up": {"uv": [1.09375, 1.6875, 14.4375, 7.9375], "texture": "#0"},
				"down": {"uv": [1.09375, 1.6875, 14.4375, 7.9375], "texture": "#0"}
			}
		},
		{
			"from": [0, 0, 0],
			"to": [16, 4, 16],
			"faces": {
				"north": {"uv": [0.3125, 5.4375, 14.65625, 10.0625], "texture": "#0"},
				"east": {"uv": [1.09375, 1.6875, 14.4375, 7.9375], "texture": "#0"},
				"south": {"uv": [0.3125, 5.4375, 14.65625, 10.0625], "texture": "#0"},
				"west": {"uv": [1.09375, 1.6875, 14.4375, 7.9375], "texture": "#0"},
				"up": {"uv": [1.09375, 1.6875, 14.4375, 7.9375], "texture": "#0"},
				"down": {"uv": [1.09375, 1.6875, 14.4375, 7.9375], "texture": "#0"}
			}
		},
		{
			"from": [4, 4, 0],
			"to": [16, 8, 16],
			"faces": {
				"north": {"uv": [0.3125, 5.4375, 14.65625, 10.0625], "texture": "#0"},
				"east": {"uv": [1.09375, 1.6875, 14.4375, 7.9375], "texture": "#0"},
				"south": {"uv": [0.3125, 5.4375, 14.65625, 10.0625], "texture": "#0"},
				"west": {"uv": [1.09375, 1.6875, 14.4375, 7.9375], "texture": "#0"},
				"up": {"uv": [1.09375, 1.6875, 14.4375, 7.9375], "texture": "#0"},
				"down": {"uv": [1.09375, 1.6875, 14.4375, 7.9375], "texture": "#0"}
			}
		},
		{
			"from": [8, 8, 0],
			"to": [16, 12, 16],
			"faces": {
				"north": {"uv": [0.3125, 5.4375, 14.65625, 10.0625], "texture": "#0"},
				"east": {"uv": [1.09375, 1.6875, 14.4375, 7.9375], "texture": "#0"},
				"south": {"uv": [0.3125, 5.4375, 14.65625, 10.0625], "texture": "#0"},
				"west": {"uv": [1.09375, 1.6875, 14.4375, 7.9375], "texture": "#0"},
				"up": {"uv": [1.09375, 1.6875, 14.4375, 7.9375], "texture": "#0"},
				"down": {"uv": [1.09375, 1.6875, 14.4375, 7.9375], "texture": "#0"}
			}
		}
	],
	"display": {
		"thirdperson_lefthand": {
			"rotation": [75, -135, 0],
			"translation": [0, 2.5, 0],
			"scale": [0.375, 0.375, 0.375]
		},
		"gui": {
			"rotation": [30, 135, 0],
			"scale": [0.625, 0.625, 0.625]
		},
		"head": {
			"rotation": [0, -90, 0]
		}
	}
}