{
	"credit": "Made with Blockbench",
	"textures": {
		"0": "block/dispenser_front",
		"1": "block/dispenser_side",
		"2": "block/dropper_top",
		"3": "block/dropper_top1",
		"particle": "block/dispenser_front"
	},
	"elements": [
		{
			"from": [0, 0, 0],
			"to": [16, 16, 16],
			"faces": {
				"north": {"uv": [0, 0, 16, 16], "texture": "#0"},
				"east": {"uv": [0, 0, 16, 16], "texture": "#1"},
				"south": {"uv": [0, 0, 16, 16], "texture": "#1"},
				"west": {"uv": [0, 0, 16, 16], "texture": "#1"},
				"up": {"uv": [0, 0, 16, 16], "texture": "#3"},
				"down": {"uv": [0, 0, 16, 16], "texture": "#2"}
			}
		}
	],
	"display": {
		"thirdperson_righthand": {
			"scale": [0.24414, 0.25586, 0.25195]
		},
		"thirdperson_lefthand": {
			"scale": [0.24414, 0.25586, 0.25195]
		},
		"firstperson_righthand": {
			"scale": [0.24414, 0.25586, 0.25195]
		},
		"firstperson_lefthand": {
			"scale": [0.24414, 0.25586, 0.25195]
		},
		"ground": {
			"scale": [0.24414, 0.25586, 0.25195]
		},
		"gui": {
			"rotation": [-148.6, -38.35, 177.59],
			"scale": [0.5957, 0.63477, 0.61523]
		},
		"fixed": {
			"scale": [0.36719, 0.35156, 0.25195]
		}
	}
}