{
	"credit": "Made with Blockbench",
	"textures": {
		"0": "block/fletching_table",
		"1": "block/fletching_table_front",
		"2": "block/fletching_table_side",
		"3": "block/fletching_table_side2",
		"4": "block/fletching_table_top",
		"5": "block/fletching_table_wood",
		"particle": "block/fletching_table"
	},
	"elements": [
		{
			"from": [1, 1, 1],
			"to": [15, 15, 15],
			"faces": {
				"north": {"uv": [0, 0, 16, 16], "texture": "#1"},
				"east": {"uv": [0, 0, 16, 16], "texture": "#2"},
				"south": {"uv": [0, 0, 16, 16], "texture": "#1"},
				"west": {"uv": [0, 0, 16, 16], "texture": "#2"},
				"up": {"uv": [0, 0, 16, 16], "texture": "#4"},
				"down": {"uv": [0, 0, 14, 14], "texture": "#1"}
			}
		},
		{
			"from": [0, 1, 0],
			"to": [1, 16, 1],
			"faces": {
				"north": {"uv": [2.09375, 0, 3.09375, 12.4375], "texture": "#5"},
				"east": {"uv": [2.09375, 0, 3.09375, 12.4375], "texture": "#5"},
				"south": {"uv": [2.09375, 0, 3.09375, 12.4375], "texture": "#5"},
				"west": {"uv": [2.09375, 0, 3.09375, 12.4375], "texture": "#5"},
				"up": {"uv": [2.09375, 0, 3.09375, 12.4375], "texture": "#5"},
				"down": {"uv": [2.09375, 0, 3.09375, 12.4375], "texture": "#5"}
			}
		},
		{
			"from": [1, 15, 0],
			"to": [15, 16, 1],
			"faces": {
				"north": {"uv": [0, 16, 16, 13.3125], "texture": "#5"},
				"east": {"uv": [0, 16, 16, 13.3125], "texture": "#5"},
				"south": {"uv": [0, 16, 16, 13.3125], "texture": "#5"},
				"west": {"uv": [0, 16, 16, 13.3125], "texture": "#5"},
				"up": {"uv": [0, 16, 16, 13.3125], "texture": "#5"},
				"down": {"uv": [0, 16, 16, 13.3125], "texture": "#5"}
			}
		},
		{
			"from": [0.999, 7.7, 0.5],
			"to": [15.009, 8.2, 1],
			"faces": {
				"north": {"uv": [0, 13.25, 16, 13.75], "texture": "#0"},
				"east": {"uv": [0, 13.25, 16, 13.75], "texture": "#0"},
				"south": {"uv": [0, 13.25, 16, 13.75], "texture": "#0"},
				"west": {"uv": [0, 13.25, 16, 13.75], "texture": "#0"},
				"up": {"uv": [0, 14.09375, 16, 15.40625], "texture": "#0"},
				"down": {"uv": [0, 14.09375, 16, 15.40625], "texture": "#0"}
			}
		},
		{
			"from": [0.999, 7.7, 15],
			"to": [15.009, 8.2, 15.5],
			"faces": {
				"north": {"uv": [0, 13.25, 16, 13.75], "texture": "#0"},
				"east": {"uv": [0, 13.25, 16, 13.75], "texture": "#0"},
				"south": {"uv": [0, 13.25, 16, 13.75], "texture": "#0"},
				"west": {"uv": [0, 13.25, 16, 13.75], "texture": "#0"},
				"up": {"uv": [0, 14.09375, 16, 15.40625], "texture": "#0"},
				"down": {"uv": [0, 14.09375, 16, 15.40625], "texture": "#0"}
			}
		},
		{
			"from": [0.5, 7.7, 0.999],
			"to": [1, 8.2, 15.009],
			"faces": {
				"north": {"uv": [0, 13.25, 16, 13.75], "texture": "#0"},
				"east": {"uv": [0, 13.25, 16, 13.75], "texture": "#0"},
				"south": {"uv": [0, 13.25, 16, 13.75], "texture": "#0"},
				"west": {"uv": [0, 13.25, 16, 13.75], "texture": "#0"},
				"up": {"uv": [0, 14.09375, 16, 15.40625], "rotation": 90, "texture": "#0"},
				"down": {"uv": [0, 14.09375, 16, 15.40625], "rotation": 270, "texture": "#0"}
			}
		},
		{
			"from": [15, 7.7, 0.999],
			"to": [15.5, 8.2, 15.009],
			"faces": {
				"north": {"uv": [0, 13.25, 16, 13.75], "texture": "#0"},
				"east": {"uv": [0, 13.25, 16, 13.75], "texture": "#0"},
				"south": {"uv": [0, 13.25, 16, 13.75], "texture": "#0"},
				"west": {"uv": [0, 13.25, 16, 13.75], "texture": "#0"},
				"up": {"uv": [0, 14.09375, 16, 15.40625], "rotation": 90, "texture": "#0"},
				"down": {"uv": [0, 14.09375, 16, 15.40625], "rotation": 270, "texture": "#0"}
			}
		},
		{
			"from": [1, 15, 15],
			"to": [15, 16, 16],
			"faces": {
				"north": {"uv": [0, 16, 16, 13.3125], "texture": "#5"},
				"east": {"uv": [0, 16, 16, 13.3125], "texture": "#5"},
				"south": {"uv": [0, 16, 16, 13.3125], "texture": "#5"},
				"west": {"uv": [0, 16, 16, 13.3125], "texture": "#5"},
				"up": {"uv": [0, 16, 16, 13.3125], "texture": "#5"},
				"down": {"uv": [0, 16, 16, 13.3125], "texture": "#5"}
			}
		},
		{
			"from": [15, 1, 0],
			"to": [16, 16, 1],
			"faces": {
				"north": {"uv": [2.09375, 0, 3.09375, 12.4375], "texture": "#5"},
				"east": {"uv": [2.09375, 0, 3.09375, 12.4375], "texture": "#5"},
				"south": {"uv": [2.09375, 0, 3.09375, 12.4375], "texture": "#5"},
				"west": {"uv": [2.09375, 0, 3.09375, 12.4375], "texture": "#5"},
				"up": {"uv": [2.09375, 0, 3.09375, 12.4375], "texture": "#5"},
				"down": {"uv": [2.09375, 0, 3.09375, 12.4375], "texture": "#5"}
			}
		},
		{
			"from": [15, 1, 15],
			"to": [16, 16, 16],
			"faces": {
				"north": {"uv": [2.09375, 0, 3.09375, 12.4375], "texture": "#5"},
				"east": {"uv": [2.09375, 0, 3.09375, 12.4375], "texture": "#5"},
				"south": {"uv": [2.09375, 0, 3.09375, 12.4375], "texture": "#5"},
				"west": {"uv": [2.09375, 0, 3.09375, 12.4375], "texture": "#5"},
				"up": {"uv": [2.09375, 0, 3.09375, 12.4375], "texture": "#5"},
				"down": {"uv": [2.09375, 0, 3.09375, 12.4375], "texture": "#5"}
			}
		},
		{
			"from": [15, 15, 1],
			"to": [16, 16, 15],
			"faces": {
				"north": {"uv": [0, 16, 16, 13.3125], "texture": "#5"},
				"east": {"uv": [0, 16, 16, 13.3125], "texture": "#5"},
				"south": {"uv": [0, 16, 16, 13.3125], "texture": "#5"},
				"west": {"uv": [0, 16, 16, 13.3125], "texture": "#5"},
				"up": {"uv": [0, 16, 16, 13.3125], "texture": "#5"},
				"down": {"uv": [0, 16, 16, 13.3125], "texture": "#5"}
			}
		},
		{
			"from": [0, 15, 1],
			"to": [1, 16, 15],
			"faces": {
				"north": {"uv": [0, 16, 16, 13.3125], "texture": "#5"},
				"east": {"uv": [0, 16, 16, 13.3125], "texture": "#5"},
				"south": {"uv": [0, 16, 16, 13.3125], "texture": "#5"},
				"west": {"uv": [0, 16, 16, 13.3125], "texture": "#5"},
				"up": {"uv": [0, 16, 16, 13.3125], "texture": "#5"},
				"down": {"uv": [0, 16, 16, 13.3125], "texture": "#5"}
			}
		},
		{
			"from": [0, 1, 15],
			"to": [1, 16, 16],
			"faces": {
				"north": {"uv": [2.09375, 0, 3.09375, 12.4375], "texture": "#5"},
				"east": {"uv": [2.09375, 0, 3.09375, 12.4375], "texture": "#5"},
				"south": {"uv": [2.09375, 0, 3.09375, 12.4375], "texture": "#5"},
				"west": {"uv": [2.09375, 0, 3.09375, 12.4375], "texture": "#5"},
				"up": {"uv": [2.09375, 0, 3.09375, 12.4375], "texture": "#5"},
				"down": {"uv": [2.09375, 0, 3.09375, 12.4375], "texture": "#5"}
			}
		},
		{
			"from": [0, 0, 0],
			"to": [16, 1, 16],
			"faces": {
				"north": {"uv": [0, 16, 16, 13.3125], "texture": "#5"},
				"east": {"uv": [0, 16, 16, 13.3125], "texture": "#5"},
				"south": {"uv": [0, 16, 16, 13.3125], "texture": "#5"},
				"west": {"uv": [0, 16, 16, 13.3125], "texture": "#5"},
				"up": {"uv": [0, 16, 16, 13.3125], "texture": "#5"},
				"down": {"uv": [0, 16, 16, 13.3125], "texture": "#5"}
			}
		},
		{
			"from": [14.7, 5, 8.5],
			"to": [15.7, 11, 14.5],
			"faces": {
				"north": {"uv": [14.375, 0, 16, 2.40625], "texture": "#3"},
				"east": {"uv": [0, 0, 16, 16], "texture": "#3"},
				"south": {"uv": [14.375, 0, 16, 2.40625], "texture": "#3"},
				"west": {"uv": [0, 0, 6, 6], "texture": "#3"},
				"up": {"uv": [14.375, 0, 16, 2.40625], "rotation": 180, "texture": "#3"},
				"down": {"uv": [14.375, 0, 16, 2.40625], "rotation": 180, "texture": "#3"}
			}
		},
		{
			"from": [0.3, 5, 1.5],
			"to": [1.3, 11, 7.5],
			"faces": {
				"north": {"uv": [14.375, 0, 16, 2.40625], "texture": "#3"},
				"east": {"uv": [0, 0, 16, 16], "texture": "#3"},
				"south": {"uv": [14.375, 0, 16, 2.40625], "texture": "#3"},
				"west": {"uv": [0, 0, 16, 16], "texture": "#3"},
				"up": {"uv": [14.375, 0, 16, 2.40625], "rotation": 180, "texture": "#3"},
				"down": {"uv": [14.375, 0, 16, 2.40625], "rotation": 180, "texture": "#3"}
			}
		}
	]
}