{
	"credit": "Made with Blockbench",
	"parent": "block/block",
	"ambientocclusion": false,
	"textures": {
		"0": "block/flowering_leaf",
		"particle": "block/flowering",
		"extra": "block/flowering"
	},
	"elements": [
		{
			"from": [0, 0, 0],
			"to": [16, 16, 16],
			"faces": {
				"north": {"uv": [0, 0, 16, 16], "texture": "#0"},
				"east": {"uv": [0, 0, 16, 16], "texture": "#0"},
				"south": {"uv": [0, 0, 16, 16], "texture": "#0"},
				"west": {"uv": [0, 0, 16, 16], "texture": "#0"},
				"up": {"uv": [0, 0, 16, 16], "texture": "#0"},
				"down": {"uv": [0, 0, 16, 16], "texture": "#0"}
			}
		},
		{
			"from": [10, 0, -3],
			"to": [10, 22, 22],
			"shade": false,
			"rotation": {"angle": -45, "axis": "y", "origin": [8, 8, 8]},
			"faces": {
				"east": {"uv": [16, 0, 0, 16], "texture": "#extra", "tintindex": 0},
				"west": {"uv": [0, 0, 16, 16], "texture": "#extra", "tintindex": 0}
			}
		},
		{
			"from": [5, -3, 1],
			"to": [5, 16, 17],
			"shade": false,
			"rotation": {"angle": 0, "axis": "x", "origin": [8, 8, 8]},
			"faces": {
				"east": {"uv": [9.79688, 0, 0, 10.3125], "rotation": 180, "texture": "#extra", "tintindex": 0},
				"west": {"uv": [9.79688, 0, 0, 10.3125], "rotation": 180, "texture": "#extra", "tintindex": 0}
			}
		},
		{
			"from": [6, 0, -7],
			"to": [6, 18, 10],
			"shade": false,
			"rotation": {"angle": 22.5, "axis": "y", "origin": [8, 8, 8]},
			"faces": {
				"east": {"uv": [0, 0, 16, 16], "texture": "#extra", "tintindex": 0},
				"west": {"uv": [16, 0, 0, 16], "texture": "#extra", "tintindex": 0}
			}
		},
		{
			"from": [0, 10, 2],
			"to": [18, 10, 19],
			"shade": false,
			"rotation": {"angle": 45, "axis": "x", "origin": [8, 8, 8]},
			"faces": {
				"up": {"uv": [16, 0, 0, 16], "rotation": 90, "texture": "#extra", "tintindex": 0},
				"down": {"uv": [0, 0, 16, 16], "rotation": 90, "texture": "#extra", "tintindex": 0}
			}
		}
	]
}