{
	"credit": "Made with Blockbench",
	"textures": {
		"0": "block/flower_pot",
		"1": "block/dirt",
		"particle": "block/flower_pot"
	},
	"elements": [
		{
			"from": [5.5, 0, 5.5],
			"to": [10.5, 1, 10.5],
			"rotation": {"angle": 0, "axis": "y", "origin": [7.5, 7.5, 7.5]},
			"faces": {
				"north": {"uv": [5.46875, 9.90625, 9.66875, 11.1875], "texture": "#0"},
				"east": {"uv": [5.46875, 9.90625, 9.66875, 11.1875], "texture": "#0"},
				"south": {"uv": [5.46875, 9.90625, 9.66875, 11.1875], "texture": "#0"},
				"west": {"uv": [5.46875, 9.90625, 9.66875, 11.1875], "texture": "#0"},
				"up": {"uv": [0, 0, 5, 5], "texture": "#0"},
				"down": {"uv": [0, 0, 5, 5], "texture": "#0"}
			}
		},
		{
			"from": [10.1, 1, 5.5],
			"to": [10.5, 6, 10.5],
			"rotation": {"angle": 0, "axis": "y", "origin": [7.5, 7.5, 7.5]},
			"faces": {
				"north": {"uv": [0, 0, 0.4, 5], "texture": "#0"},
				"east": {"uv": [5.625, 4.8125, 9.825, 9.8125], "texture": "#0"},
				"south": {"uv": [0, 0, 0.4, 5], "texture": "#0"},
				"west": {"uv": [0, 0, 5, 5], "texture": "#0"},
				"up": {"uv": [0, 0, 0.4, 5], "texture": "#0"},
				"down": {"uv": [0, 0, 0.4, 5], "texture": "#0"}
			}
		},
		{
			"from": [5.5, 1, 5.5],
			"to": [5.9, 6, 10.5],
			"rotation": {"angle": 0, "axis": "y", "origin": [7.5, 7.5, 7.5]},
			"faces": {
				"north": {"uv": [0, 0, 0.4, 5], "texture": "#0"},
				"east": {"uv": [0, 0, 5, 5], "texture": "#0"},
				"south": {"uv": [0, 0, 0.4, 5], "texture": "#0"},
				"west": {"uv": [5.625, 4.8125, 9.825, 9.8125], "texture": "#0"},
				"up": {"uv": [0, 0, 0.4, 5], "texture": "#0"},
				"down": {"uv": [0, 0, 0.4, 5], "texture": "#0"}
			}
		},
		{
			"from": [5.9, 1, 10.1],
			"to": [10.1, 6, 10.5],
			"faces": {
				"north": {"uv": [0, 0, 4.2, 5], "texture": "#0"},
				"east": {"uv": [0, 0, 0.4, 5], "texture": "#0"},
				"south": {"uv": [5.625, 4.8125, 9.825, 9.8125], "texture": "#0"},
				"west": {"uv": [5.625, 4.8125, 9.825, 9.8125], "texture": "#0"},
				"up": {"uv": [0, 0, 4.2, 0.4], "texture": "#0"},
				"down": {"uv": [0, 0, 4.2, 0.4], "texture": "#0"}
			}
		},
		{
			"from": [5.9, 1, 5.5],
			"to": [10.1, 6, 5.9],
			"faces": {
				"north": {"uv": [5.625, 4.8125, 9.825, 9.8125], "texture": "#0"},
				"east": {"uv": [0, 0, 0.4, 5], "texture": "#0"},
				"south": {"uv": [0, 0, 4.2, 5], "texture": "#0"},
				"west": {"uv": [0, 0, 0.4, 5], "texture": "#0"},
				"up": {"uv": [0, 0, 4.2, 0.4], "texture": "#0"},
				"down": {"uv": [0, 0, 4.2, 0.4], "texture": "#0"}
			}
		},
		{
			"from": [6, 1, 5.9],
			"to": [10, 5, 10.3],
			"faces": {
				"north": {"uv": [0, 0, 4, 4], "texture": "#1"},
				"east": {"uv": [0, 0, 4.4, 4], "texture": "#1"},
				"south": {"uv": [0, 0, 4, 4], "texture": "#1"},
				"west": {"uv": [0, 0, 4.4, 4], "texture": "#1"},
				"up": {"uv": [0, 0, 4, 4.4], "texture": "#1"},
				"down": {"uv": [0, 0, 4, 4.4], "texture": "#1"}
			}
		}
	]
}