{
	"credit": "Made By  Aryan Nikose",
	"texture_size": [1024, 1024],
	"textures": {
		"0": "block/furnace_front_on",
		"1": "block/furnace_side",
		"2": "block/furnace_top2",
		"particle": "block/furnace_front_on"
	},
	"elements": [
		{
			"from": [0, 0, 0],
			"to": [16, 16, 0.5],
			"faces": {
				"north": {"uv": [0, 0, 16, 16], "texture": "#0"},
				"east": {"uv": [0, 0, 1, 16], "texture": "#1"},
				"south": {"uv": [0, 0, 16, 16], "texture": "#1"},
				"west": {"uv": [0, 0, 1, 16], "texture": "#1"},
				"up": {"uv": [0, 0, 16, 1], "texture": "#1"},
				"down": {"uv": [0, 0, 16, 1], "texture": "#1"}
			}
		},
		{
			"from": [0, 0, 15],
			"to": [16, 16, 16],
			"rotation": {"angle": 0, "axis": "y", "origin": [8, 8, 22]},
			"faces": {
				"north": {"uv": [0, 0, 16, 16], "texture": "#1"},
				"east": {"uv": [0, 0, 1, 16], "texture": "#1"},
				"south": {"uv": [0, 0, 16, 16], "texture": "#1"},
				"west": {"uv": [0, 0, 1, 16], "texture": "#1"},
				"up": {"uv": [0, 0, 16, 1], "texture": "#1"},
				"down": {"uv": [0, 0, 16, 1], "texture": "#1"}
			}
		},
		{
			"from": [0, 0, 0.5],
			"to": [1, 16, 15],
			"rotation": {"angle": 0, "axis": "y", "origin": [8, 8, 9]},
			"faces": {
				"north": {"uv": [0, 0, 1, 16], "texture": "#1"},
				"east": {"uv": [0, 0, 13.5, 16], "texture": "#1"},
				"south": {"uv": [0, 0, 1, 16], "texture": "#1"},
				"west": {"uv": [0, 0, 13.5, 16], "texture": "#1"},
				"up": {"uv": [0, 0, 1, 13.5], "texture": "#1"},
				"down": {"uv": [0, 0, 1, 13.5], "texture": "#1"}
			}
		},
		{
			"from": [15, 0, 0.5],
			"to": [16, 16, 15],
			"rotation": {"angle": 0, "axis": "y", "origin": [23, 8, 9]},
			"faces": {
				"north": {"uv": [0, 0, 1, 16], "texture": "#1"},
				"east": {"uv": [0, 0, 13.5, 16], "texture": "#1"},
				"south": {"uv": [0, 0, 1, 16], "texture": "#1"},
				"west": {"uv": [0, 0, 13.5, 16], "texture": "#1"},
				"up": {"uv": [0, 0, 1, 13.5], "texture": "#1"},
				"down": {"uv": [0, 0, 1, 13.5], "texture": "#1"}
			}
		},
		{
			"from": [1, 0, 0.5],
			"to": [15, 1, 15],
			"rotation": {"angle": 0, "axis": "y", "origin": [22, 8, 9]},
			"faces": {
				"north": {"uv": [0, 0, 0.21875, 0.01563], "texture": "#1"},
				"east": {"uv": [0, 0, 0.21094, 0.01563], "texture": "#1"},
				"south": {"uv": [0, 0, 0.21875, 0.01563], "texture": "#1"},
				"west": {"uv": [0, 0, 0.21094, 0.01563], "texture": "#1"},
				"up": {"uv": [0, 0, 0.21875, 0.21094], "texture": "#1"},
				"down": {"uv": [0, 0, 0.21875, 0.21094], "texture": "#1"}
			}
		},
		{
			"from": [1, 14, 0.5],
			"to": [15, 15, 15],
			"rotation": {"angle": 0, "axis": "y", "origin": [22, 22, 9]},
			"faces": {
				"north": {"uv": [0, 0, 16, 16], "texture": "#1"},
				"east": {"uv": [0, 0, 0.21094, 0.01563], "texture": "#1"},
				"south": {"uv": [0, 0, 16, 16], "texture": "#1"},
				"west": {"uv": [0, 0, 0.21094, 0.01563], "texture": "#1"},
				"up": {"uv": [7.64063, 1.0625, 7.65625, 1.09375], "texture": "#1"},
				"down": {"uv": [0, 0, 0.21875, 0.21094], "texture": "#1"}
			}
		},
		{
			"from": [1, 12, -0.5],
			"to": [15, 13, 0.5],
			"rotation": {"angle": 0, "axis": "y", "origin": [9, 20, 7]},
			"faces": {
				"north": {"uv": [0.875, 0.25, 2.09375, 0.51563], "texture": "#0"},
				"east": {"uv": [0.875, 0.25, 2.09375, 0.51563], "texture": "#0"},
				"south": {"uv": [0.875, 0.25, 2.09375, 0.51563], "texture": "#0"},
				"west": {"uv": [0.875, 0.25, 2.09375, 0.51563], "texture": "#0"},
				"up": {"uv": [0.875, 0.25, 2.09375, 0.51563], "texture": "#0"},
				"down": {"uv": [0.875, 0.25, 2.09375, 0.51563], "texture": "#0"}
			}
		},
		{
			"from": [1, 5.5, -0.5],
			"to": [15, 6.5, 0.5],
			"rotation": {"angle": 0, "axis": "y", "origin": [9, 13, 7]},
			"faces": {
				"north": {"uv": [0.875, 0.25, 2.09375, 0.51563], "texture": "#0"},
				"east": {"uv": [0.875, 0.25, 2.09375, 0.51563], "texture": "#0"},
				"south": {"uv": [0.875, 0.25, 2.09375, 0.51563], "texture": "#0"},
				"west": {"uv": [0.875, 0.25, 2.09375, 0.51563], "texture": "#0"},
				"up": {"uv": [0.875, 0.25, 2.09375, 0.51563], "texture": "#0"},
				"down": {"uv": [0.875, 0.25, 2.09375, 0.51563], "texture": "#0"}
			}
		},
		{
			"from": [1, 15, 2],
			"to": [15.5, 15.5, 2.5],
			"rotation": {"angle": 0, "axis": "y", "origin": [9, 23, 10]},
			"faces": {
				"north": {"uv": [0, 0, 15.98438, 15.98438], "texture": "#2"},
				"east": {"uv": [0, 0, 15.98438, 15.98438], "texture": "#2"},
				"south": {"uv": [0, 0, 15.98438, 15.98438], "texture": "#2"},
				"west": {"uv": [0, 0, 15.98438, 15.98438], "texture": "#2"},
				"up": {"uv": [0, 0, 15.98438, 15.98438], "texture": "#2"},
				"down": {"uv": [0, 0, 15.98438, 15.98438], "texture": "#2"}
			}
		},
		{
			"from": [1, 15, 1],
			"to": [15.5, 15.5, 1.5],
			"rotation": {"angle": 0, "axis": "y", "origin": [9, 23, 9]},
			"faces": {
				"north": {"uv": [0, 0, 15.98438, 15.98438], "texture": "#2"},
				"east": {"uv": [0, 0, 15.98438, 15.98438], "texture": "#2"},
				"south": {"uv": [0, 0, 15.98438, 15.98438], "texture": "#2"},
				"west": {"uv": [0, 0, 15.98438, 15.98438], "texture": "#2"},
				"up": {"uv": [0, 0, 15.98438, 15.98438], "texture": "#2"},
				"down": {"uv": [0, 0, 15.98438, 15.98438], "texture": "#2"}
			}
		},
		{
			"from": [1, 15, 3],
			"to": [15.5, 15.5, 3.5],
			"rotation": {"angle": 0, "axis": "y", "origin": [9, 23, 11]},
			"faces": {
				"north": {"uv": [0, 0, 15.98438, 15.98438], "texture": "#2"},
				"east": {"uv": [0, 0, 15.98438, 15.98438], "texture": "#2"},
				"south": {"uv": [0, 0, 15.98438, 15.98438], "texture": "#2"},
				"west": {"uv": [0, 0, 15.98438, 15.98438], "texture": "#2"},
				"up": {"uv": [0, 0, 15.98438, 15.98438], "texture": "#2"},
				"down": {"uv": [0, 0, 15.98438, 15.98438], "texture": "#2"}
			}
		},
		{
			"from": [1, 15, 4],
			"to": [15.5, 15.5, 4.5],
			"rotation": {"angle": 0, "axis": "y", "origin": [9, 23, 12]},
			"faces": {
				"north": {"uv": [0, 0, 15.98438, 15.98438], "texture": "#2"},
				"east": {"uv": [0, 0, 15.98438, 15.98438], "texture": "#2"},
				"south": {"uv": [0, 0, 15.98438, 15.98438], "texture": "#2"},
				"west": {"uv": [0, 0, 15.98438, 15.98438], "texture": "#2"},
				"up": {"uv": [0, 0, 15.98438, 15.98438], "texture": "#2"},
				"down": {"uv": [0, 0, 15.98438, 15.98438], "texture": "#2"}
			}
		},
		{
			"from": [1, 15, 5],
			"to": [15.5, 15.5, 5.5],
			"rotation": {"angle": 0, "axis": "y", "origin": [9, 23, 13]},
			"faces": {
				"north": {"uv": [0, 0, 15.98438, 15.98438], "texture": "#2"},
				"east": {"uv": [0, 0, 15.98438, 15.98438], "texture": "#2"},
				"south": {"uv": [0, 0, 15.98438, 15.98438], "texture": "#2"},
				"west": {"uv": [0, 0, 15.98438, 15.98438], "texture": "#2"},
				"up": {"uv": [0, 0, 15.98438, 15.98438], "texture": "#2"},
				"down": {"uv": [0, 0, 15.98438, 15.98438], "texture": "#2"}
			}
		},
		{
			"from": [1, 15, 6],
			"to": [15.5, 15.5, 6.5],
			"rotation": {"angle": 0, "axis": "y", "origin": [9, 23, 14]},
			"faces": {
				"north": {"uv": [0, 0, 15.98438, 15.98438], "texture": "#2"},
				"east": {"uv": [0, 0, 15.98438, 15.98438], "texture": "#2"},
				"south": {"uv": [0, 0, 15.98438, 15.98438], "texture": "#2"},
				"west": {"uv": [0, 0, 15.98438, 15.98438], "texture": "#2"},
				"up": {"uv": [0, 0, 15.98438, 15.98438], "texture": "#2"},
				"down": {"uv": [0, 0, 15.98438, 15.98438], "texture": "#2"}
			}
		},
		{
			"from": [1, 15, 7],
			"to": [15.5, 15.5, 7.5],
			"rotation": {"angle": 0, "axis": "y", "origin": [9, 23, 15]},
			"faces": {
				"north": {"uv": [0, 0, 15.98438, 15.98438], "texture": "#2"},
				"east": {"uv": [0, 0, 15.98438, 15.98438], "texture": "#2"},
				"south": {"uv": [0, 0, 15.98438, 15.98438], "texture": "#2"},
				"west": {"uv": [0, 0, 15.98438, 15.98438], "texture": "#2"},
				"up": {"uv": [0, 0, 15.98438, 15.98438], "texture": "#2"},
				"down": {"uv": [0, 0, 15.98438, 15.98438], "texture": "#2"}
			}
		},
		{
			"from": [1, 15, 8],
			"to": [15.5, 15.5, 8.5],
			"rotation": {"angle": 0, "axis": "y", "origin": [9, 23, 16]},
			"faces": {
				"north": {"uv": [0, 0, 15.98438, 15.98438], "texture": "#2"},
				"east": {"uv": [0, 0, 15.98438, 15.98438], "texture": "#2"},
				"south": {"uv": [0, 0, 15.98438, 15.98438], "texture": "#2"},
				"west": {"uv": [0, 0, 15.98438, 15.98438], "texture": "#2"},
				"up": {"uv": [0, 0, 15.98438, 15.98438], "texture": "#2"},
				"down": {"uv": [0, 0, 15.98438, 15.98438], "texture": "#2"}
			}
		},
		{
			"from": [1, 15, 9],
			"to": [15.5, 15.5, 9.5],
			"rotation": {"angle": 0, "axis": "y", "origin": [9, 23, 17]},
			"faces": {
				"north": {"uv": [0, 0, 15.98438, 15.98438], "texture": "#2"},
				"east": {"uv": [0, 0, 15.98438, 15.98438], "texture": "#2"},
				"south": {"uv": [0, 0, 15.98438, 15.98438], "texture": "#2"},
				"west": {"uv": [0, 0, 15.98438, 15.98438], "texture": "#2"},
				"up": {"uv": [0, 0, 15.98438, 15.98438], "texture": "#2"},
				"down": {"uv": [0, 0, 15.98438, 15.98438], "texture": "#2"}
			}
		},
		{
			"from": [1, 15, 10],
			"to": [15.5, 15.5, 10.5],
			"rotation": {"angle": 0, "axis": "y", "origin": [9, 23, 18]},
			"faces": {
				"north": {"uv": [0, 0, 15.98438, 15.98438], "texture": "#2"},
				"east": {"uv": [0, 0, 15.98438, 15.98438], "texture": "#2"},
				"south": {"uv": [0, 0, 15.98438, 15.98438], "texture": "#2"},
				"west": {"uv": [0, 0, 15.98438, 15.98438], "texture": "#2"},
				"up": {"uv": [0, 0, 15.98438, 15.98438], "texture": "#2"},
				"down": {"uv": [0, 0, 15.98438, 15.98438], "texture": "#2"}
			}
		},
		{
			"from": [1, 15, 11],
			"to": [15.5, 15.5, 11.5],
			"rotation": {"angle": 0, "axis": "y", "origin": [9, 23, 19]},
			"faces": {
				"north": {"uv": [0, 0, 15.98438, 15.98438], "texture": "#2"},
				"east": {"uv": [0, 0, 15.98438, 15.98438], "texture": "#2"},
				"south": {"uv": [0, 0, 15.98438, 15.98438], "texture": "#2"},
				"west": {"uv": [0, 0, 15.98438, 15.98438], "texture": "#2"},
				"up": {"uv": [0, 0, 15.98438, 15.98438], "texture": "#2"},
				"down": {"uv": [0, 0, 15.98438, 15.98438], "texture": "#2"}
			}
		},
		{
			"from": [1, 15, 12],
			"to": [15.5, 15.5, 12.5],
			"rotation": {"angle": 0, "axis": "y", "origin": [9, 23, 20]},
			"faces": {
				"north": {"uv": [0, 0, 15.98438, 15.98438], "texture": "#2"},
				"east": {"uv": [0, 0, 15.98438, 15.98438], "texture": "#2"},
				"south": {"uv": [0, 0, 15.98438, 15.98438], "texture": "#2"},
				"west": {"uv": [0, 0, 15.98438, 15.98438], "texture": "#2"},
				"up": {"uv": [0, 0, 15.98438, 15.98438], "texture": "#2"},
				"down": {"uv": [0, 0, 15.98438, 15.98438], "texture": "#2"}
			}
		},
		{
			"from": [1, 15, 13],
			"to": [15.5, 15.5, 13.5],
			"rotation": {"angle": 0, "axis": "y", "origin": [9, 23, 21]},
			"faces": {
				"north": {"uv": [0, 0, 15.98438, 15.98438], "texture": "#2"},
				"east": {"uv": [0, 0, 15.98438, 15.98438], "texture": "#2"},
				"south": {"uv": [0, 0, 15.98438, 15.98438], "texture": "#2"},
				"west": {"uv": [0, 0, 15.98438, 15.98438], "texture": "#2"},
				"up": {"uv": [0, 0, 15.98438, 15.98438], "texture": "#2"},
				"down": {"uv": [0, 0, 15.98438, 15.98438], "texture": "#2"}
			}
		},
		{
			"from": [1, 15, 14],
			"to": [15.5, 15.5, 14.5],
			"rotation": {"angle": 0, "axis": "y", "origin": [9, 23, 22]},
			"faces": {
				"north": {"uv": [0, 0, 15.98438, 15.98438], "texture": "#2"},
				"east": {"uv": [0, 0, 15.98438, 15.98438], "texture": "#2"},
				"south": {"uv": [0, 0, 15.98438, 15.98438], "texture": "#2"},
				"west": {"uv": [0, 0, 15.98438, 15.98438], "texture": "#2"},
				"up": {"uv": [0, 0, 15.98438, 15.98438], "texture": "#2"},
				"down": {"uv": [0, 0, 15.98438, 15.98438], "texture": "#2"}
			}
		}
	]
}