{
	"credit": "Made with Blockbench",
	"ambientocclusion": false,
	"textures": {
		"particle": "block/grass"
	},
	"elements": [
		{
			"from": [0, 0, 4],
			"to": [17, 12, 4],
			"shade": false,
			"rotation": {"angle": 22.5, "axis": "y", "origin": [8, 8, 8]},
			"faces": {
				"north": {"uv": [0, 0, 16, 16], "texture": "#particle", "tintindex": 0},
				"south": {"uv": [0, 0, 16, 16], "texture": "#particle", "tintindex": 0}
			}
		},
		{
			"from": [-1, 0, 12],
			"to": [14, 12, 12],
			"shade": false,
			"rotation": {"angle": 22.5, "axis": "y", "origin": [8, 8, 8]},
			"faces": {
				"north": {"uv": [0, 0, 16, 16], "texture": "#particle", "tintindex": 0},
				"south": {"uv": [0, 0, 16, 16], "texture": "#particle", "tintindex": 0}
			}
		},
		{
			"from": [4, 0, 0],
			"to": [4, 12, 17],
			"shade": false,
			"rotation": {"angle": -22.5, "axis": "y", "origin": [8, 8, 8]},
			"faces": {
				"east": {"uv": [0, 0, 16, 16], "texture": "#particle", "tintindex": 0},
				"west": {"uv": [0, 0, 16, 16], "texture": "#particle", "tintindex": 0}
			}
		},
		{
			"from": [12, 0, -1],
			"to": [12, 12, 16],
			"shade": false,
			"rotation": {"angle": -22.5, "axis": "y", "origin": [8, 8, 8]},
			"faces": {
				"east": {"uv": [0, 0, 16, 16], "texture": "#particle", "tintindex": 0},
				"west": {"uv": [0, 0, 16, 16], "texture": "#particle", "tintindex": 0}
			}
		},
		{
			"from": [-1, 0, 4],
			"to": [15, 12, 4],
			"shade": false,
			"rotation": {"angle": -22.5, "axis": "y", "origin": [8, 8, 8]},
			"faces": {
				"north": {"uv": [0, 0, 16, 16], "texture": "#particle", "tintindex": 0},
				"south": {"uv": [0, 0, 16, 16], "texture": "#particle", "tintindex": 0}
			}
		},
		{
			"from": [0, 0, 12],
			"to": [17, 12, 12],
			"shade": false,
			"rotation": {"angle": -22.5, "axis": "y", "origin": [8, 8, 8]},
			"faces": {
				"north": {"uv": [0, 0, 16, 16], "texture": "#particle", "tintindex": 0},
				"south": {"uv": [0, 0, 16, 16], "texture": "#particle", "tintindex": 0}
			}
		},
		{
			"from": [8, 0, -3],
			"to": [8, 12, 19],
			"shade": false,
			"rotation": {"angle": -22.5, "axis": "y", "origin": [8, 8, 8]},
			"faces": {
				"east": {"uv": [0, 0, 16, 16], "texture": "#particle", "tintindex": 0},
				"west": {"uv": [0, 0, 16, 16], "texture": "#particle", "tintindex": 0}
			}
		}
	]
}