{
	"credit": "Made with Blockbench",
	"textures": {
		"1": "block/iron_door_bottom",
		"2": "block/iron_door_top"
	},
	"elements": [
		{
			"from": [0, 0, 0],
			"to": [1.5, 2, 16],
			"faces": {
				"north": {"uv": [0, 0, 1, 2], "texture": "#2"},
				"east": {"uv": [0, 0.375, 11.48438, 1.76563], "texture": "#2"},
				"south": {"uv": [0, 0, 1, 2], "texture": "#2"},
				"west": {"uv": [0, 0.375, 11.48438, 1.76563], "texture": "#2"},
				"up": {"uv": [0, 0, 1.98438, 7.625], "texture": "#2"},
				"down": {"uv": [0, 0, 1.98438, 7.625], "texture": "#2"}
			}
		},
		{
			"from": [0, 2, 0],
			"to": [1.5, 16, 1.8],
			"faces": {
				"north": {"uv": [0, 8.17188, 11.15938, 16], "texture": "#2"},
				"east": {"uv": [0, 8.17188, 11.15938, 16], "texture": "#2"},
				"south": {"uv": [0, 8.17188, 11.15938, 16], "texture": "#2"},
				"west": {"uv": [0, 8.17188, 11.15938, 16], "texture": "#2"},
				"up": {"uv": [0, 8.17188, 11.15938, 16], "texture": "#2"},
				"down": {"uv": [0, 8.17188, 11.15938, 16], "texture": "#2"}
			}
		},
		{
			"from": [0, 2, 14.2],
			"to": [1.5, 16, 16],
			"faces": {
				"north": {"uv": [0, 8.17188, 11.15938, 16], "texture": "#2"},
				"east": {"uv": [0, 8.17188, 11.15938, 16], "texture": "#2"},
				"south": {"uv": [0, 8.17188, 11.15938, 16], "texture": "#2"},
				"west": {"uv": [0, 8.17188, 11.15938, 16], "texture": "#2"},
				"up": {"uv": [0, 8.17188, 11.15938, 16], "texture": "#2"},
				"down": {"uv": [0, 8.17188, 11.15938, 16], "texture": "#2"}
			}
		},
		{
			"from": [0.25, 2, 13.24],
			"to": [0.75, 16, 13.74],
			"faces": {
				"north": {"uv": [1.40625, 1.71875, 13.80625, 2.46875], "rotation": 180, "texture": "#1"},
				"east": {"uv": [1.40625, 1.71875, 13.80625, 2.46875], "rotation": 270, "texture": "#1"},
				"south": {"uv": [1.40625, 1.71875, 13.80625, 2.46875], "texture": "#1"},
				"west": {"uv": [1.40625, 1.71875, 13.80625, 2.46875], "rotation": 90, "texture": "#1"},
				"up": {"uv": [1.40625, 1.71875, 13.80625, 2.46875], "rotation": 180, "texture": "#1"},
				"down": {"uv": [1.40625, 1.71875, 13.80625, 2.46875], "texture": "#1"}
			}
		},
		{
			"from": [0.25, 2, 12.24],
			"to": [0.75, 16, 12.74],
			"faces": {
				"north": {"uv": [1.40625, 1.71875, 13.80625, 2.46875], "rotation": 180, "texture": "#1"},
				"east": {"uv": [1.40625, 1.71875, 13.80625, 2.46875], "rotation": 270, "texture": "#1"},
				"south": {"uv": [1.40625, 1.71875, 13.80625, 2.46875], "texture": "#1"},
				"west": {"uv": [1.40625, 1.71875, 13.80625, 2.46875], "rotation": 90, "texture": "#1"},
				"up": {"uv": [1.40625, 1.71875, 13.80625, 2.46875], "rotation": 180, "texture": "#1"},
				"down": {"uv": [1.40625, 1.71875, 13.80625, 2.46875], "texture": "#1"}
			}
		},
		{
			"from": [0.25, 2, 2.24],
			"to": [0.75, 16, 2.74],
			"faces": {
				"north": {"uv": [1.40625, 1.71875, 13.80625, 2.46875], "rotation": 180, "texture": "#1"},
				"east": {"uv": [1.40625, 1.71875, 13.80625, 2.46875], "rotation": 270, "texture": "#1"},
				"south": {"uv": [1.40625, 1.71875, 13.80625, 2.46875], "texture": "#1"},
				"west": {"uv": [1.40625, 1.71875, 13.80625, 2.46875], "rotation": 90, "texture": "#1"},
				"up": {"uv": [1.40625, 1.71875, 13.80625, 2.46875], "rotation": 180, "texture": "#1"},
				"down": {"uv": [1.40625, 1.71875, 13.80625, 2.46875], "texture": "#1"}
			}
		},
		{
			"from": [0.25, 2, 3.24],
			"to": [0.75, 16, 3.74],
			"faces": {
				"north": {"uv": [1.40625, 1.71875, 13.80625, 2.46875], "rotation": 180, "texture": "#1"},
				"east": {"uv": [1.40625, 1.71875, 13.80625, 2.46875], "rotation": 270, "texture": "#1"},
				"south": {"uv": [1.40625, 1.71875, 13.80625, 2.46875], "texture": "#1"},
				"west": {"uv": [1.40625, 1.71875, 13.80625, 2.46875], "rotation": 90, "texture": "#1"},
				"up": {"uv": [1.40625, 1.71875, 13.80625, 2.46875], "rotation": 180, "texture": "#1"},
				"down": {"uv": [1.40625, 1.71875, 13.80625, 2.46875], "texture": "#1"}
			}
		},
		{
			"from": [0.25, 2, 4.24],
			"to": [0.75, 16, 4.74],
			"faces": {
				"north": {"uv": [1.40625, 1.71875, 13.80625, 2.46875], "rotation": 180, "texture": "#1"},
				"east": {"uv": [1.40625, 1.71875, 13.80625, 2.46875], "rotation": 270, "texture": "#1"},
				"south": {"uv": [1.40625, 1.71875, 13.80625, 2.46875], "texture": "#1"},
				"west": {"uv": [1.40625, 1.71875, 13.80625, 2.46875], "rotation": 90, "texture": "#1"},
				"up": {"uv": [1.40625, 1.71875, 13.80625, 2.46875], "rotation": 180, "texture": "#1"},
				"down": {"uv": [1.40625, 1.71875, 13.80625, 2.46875], "texture": "#1"}
			}
		},
		{
			"from": [0.25, 2, 5.24],
			"to": [0.75, 16, 5.74],
			"faces": {
				"north": {"uv": [1.40625, 1.71875, 13.80625, 2.46875], "rotation": 180, "texture": "#1"},
				"east": {"uv": [1.40625, 1.71875, 13.80625, 2.46875], "rotation": 270, "texture": "#1"},
				"south": {"uv": [1.40625, 1.71875, 13.80625, 2.46875], "texture": "#1"},
				"west": {"uv": [1.40625, 1.71875, 13.80625, 2.46875], "rotation": 90, "texture": "#1"},
				"up": {"uv": [1.40625, 1.71875, 13.80625, 2.46875], "rotation": 180, "texture": "#1"},
				"down": {"uv": [1.40625, 1.71875, 13.80625, 2.46875], "texture": "#1"}
			}
		},
		{
			"from": [0.25, 2, 11.24],
			"to": [0.75, 16, 11.74],
			"faces": {
				"north": {"uv": [1.40625, 1.71875, 13.80625, 2.46875], "rotation": 180, "texture": "#1"},
				"east": {"uv": [1.40625, 1.71875, 13.80625, 2.46875], "rotation": 270, "texture": "#1"},
				"south": {"uv": [1.40625, 1.71875, 13.80625, 2.46875], "texture": "#1"},
				"west": {"uv": [1.40625, 1.71875, 13.80625, 2.46875], "rotation": 90, "texture": "#1"},
				"up": {"uv": [1.40625, 1.71875, 13.80625, 2.46875], "rotation": 180, "texture": "#1"},
				"down": {"uv": [1.40625, 1.71875, 13.80625, 2.46875], "texture": "#1"}
			}
		},
		{
			"from": [0.25, 2, 10.24],
			"to": [0.75, 16, 10.74],
			"faces": {
				"north": {"uv": [1.40625, 1.71875, 13.80625, 2.46875], "rotation": 180, "texture": "#1"},
				"east": {"uv": [1.40625, 1.71875, 13.80625, 2.46875], "rotation": 270, "texture": "#1"},
				"south": {"uv": [1.40625, 1.71875, 13.80625, 2.46875], "texture": "#1"},
				"west": {"uv": [1.40625, 1.71875, 13.80625, 2.46875], "rotation": 90, "texture": "#1"},
				"up": {"uv": [1.40625, 1.71875, 13.80625, 2.46875], "rotation": 180, "texture": "#1"},
				"down": {"uv": [1.40625, 1.71875, 13.80625, 2.46875], "texture": "#1"}
			}
		},
		{
			"from": [0.25, 2, 9.24],
			"to": [0.75, 16, 9.74],
			"faces": {
				"north": {"uv": [1.40625, 1.71875, 13.80625, 2.46875], "rotation": 180, "texture": "#1"},
				"east": {"uv": [1.40625, 1.71875, 13.80625, 2.46875], "rotation": 270, "texture": "#1"},
				"south": {"uv": [1.40625, 1.71875, 13.80625, 2.46875], "texture": "#1"},
				"west": {"uv": [1.40625, 1.71875, 13.80625, 2.46875], "rotation": 90, "texture": "#1"},
				"up": {"uv": [1.40625, 1.71875, 13.80625, 2.46875], "rotation": 180, "texture": "#1"},
				"down": {"uv": [1.40625, 1.71875, 13.80625, 2.46875], "texture": "#1"}
			}
		},
		{
			"from": [0.25, 2, 6.24],
			"to": [0.75, 16, 6.74],
			"faces": {
				"north": {"uv": [1.40625, 1.71875, 13.80625, 2.46875], "rotation": 180, "texture": "#1"},
				"east": {"uv": [1.40625, 1.71875, 13.80625, 2.46875], "rotation": 270, "texture": "#1"},
				"south": {"uv": [1.40625, 1.71875, 13.80625, 2.46875], "texture": "#1"},
				"west": {"uv": [1.40625, 1.71875, 13.80625, 2.46875], "rotation": 90, "texture": "#1"},
				"up": {"uv": [1.40625, 1.71875, 13.80625, 2.46875], "rotation": 180, "texture": "#1"},
				"down": {"uv": [1.40625, 1.71875, 13.80625, 2.46875], "texture": "#1"}
			}
		},
		{
			"from": [0.25, 2, 7.24],
			"to": [0.75, 16, 7.74],
			"faces": {
				"north": {"uv": [1.40625, 1.71875, 13.80625, 2.46875], "rotation": 180, "texture": "#1"},
				"east": {"uv": [1.40625, 1.71875, 13.80625, 2.46875], "rotation": 270, "texture": "#1"},
				"south": {"uv": [1.40625, 1.71875, 13.80625, 2.46875], "texture": "#1"},
				"west": {"uv": [1.40625, 1.71875, 13.80625, 2.46875], "rotation": 90, "texture": "#1"},
				"up": {"uv": [1.40625, 1.71875, 13.80625, 2.46875], "rotation": 180, "texture": "#1"},
				"down": {"uv": [1.40625, 1.71875, 13.80625, 2.46875], "texture": "#1"}
			}
		},
		{
			"from": [0.25, 2, 8.24],
			"to": [0.75, 16, 8.74],
			"faces": {
				"north": {"uv": [1.40625, 1.71875, 13.80625, 2.46875], "rotation": 180, "texture": "#1"},
				"east": {"uv": [1.40625, 1.71875, 13.80625, 2.46875], "rotation": 270, "texture": "#1"},
				"south": {"uv": [1.40625, 1.71875, 13.80625, 2.46875], "texture": "#1"},
				"west": {"uv": [1.40625, 1.71875, 13.80625, 2.46875], "rotation": 90, "texture": "#1"},
				"up": {"uv": [1.40625, 1.71875, 13.80625, 2.46875], "rotation": 180, "texture": "#1"},
				"down": {"uv": [1.40625, 1.71875, 13.80625, 2.46875], "texture": "#1"}
			}
		},
		{
			"from": [1, 15.5, 11],
			"to": [2, 16.5, 15],
			"faces": {
				"north": {"uv": [12, 5.78125, 13.17188, 6.92188], "texture": "#2"},
				"east": {"uv": [12, 4.75, 16, 5.75], "texture": "#2"},
				"south": {"uv": [12, 5.78125, 13.17188, 6.92188], "texture": "#2"},
				"west": {"uv": [12, 4.75, 16, 5.75], "texture": "#2"},
				"up": {"uv": [13.28125, 5.73438, 14.3125, 7.90625], "texture": "#2"},
				"down": {"uv": [13.28125, 5.73438, 14.3125, 7.90625], "texture": "#2"}
			}
		},
		{
			"from": [-0.5, 15.5, 11],
			"to": [0.5, 16.5, 15],
			"faces": {
				"north": {"uv": [12, 5.78125, 13.17188, 6.92188], "texture": "#2"},
				"east": {"uv": [12, 4.75, 16, 5.75], "texture": "#2"},
				"south": {"uv": [12, 5.78125, 13.17188, 6.92188], "texture": "#2"},
				"west": {"uv": [12, 4.75, 16, 5.75], "texture": "#2"},
				"up": {"uv": [13.28125, 5.73438, 14.3125, 7.90625], "texture": "#2"},
				"down": {"uv": [13.28125, 5.73438, 14.3125, 7.90625], "texture": "#2"}
			}
		},
		{
			"from": [1.25, 15.75, 15],
			"to": [1.75, 16.25, 15.5],
			"faces": {
				"north": {"uv": [12, 5.78125, 13.17188, 6.92188], "texture": "#2"},
				"east": {"uv": [12, 4.75, 16, 5.75], "texture": "#2"},
				"south": {"uv": [12, 5.78125, 13.17188, 6.92188], "texture": "#2"},
				"west": {"uv": [12, 4.75, 16, 5.75], "texture": "#2"},
				"up": {"uv": [13.28125, 5.73438, 14.3125, 7.90625], "texture": "#2"},
				"down": {"uv": [13.28125, 5.73438, 14.3125, 7.90625], "texture": "#2"}
			}
		},
		{
			"from": [-0.25, 15.75, 15],
			"to": [0.25, 16.25, 15.5],
			"faces": {
				"north": {"uv": [12, 5.78125, 13.17188, 6.92188], "texture": "#2"},
				"east": {"uv": [12, 4.75, 16, 5.75], "texture": "#2"},
				"south": {"uv": [12, 5.78125, 13.17188, 6.92188], "texture": "#2"},
				"west": {"uv": [12, 4.75, 16, 5.75], "texture": "#2"},
				"up": {"uv": [13.28125, 5.73438, 14.3125, 7.90625], "texture": "#2"},
				"down": {"uv": [13.28125, 5.73438, 14.3125, 7.90625], "texture": "#2"}
			}
		}
	]
}