{
	"credit": "Made with Blockbench",
	"textures": {
		"1": "block/iron_door_bottom",
		"2": "block/iron_door_top"
	},
	"elements": [
		{
			"from": [0, 14, 0],
			"to": [1.5, 16, 16],
			"faces": {
				"north": {"uv": [0, 0, 1, 2], "texture": "#2"},
				"east": {"uv": [0, 0.375, 11.48438, 1.76563], "texture": "#2"},
				"south": {"uv": [0, 0, 1, 2], "texture": "#2"},
				"west": {"uv": [0, 0.375, 11.48438, 1.76563], "texture": "#2"},
				"up": {"uv": [0, 0, 1.98438, 7.625], "texture": "#2"},
				"down": {"uv": [0, 0, 1.98438, 7.625], "texture": "#2"}
			}
		},
		{
			"from": [0, 0, 0],
			"to": [1.5, 14, 1.8],
			"faces": {
				"north": {"uv": [0, 8.17188, 11.15938, 16], "texture": "#2"},
				"east": {"uv": [0, 8.17188, 11.15938, 16], "texture": "#2"},
				"south": {"uv": [0, 8.17188, 11.15938, 16], "texture": "#2"},
				"west": {"uv": [0, 8.17188, 11.15938, 16], "texture": "#2"},
				"up": {"uv": [0, 8.17188, 11.15938, 16], "texture": "#2"},
				"down": {"uv": [0, 8.17188, 11.15938, 16], "texture": "#2"}
			}
		},
		{
			"from": [0, 0, 14.2],
			"to": [1.5, 14, 16],
			"faces": {
				"north": {"uv": [0, 8.17188, 11.15938, 16], "texture": "#2"},
				"east": {"uv": [0, 8.17188, 11.15938, 16], "texture": "#2"},
				"south": {"uv": [0, 8.17188, 11.15938, 16], "texture": "#2"},
				"west": {"uv": [0, 8.17188, 11.15938, 16], "texture": "#2"},
				"up": {"uv": [0, 8.17188, 11.15938, 16], "texture": "#2"},
				"down": {"uv": [0, 8.17188, 11.15938, 16], "texture": "#2"}
			}
		},
		{
			"from": [0.25, 0, 13.24],
			"to": [0.75, 14, 13.74],
			"faces": {
				"north": {"uv": [1.40625, 1.71875, 13.80625, 2.46875], "rotation": 180, "texture": "#1"},
				"east": {"uv": [1.40625, 1.71875, 13.80625, 2.46875], "rotation": 270, "texture": "#1"},
				"south": {"uv": [1.40625, 1.71875, 13.80625, 2.46875], "texture": "#1"},
				"west": {"uv": [1.40625, 1.71875, 13.80625, 2.46875], "rotation": 90, "texture": "#1"},
				"up": {"uv": [1.40625, 1.71875, 13.80625, 2.46875], "rotation": 180, "texture": "#1"},
				"down": {"uv": [1.40625, 1.71875, 13.80625, 2.46875], "texture": "#1"}
			}
		},
		{
			"from": [0.25, 0, 12.24],
			"to": [0.75, 14, 12.74],
			"faces": {
				"north": {"uv": [1.40625, 1.71875, 13.80625, 2.46875], "rotation": 180, "texture": "#1"},
				"east": {"uv": [1.40625, 1.71875, 13.80625, 2.46875], "rotation": 270, "texture": "#1"},
				"south": {"uv": [1.40625, 1.71875, 13.80625, 2.46875], "texture": "#1"},
				"west": {"uv": [1.40625, 1.71875, 13.80625, 2.46875], "rotation": 90, "texture": "#1"},
				"up": {"uv": [1.40625, 1.71875, 13.80625, 2.46875], "rotation": 180, "texture": "#1"},
				"down": {"uv": [1.40625, 1.71875, 13.80625, 2.46875], "texture": "#1"}
			}
		},
		{
			"from": [0.25, 0, 11.24],
			"to": [0.75, 14, 11.74],
			"faces": {
				"north": {"uv": [1.40625, 1.71875, 13.80625, 2.46875], "rotation": 180, "texture": "#1"},
				"east": {"uv": [1.40625, 1.71875, 13.80625, 2.46875], "rotation": 270, "texture": "#1"},
				"south": {"uv": [1.40625, 1.71875, 13.80625, 2.46875], "texture": "#1"},
				"west": {"uv": [1.40625, 1.71875, 13.80625, 2.46875], "rotation": 90, "texture": "#1"},
				"up": {"uv": [1.40625, 1.71875, 13.80625, 2.46875], "rotation": 180, "texture": "#1"},
				"down": {"uv": [1.40625, 1.71875, 13.80625, 2.46875], "texture": "#1"}
			}
		},
		{
			"from": [0.25, 0, 10.24],
			"to": [0.75, 14, 10.74],
			"faces": {
				"north": {"uv": [1.40625, 1.71875, 13.80625, 2.46875], "rotation": 180, "texture": "#1"},
				"east": {"uv": [1.40625, 1.71875, 13.80625, 2.46875], "rotation": 270, "texture": "#1"},
				"south": {"uv": [1.40625, 1.71875, 13.80625, 2.46875], "texture": "#1"},
				"west": {"uv": [1.40625, 1.71875, 13.80625, 2.46875], "rotation": 90, "texture": "#1"},
				"up": {"uv": [1.40625, 1.71875, 13.80625, 2.46875], "rotation": 180, "texture": "#1"},
				"down": {"uv": [1.40625, 1.71875, 13.80625, 2.46875], "texture": "#1"}
			}
		},
		{
			"from": [0.25, 0, 9.24],
			"to": [0.75, 14, 9.74],
			"faces": {
				"north": {"uv": [1.40625, 1.71875, 13.80625, 2.46875], "rotation": 180, "texture": "#1"},
				"east": {"uv": [1.40625, 1.71875, 13.80625, 2.46875], "rotation": 270, "texture": "#1"},
				"south": {"uv": [1.40625, 1.71875, 13.80625, 2.46875], "texture": "#1"},
				"west": {"uv": [1.40625, 1.71875, 13.80625, 2.46875], "rotation": 90, "texture": "#1"},
				"up": {"uv": [1.40625, 1.71875, 13.80625, 2.46875], "rotation": 180, "texture": "#1"},
				"down": {"uv": [1.40625, 1.71875, 13.80625, 2.46875], "texture": "#1"}
			}
		},
		{
			"from": [0.25, 0, 8.24],
			"to": [0.75, 14, 8.74],
			"faces": {
				"north": {"uv": [1.40625, 1.71875, 13.80625, 2.46875], "rotation": 180, "texture": "#1"},
				"east": {"uv": [1.40625, 1.71875, 13.80625, 2.46875], "rotation": 270, "texture": "#1"},
				"south": {"uv": [1.40625, 1.71875, 13.80625, 2.46875], "texture": "#1"},
				"west": {"uv": [1.40625, 1.71875, 13.80625, 2.46875], "rotation": 90, "texture": "#1"},
				"up": {"uv": [1.40625, 1.71875, 13.80625, 2.46875], "rotation": 180, "texture": "#1"},
				"down": {"uv": [1.40625, 1.71875, 13.80625, 2.46875], "texture": "#1"}
			}
		},
		{
			"from": [0.25, 0, 7.24],
			"to": [0.75, 14, 7.74],
			"faces": {
				"north": {"uv": [1.40625, 1.71875, 13.80625, 2.46875], "rotation": 180, "texture": "#1"},
				"east": {"uv": [1.40625, 1.71875, 13.80625, 2.46875], "rotation": 270, "texture": "#1"},
				"south": {"uv": [1.40625, 1.71875, 13.80625, 2.46875], "texture": "#1"},
				"west": {"uv": [1.40625, 1.71875, 13.80625, 2.46875], "rotation": 90, "texture": "#1"},
				"up": {"uv": [1.40625, 1.71875, 13.80625, 2.46875], "rotation": 180, "texture": "#1"},
				"down": {"uv": [1.40625, 1.71875, 13.80625, 2.46875], "texture": "#1"}
			}
		},
		{
			"from": [0.25, 0, 6.24],
			"to": [0.75, 14, 6.74],
			"faces": {
				"north": {"uv": [1.40625, 1.71875, 13.80625, 2.46875], "rotation": 180, "texture": "#1"},
				"east": {"uv": [1.40625, 1.71875, 13.80625, 2.46875], "rotation": 270, "texture": "#1"},
				"south": {"uv": [1.40625, 1.71875, 13.80625, 2.46875], "texture": "#1"},
				"west": {"uv": [1.40625, 1.71875, 13.80625, 2.46875], "rotation": 90, "texture": "#1"},
				"up": {"uv": [1.40625, 1.71875, 13.80625, 2.46875], "rotation": 180, "texture": "#1"},
				"down": {"uv": [1.40625, 1.71875, 13.80625, 2.46875], "texture": "#1"}
			}
		},
		{
			"from": [0.25, 0, 5.24],
			"to": [0.75, 14, 5.74],
			"faces": {
				"north": {"uv": [1.40625, 1.71875, 13.80625, 2.46875], "rotation": 180, "texture": "#1"},
				"east": {"uv": [1.40625, 1.71875, 13.80625, 2.46875], "rotation": 270, "texture": "#1"},
				"south": {"uv": [1.40625, 1.71875, 13.80625, 2.46875], "texture": "#1"},
				"west": {"uv": [1.40625, 1.71875, 13.80625, 2.46875], "rotation": 90, "texture": "#1"},
				"up": {"uv": [1.40625, 1.71875, 13.80625, 2.46875], "rotation": 180, "texture": "#1"},
				"down": {"uv": [1.40625, 1.71875, 13.80625, 2.46875], "texture": "#1"}
			}
		},
		{
			"from": [0.25, 0, 4.24],
			"to": [0.75, 14, 4.74],
			"faces": {
				"north": {"uv": [1.40625, 1.71875, 13.80625, 2.46875], "rotation": 180, "texture": "#1"},
				"east": {"uv": [1.40625, 1.71875, 13.80625, 2.46875], "rotation": 270, "texture": "#1"},
				"south": {"uv": [1.40625, 1.71875, 13.80625, 2.46875], "texture": "#1"},
				"west": {"uv": [1.40625, 1.71875, 13.80625, 2.46875], "rotation": 90, "texture": "#1"},
				"up": {"uv": [1.40625, 1.71875, 13.80625, 2.46875], "rotation": 180, "texture": "#1"},
				"down": {"uv": [1.40625, 1.71875, 13.80625, 2.46875], "texture": "#1"}
			}
		},
		{
			"from": [0.25, 0, 3.24],
			"to": [0.75, 14, 3.74],
			"faces": {
				"north": {"uv": [1.40625, 1.71875, 13.80625, 2.46875], "rotation": 180, "texture": "#1"},
				"east": {"uv": [1.40625, 1.71875, 13.80625, 2.46875], "rotation": 270, "texture": "#1"},
				"south": {"uv": [1.40625, 1.71875, 13.80625, 2.46875], "texture": "#1"},
				"west": {"uv": [1.40625, 1.71875, 13.80625, 2.46875], "rotation": 90, "texture": "#1"},
				"up": {"uv": [1.40625, 1.71875, 13.80625, 2.46875], "rotation": 180, "texture": "#1"},
				"down": {"uv": [1.40625, 1.71875, 13.80625, 2.46875], "texture": "#1"}
			}
		},
		{
			"from": [0.25, 0, 2.24],
			"to": [0.75, 14, 2.74],
			"faces": {
				"north": {"uv": [1.40625, 1.71875, 13.80625, 2.46875], "rotation": 180, "texture": "#1"},
				"east": {"uv": [1.40625, 1.71875, 13.80625, 2.46875], "rotation": 270, "texture": "#1"},
				"south": {"uv": [1.40625, 1.71875, 13.80625, 2.46875], "texture": "#1"},
				"west": {"uv": [1.40625, 1.71875, 13.80625, 2.46875], "rotation": 90, "texture": "#1"},
				"up": {"uv": [1.40625, 1.71875, 13.80625, 2.46875], "rotation": 180, "texture": "#1"},
				"down": {"uv": [1.40625, 1.71875, 13.80625, 2.46875], "texture": "#1"}
			}
		}
	],
	"groups": [
		{
			"name": "iron_door_top",
			"origin": [8, 8, 8],
			"color": 0,
			"children": [0, 1, 2, 3, 4, 5, 6, 7, 8, 9, 10, 11, 12, 13, 14]
		}
	]
}