{
	"credit": "Made with Blockbench",
	"ambientocclusion": false,
	"textures": {
		"particle": "block/iron_bars",
		"bars": "block/iron_bars"
	},
	"elements": [
		{
			"from": [7.5, 0, 7.5],
			"to": [8.5, 13, 8.5],
			"rotation": {"angle": 0, "axis": "y", "origin": [-0.5, 0, -0.5]},
			"faces": {
				"north": {"uv": [1.9375, 0, 0, 16], "texture": "#bars"},
				"east": {"uv": [1.9375, 0, 0, 16], "texture": "#bars"},
				"south": {"uv": [1.9375, 0, 0, 16], "texture": "#bars"},
				"west": {"uv": [16, 0, 14.5, 1.71875], "texture": "#bars"},
				"up": {"uv": [7.53125, 11.78125, 9.21875, 13.46875], "texture": "#bars"},
				"down": {"uv": [7.53125, 11.78125, 9.21875, 13.46875], "texture": "#bars"}
			}
		},
		{
			"from": [7.75, 13, 7.75],
			"to": [8.25, 15, 8.25],
			"rotation": {"angle": 0, "axis": "y", "origin": [-0.25, -6, -0.25]},
			"faces": {
				"north": {"uv": [1.9375, 0, 0, 16], "texture": "#bars"},
				"east": {"uv": [1.9375, 0, 0, 16], "texture": "#bars"},
				"south": {"uv": [1.9375, 0, 0, 16], "texture": "#bars"},
				"west": {"uv": [16, 0, 14.5, 1.71875], "texture": "#bars"},
				"up": {"uv": [7.53125, 11.78125, 9.21875, 13.46875], "texture": "#bars"},
				"down": {"uv": [7.53125, 11.78125, 9.21875, 13.46875], "texture": "#bars"}
			}
		},
		{
			"from": [7.5, 15, 7.5],
			"to": [8.5, 16, 8.5],
			"rotation": {"angle": 0, "axis": "y", "origin": [-0.5, 0, -0.5]},
			"faces": {
				"north": {"uv": [1.9375, 0, 0, 16], "texture": "#bars"},
				"east": {"uv": [1.9375, 0, 0, 16], "texture": "#bars"},
				"south": {"uv": [1.9375, 0, 0, 16], "texture": "#bars"},
				"west": {"uv": [1.9375, 0, 0, 16], "texture": "#bars"},
				"up": {"uv": [1.9375, 0, 0, 16], "texture": "#bars"},
				"down": {"uv": [7.53125, 11.78125, 9.21875, 13.46875], "texture": "#bars"}
			}
		}
	]
}