{
	"credit": "Made with Blockbench",
	"ambientocclusion": false,
	"textures": {
		"particle": "block/iron_bars",
		"bars": "block/iron_bars"
	},
	"elements": [
		{
			"from": [7.5, 0, 7.5],
			"to": [8, 0.5, 16],
			"rotation": {"angle": 0, "axis": "y", "origin": [-0.5, -4, -0.5]},
			"faces": {
				"north": {"uv": [1.6875, 0.96875, 0.3125, 13.71875], "texture": "#bars"},
				"east": {"uv": [1.6875, 0.96875, 0.3125, 13.71875], "texture": "#bars"},
				"south": {"uv": [1.6875, 0.96875, 0.3125, 13.71875], "texture": "#bars"},
				"west": {"uv": [1.6875, 0.96875, 0.3125, 13.71875], "texture": "#bars"},
				"up": {"uv": [1.6875, 0.96875, 0.3125, 13.71875], "texture": "#bars"},
				"down": {"uv": [1.6875, 0.96875, 0.3125, 13.71875], "texture": "#bars"}
			}
		},
		{
			"from": [7.5, 2, 7.5],
			"to": [8, 2.5, 16],
			"rotation": {"angle": 0, "axis": "y", "origin": [-0.5, -4, -0.5]},
			"faces": {
				"north": {"uv": [1.6875, 0.96875, 0.3125, 13.71875], "texture": "#bars"},
				"east": {"uv": [1.6875, 0.96875, 0.3125, 13.71875], "texture": "#bars"},
				"south": {"uv": [1.6875, 0.96875, 0.3125, 13.71875], "texture": "#bars"},
				"west": {"uv": [1.6875, 0.96875, 0.3125, 13.71875], "texture": "#bars"},
				"up": {"uv": [1.6875, 0.96875, 0.3125, 13.71875], "texture": "#bars"},
				"down": {"uv": [1.6875, 0.96875, 0.3125, 13.71875], "texture": "#bars"}
			}
		},
		{
			"from": [7.5, 4, 7.5],
			"to": [8, 4.5, 16],
			"rotation": {"angle": 0, "axis": "y", "origin": [-0.5, -4, -0.5]},
			"faces": {
				"north": {"uv": [1.6875, 0.96875, 0.3125, 13.71875], "texture": "#bars"},
				"east": {"uv": [1.6875, 0.96875, 0.3125, 13.71875], "texture": "#bars"},
				"south": {"uv": [1.6875, 0.96875, 0.3125, 13.71875], "texture": "#bars"},
				"west": {"uv": [1.6875, 0.96875, 0.3125, 13.71875], "texture": "#bars"},
				"up": {"uv": [1.6875, 0.96875, 0.3125, 13.71875], "texture": "#bars"},
				"down": {"uv": [1.6875, 0.96875, 0.3125, 13.71875], "texture": "#bars"}
			}
		},
		{
			"from": [7.5, 6, 7.5],
			"to": [8, 6.5, 16],
			"rotation": {"angle": 0, "axis": "y", "origin": [-0.5, -4, -0.5]},
			"faces": {
				"north": {"uv": [1.6875, 0.96875, 0.3125, 13.71875], "texture": "#bars"},
				"east": {"uv": [1.6875, 0.96875, 0.3125, 13.71875], "texture": "#bars"},
				"south": {"uv": [1.6875, 0.96875, 0.3125, 13.71875], "texture": "#bars"},
				"west": {"uv": [1.6875, 0.96875, 0.3125, 13.71875], "texture": "#bars"},
				"up": {"uv": [1.6875, 0.96875, 0.3125, 13.71875], "texture": "#bars"},
				"down": {"uv": [1.6875, 0.96875, 0.3125, 13.71875], "texture": "#bars"}
			}
		},
		{
			"from": [7.5, 8, 7.5],
			"to": [8, 8.5, 16],
			"rotation": {"angle": 0, "axis": "y", "origin": [-0.5, -4, -0.5]},
			"faces": {
				"north": {"uv": [1.6875, 0.96875, 0.3125, 13.71875], "texture": "#bars"},
				"east": {"uv": [1.6875, 0.96875, 0.3125, 13.71875], "texture": "#bars"},
				"south": {"uv": [1.6875, 0.96875, 0.3125, 13.71875], "texture": "#bars"},
				"west": {"uv": [1.6875, 0.96875, 0.3125, 13.71875], "texture": "#bars"},
				"up": {"uv": [1.6875, 0.96875, 0.3125, 13.71875], "texture": "#bars"},
				"down": {"uv": [1.6875, 0.96875, 0.3125, 13.71875], "texture": "#bars"}
			}
		},
		{
			"from": [7.5, 10, 7.5],
			"to": [8, 10.5, 16],
			"rotation": {"angle": 0, "axis": "y", "origin": [-0.5, -4, -0.5]},
			"faces": {
				"north": {"uv": [1.6875, 0.96875, 0.3125, 13.71875], "texture": "#bars"},
				"east": {"uv": [1.6875, 0.96875, 0.3125, 13.71875], "texture": "#bars"},
				"south": {"uv": [1.6875, 0.96875, 0.3125, 13.71875], "texture": "#bars"},
				"west": {"uv": [1.6875, 0.96875, 0.3125, 13.71875], "texture": "#bars"},
				"up": {"uv": [1.6875, 0.96875, 0.3125, 13.71875], "texture": "#bars"},
				"down": {"uv": [1.6875, 0.96875, 0.3125, 13.71875], "texture": "#bars"}
			}
		},
		{
			"from": [7.5, 12, 7.5],
			"to": [8, 12.5, 16],
			"rotation": {"angle": 0, "axis": "y", "origin": [-0.5, -4, -0.5]},
			"faces": {
				"north": {"uv": [1.6875, 0.96875, 0.3125, 13.71875], "texture": "#bars"},
				"east": {"uv": [1.6875, 0.96875, 0.3125, 13.71875], "texture": "#bars"},
				"south": {"uv": [1.6875, 0.96875, 0.3125, 13.71875], "texture": "#bars"},
				"west": {"uv": [1.6875, 0.96875, 0.3125, 13.71875], "texture": "#bars"},
				"up": {"uv": [1.6875, 0.96875, 0.3125, 13.71875], "texture": "#bars"},
				"down": {"uv": [1.6875, 0.96875, 0.3125, 13.71875], "texture": "#bars"}
			}
		}
	],
	"groups": [
		{
			"name": "iron_bars_post",
			"origin": [8, 8, 8],
			"color": 0,
			"children": [0, 1, 2, 3, 4, 5, 6]
		},
		{
			"name": "iron_bars_post",
			"origin": [8, 8, 8],
			"color": 0,
			"children": []
		},
		{
			"name": "iron_bars_side_alt",
			"origin": [8, 8, 8],
			"color": 0,
			"children": [
				{
					"name": "iron_bars_post",
					"origin": [8, 8, 8],
					"color": 0,
					"children": []
				},
				{
					"name": "iron_bars_post",
					"origin": [8, 8, 8],
					"color": 0,
					"children": []
				}
			]
		}
	]
}