{
	"credit": "Made with Blockbench",
	"textures": {
		"0": "block/jungle_trapdoor",
		"particle": "block/jungle_trapdoor"
	},
	"elements": [
		{
			"from": [0, 0, 0],
			"to": [1, 1, 16],
			"faces": {
				"north": {"uv": [0, 0, 1, 1], "texture": "#0"},
				"east": {"uv": [0, 0, 16, 1], "texture": "#0"},
				"south": {"uv": [0, 0, 1, 1], "texture": "#0"},
				"west": {"uv": [0, 0, 16, 1], "texture": "#0"},
				"up": {"uv": [0, 0, 1, 16], "texture": "#0"},
				"down": {"uv": [0, 0, 1, 16], "texture": "#0"}
			}
		},
		{
			"from": [15, 0, 0],
			"to": [16, 1, 16],
			"faces": {
				"north": {"uv": [0, 0, 1, 1], "texture": "#0"},
				"east": {"uv": [0, 0, 16, 1], "texture": "#0"},
				"south": {"uv": [0, 0, 1, 1], "texture": "#0"},
				"west": {"uv": [0, 0, 16, 1], "texture": "#0"},
				"up": {"uv": [0, 0, 1, 16], "texture": "#0"},
				"down": {"uv": [0, 0, 1, 16], "texture": "#0"}
			}
		},
		{
			"from": [1, 0, 15],
			"to": [15, 1, 16],
			"faces": {
				"north": {"uv": [0, 0, 14, 1], "texture": "#0"},
				"east": {"uv": [0, 0, 1, 1], "texture": "#0"},
				"south": {"uv": [0, 0, 14, 1], "texture": "#0"},
				"west": {"uv": [0, 0, 1, 1], "texture": "#0"},
				"up": {"uv": [0, 0, 14, 1], "texture": "#0"},
				"down": {"uv": [0, 0, 14, 1], "texture": "#0"}
			}
		},
		{
			"from": [1, 0, 0],
			"to": [15, 1, 1],
			"faces": {
				"north": {"uv": [0, 0, 14, 1], "texture": "#0"},
				"east": {"uv": [0, 0, 1, 1], "texture": "#0"},
				"south": {"uv": [0, 0, 14, 1], "texture": "#0"},
				"west": {"uv": [0, 0, 1, 1], "texture": "#0"},
				"up": {"uv": [0, 0, 14, 1], "texture": "#0"},
				"down": {"uv": [0, 0, 14, 1], "texture": "#0"}
			}
		},
		{
			"from": [1, 0.23, 1],
			"to": [15, 0.73, 2.5],
			"faces": {
				"north": {"uv": [0, 0, 14, 0.5], "texture": "#0"},
				"east": {"uv": [0, 0, 1.5, 0.5], "texture": "#0"},
				"south": {"uv": [0, 0, 14, 0.5], "texture": "#0"},
				"west": {"uv": [0, 0, 1.5, 0.5], "texture": "#0"},
				"up": {"uv": [0, 0, 14, 1.5], "texture": "#0"},
				"down": {"uv": [0, 0, 14, 1.5], "texture": "#0"}
			}
		},
		{
			"from": [1, 0.23, 8.5],
			"to": [2, 0.73, 13.5],
			"faces": {
				"north": {"uv": [0, 0, 16, 16], "texture": "#0"},
				"east": {"uv": [0, 0, 16, 16], "texture": "#0"},
				"south": {"uv": [0, 0, 16, 16], "texture": "#0"},
				"west": {"uv": [0, 0, 16, 16], "texture": "#0"},
				"up": {"uv": [0, 4.04688, 3.51563, 7.6875], "texture": "#0"},
				"down": {"uv": [0, 0, 16, 16], "texture": "#0"}
			}
		},
		{
			"from": [14, 0.23, 8.5],
			"to": [15, 0.73, 13.5],
			"faces": {
				"north": {"uv": [0, 4.04688, 3.51563, 7.6875], "texture": "#0"},
				"east": {"uv": [0, 4.04688, 3.51563, 7.6875], "texture": "#0"},
				"south": {"uv": [0, 4.04688, 3.51563, 7.6875], "texture": "#0"},
				"west": {"uv": [0, 4.04688, 3.51563, 7.6875], "texture": "#0"},
				"up": {"uv": [0, 4.04688, 3.51563, 7.6875], "texture": "#0"},
				"down": {"uv": [0, 4.04688, 3.51563, 7.6875], "texture": "#0"}
			}
		},
		{
			"from": [2, 0.233, 9.4],
			"to": [3, 0.733, 13.5],
			"faces": {
				"north": {"uv": [0, 0, 16, 16], "texture": "#0"},
				"east": {"uv": [0, 0, 16, 16], "texture": "#0"},
				"south": {"uv": [0, 0, 16, 16], "texture": "#0"},
				"west": {"uv": [0, 0, 16, 16], "texture": "#0"},
				"up": {"uv": [0, 4.04688, 3.51563, 7.6875], "texture": "#0"},
				"down": {"uv": [0, 0, 16, 16], "texture": "#0"}
			}
		},
		{
			"from": [13, 0.233, 9.4],
			"to": [14, 0.733, 13.5],
			"faces": {
				"north": {"uv": [0, 4.04688, 3.51563, 7.6875], "texture": "#0"},
				"east": {"uv": [0, 4.04688, 3.51563, 7.6875], "texture": "#0"},
				"south": {"uv": [0, 4.04688, 3.51563, 7.6875], "texture": "#0"},
				"west": {"uv": [0, 4.04688, 3.51563, 7.6875], "texture": "#0"},
				"up": {"uv": [0, 4.04688, 3.51563, 7.6875], "texture": "#0"},
				"down": {"uv": [0, 4.04688, 3.51563, 7.6875], "texture": "#0"}
			}
		},
		{
			"from": [3, 0.233, 10.4],
			"to": [4, 0.733, 13.5],
			"faces": {
				"north": {"uv": [0, 0, 16, 16], "texture": "#0"},
				"east": {"uv": [0, 0, 16, 16], "texture": "#0"},
				"south": {"uv": [0, 0, 16, 16], "texture": "#0"},
				"west": {"uv": [0, 0, 16, 16], "texture": "#0"},
				"up": {"uv": [0, 4.04688, 3.51563, 7.6875], "texture": "#0"},
				"down": {"uv": [0, 0, 16, 16], "texture": "#0"}
			}
		},
		{
			"from": [12, 0.233, 10.4],
			"to": [13, 0.733, 13.5],
			"faces": {
				"north": {"uv": [0, 4.04688, 3.51563, 7.6875], "texture": "#0"},
				"east": {"uv": [0, 4.04688, 3.51563, 7.6875], "texture": "#0"},
				"south": {"uv": [0, 4.04688, 3.51563, 7.6875], "texture": "#0"},
				"west": {"uv": [0, 4.04688, 3.51563, 7.6875], "texture": "#0"},
				"up": {"uv": [0, 4.04688, 3.51563, 7.6875], "texture": "#0"},
				"down": {"uv": [0, 4.04688, 3.51563, 7.6875], "texture": "#0"}
			}
		},
		{
			"from": [4, 0.233, 11.4],
			"to": [5, 0.733, 13.5],
			"faces": {
				"north": {"uv": [0, 0, 16, 16], "texture": "#0"},
				"east": {"uv": [0, 0, 16, 16], "texture": "#0"},
				"south": {"uv": [0, 0, 16, 16], "texture": "#0"},
				"west": {"uv": [0, 0, 16, 16], "texture": "#0"},
				"up": {"uv": [0, 4.04688, 3.51563, 7.6875], "texture": "#0"},
				"down": {"uv": [0, 0, 16, 16], "texture": "#0"}
			}
		},
		{
			"from": [11, 0.233, 11.4],
			"to": [12, 0.733, 13.5],
			"faces": {
				"north": {"uv": [0, 4.04688, 3.51563, 7.6875], "texture": "#0"},
				"east": {"uv": [0, 4.04688, 3.51563, 7.6875], "texture": "#0"},
				"south": {"uv": [0, 4.04688, 3.51563, 7.6875], "texture": "#0"},
				"west": {"uv": [0, 4.04688, 3.51563, 7.6875], "texture": "#0"},
				"up": {"uv": [0, 4.04688, 3.51563, 7.6875], "texture": "#0"},
				"down": {"uv": [0, 4.04688, 3.51563, 7.6875], "texture": "#0"}
			}
		},
		{
			"from": [5, 0.233, 12.4],
			"to": [6, 0.733, 13.5],
			"faces": {
				"north": {"uv": [0, 0, 16, 16], "texture": "#0"},
				"east": {"uv": [0, 0, 16, 16], "texture": "#0"},
				"south": {"uv": [0, 0, 16, 16], "texture": "#0"},
				"west": {"uv": [0, 0, 16, 16], "texture": "#0"},
				"up": {"uv": [0, 0, 16, 16], "texture": "#0"},
				"down": {"uv": [0, 0, 16, 16], "texture": "#0"}
			}
		},
		{
			"from": [10, 0.233, 12.4],
			"to": [11, 0.733, 13.5],
			"faces": {
				"north": {"uv": [0, 4.04688, 3.51563, 7.6875], "texture": "#0"},
				"east": {"uv": [0, 4.04688, 3.51563, 7.6875], "texture": "#0"},
				"south": {"uv": [0, 4.04688, 3.51563, 7.6875], "texture": "#0"},
				"west": {"uv": [0, 4.04688, 3.51563, 7.6875], "texture": "#0"},
				"up": {"uv": [0, 4.04688, 3.51563, 7.6875], "texture": "#0"},
				"down": {"uv": [0, 4.04688, 3.51563, 7.6875], "texture": "#0"}
			}
		},
		{
			"from": [1, 0.23, 7.5],
			"to": [15, 0.73, 8.5],
			"rotation": {"angle": 0, "axis": "y", "origin": [-2.5, 7.52, -1.5]},
			"faces": {
				"north": {"uv": [0, 0, 14, 0.5], "texture": "#0"},
				"east": {"uv": [0, 0, 1, 0.5], "texture": "#0"},
				"south": {"uv": [0, 0, 14, 0.5], "texture": "#0"},
				"west": {"uv": [0, 0, 1, 0.5], "texture": "#0"},
				"up": {"uv": [0, 0, 14, 1], "texture": "#0"},
				"down": {"uv": [0, 0, 14, 1], "texture": "#0"}
			}
		},
		{
			"from": [1, 0.235, 12.5],
			"to": [15, 0.735, 15],
			"rotation": {"angle": 0, "axis": "y", "origin": [-2.5, 7.52, -1.5]},
			"faces": {
				"north": {"uv": [0, 0, 14, 0.5], "texture": "#0"},
				"east": {"uv": [0, 0, 2.5, 0.5], "texture": "#0"},
				"south": {"uv": [0, 0, 14, 0.5], "texture": "#0"},
				"west": {"uv": [0, 0, 2.5, 0.5], "texture": "#0"},
				"up": {"uv": [0, 0, 14, 2.5], "texture": "#0"},
				"down": {"uv": [0, 0, 14, 2.5], "texture": "#0"}
			}
		},
		{
			"from": [9, 0.233, 8.5],
			"to": [10, 0.733, 12.5],
			"rotation": {"angle": 0, "axis": "y", "origin": [-2.5, 7.52, -1.5]},
			"faces": {
				"north": {"uv": [0, 0, 1, 0.5], "texture": "#0"},
				"east": {"uv": [0, 0, 4, 0.5], "texture": "#0"},
				"south": {"uv": [0, 0, 1, 0.5], "texture": "#0"},
				"west": {"uv": [0, 0, 4, 0.5], "texture": "#0"},
				"up": {"uv": [0, 0, 1, 4], "texture": "#0"},
				"down": {"uv": [0, 0, 1, 4], "texture": "#0"}
			}
		},
		{
			"from": [15.95, 0.232, -6.73],
			"to": [16.95, 0.732, 0.27],
			"rotation": {"angle": -45, "axis": "y", "origin": [-2.5, 7.52, -1.5]},
			"faces": {
				"north": {"uv": [0, 0, 16, 16], "texture": "#0"},
				"east": {"uv": [0, 0, 16, 16], "texture": "#0"},
				"south": {"uv": [0, 0, 16, 16], "texture": "#0"},
				"west": {"uv": [0, 0, 16, 16], "texture": "#0"},
				"up": {"uv": [0, 0, 16, 16], "texture": "#0"},
				"down": {"uv": [0, 0, 16, 16], "texture": "#0"}
			}
		},
		{
			"from": [-7.05, 0.232, 8.11],
			"to": [-6.05, 0.732, 15.11],
			"rotation": {"angle": 45, "axis": "y", "origin": [-2.5, 7.52, -1.5]},
			"faces": {
				"north": {"uv": [0, 0, 16, 16], "texture": "#0"},
				"east": {"uv": [0, 0, 16, 16], "texture": "#0"},
				"south": {"uv": [0, 0, 16, 16], "texture": "#0"},
				"west": {"uv": [0, 0, 16, 16], "texture": "#0"},
				"up": {"uv": [0, 0, 16, 16], "texture": "#0"},
				"down": {"uv": [0, 0, 16, 16], "texture": "#0"}
			}
		},
		{
			"from": [6, 0.233, 8.5],
			"to": [7, 0.733, 12.5],
			"rotation": {"angle": 0, "axis": "y", "origin": [-2.5, 7.52, -1.5]},
			"faces": {
				"north": {"uv": [0, 0, 1, 0.5], "texture": "#0"},
				"east": {"uv": [0, 0, 4, 0.5], "texture": "#0"},
				"south": {"uv": [0, 0, 1, 0.5], "texture": "#0"},
				"west": {"uv": [0, 0, 4, 0.5], "texture": "#0"},
				"up": {"uv": [0, 0, 1, 4], "texture": "#0"},
				"down": {"uv": [0, 0, 1, 4], "texture": "#0"}
			}
		},
		{
			"from": [9, 0.233, 2.5],
			"to": [10, 0.733, 7.5],
			"rotation": {"angle": 0, "axis": "y", "origin": [-2.5, 7.52, -1.5]},
			"faces": {
				"north": {"uv": [0, 0, 1, 0.5], "texture": "#0"},
				"east": {"uv": [0, 0, 5, 0.5], "texture": "#0"},
				"south": {"uv": [0, 0, 1, 0.5], "texture": "#0"},
				"west": {"uv": [0, 0, 5, 0.5], "texture": "#0"},
				"up": {"uv": [0, 0, 1, 5], "texture": "#0"},
				"down": {"uv": [0, 0, 1, 5], "texture": "#0"}
			}
		},
		{
			"from": [14, 0.23, 3.5],
			"to": [15, 0.73, 7.5],
			"rotation": {"angle": 0, "axis": "y", "origin": [-2.5, 7.52, -1.5]},
			"faces": {
				"north": {"uv": [0, 0, 1, 0.5], "texture": "#0"},
				"east": {"uv": [0, 0, 4, 0.5], "texture": "#0"},
				"south": {"uv": [0, 0, 1, 0.5], "texture": "#0"},
				"west": {"uv": [0, 0, 4, 0.5], "texture": "#0"},
				"up": {"uv": [0, 0, 1, 4], "texture": "#0"},
				"down": {"uv": [0, 0, 1, 4], "texture": "#0"}
			}
		},
		{
			"from": [14, 0.23, 2.5],
			"to": [15, 0.73, 3.5],
			"rotation": {"angle": 0, "axis": "y", "origin": [-2.5, 7.52, -1.5]},
			"faces": {
				"north": {"uv": [0, 4.04688, 1.53125, 6.78125], "texture": "#0"},
				"east": {"uv": [0, 4.04688, 1.53125, 6.78125], "texture": "#0"},
				"south": {"uv": [0, 4.04688, 1.53125, 6.78125], "texture": "#0"},
				"west": {"uv": [0, 4.04688, 1.53125, 6.78125], "texture": "#0"},
				"up": {"uv": [0, 4.04688, 1.53125, 6.78125], "texture": "#0"},
				"down": {"uv": [0, 4.04688, 1.53125, 6.78125], "texture": "#0"}
			}
		},
		{
			"from": [6, 0.233, 2.5],
			"to": [7, 0.733, 7.5],
			"rotation": {"angle": 0, "axis": "y", "origin": [-2.5, 7.52, -1.5]},
			"faces": {
				"north": {"uv": [0, 0, 1, 0.5], "texture": "#0"},
				"east": {"uv": [0, 0, 5, 0.5], "texture": "#0"},
				"south": {"uv": [0, 0, 1, 0.5], "texture": "#0"},
				"west": {"uv": [0, 0, 5, 0.5], "texture": "#0"},
				"up": {"uv": [0, 0, 1, 5], "texture": "#0"},
				"down": {"uv": [0, 0, 1, 5], "texture": "#0"}
			}
		},
		{
			"from": [1, 0.23, 3.5],
			"to": [2, 0.73, 7.5],
			"rotation": {"angle": 0, "axis": "y", "origin": [-2.5, 7.52, -1.5]},
			"faces": {
				"north": {"uv": [0, 0, 1, 0.5], "texture": "#0"},
				"east": {"uv": [0, 0, 4, 0.5], "texture": "#0"},
				"south": {"uv": [0, 0, 1, 0.5], "texture": "#0"},
				"west": {"uv": [0, 0, 4, 0.5], "texture": "#0"},
				"up": {"uv": [0, 0, 1, 4], "texture": "#0"},
				"down": {"uv": [0, 0, 1, 4], "texture": "#0"}
			}
		},
		{
			"from": [1, 0.23, 2.5],
			"to": [2, 0.73, 3.5],
			"rotation": {"angle": 0, "axis": "y", "origin": [-2.5, 7.52, -1.5]},
			"faces": {
				"north": {"uv": [0, 4.04688, 1.53125, 6.78125], "texture": "#0"},
				"east": {"uv": [0, 4.04688, 1.53125, 6.78125], "texture": "#0"},
				"south": {"uv": [0, 4.04688, 1.53125, 6.78125], "texture": "#0"},
				"west": {"uv": [0, 4.04688, 1.53125, 6.78125], "texture": "#0"},
				"up": {"uv": [0, 4.04688, 1.53125, 6.78125], "texture": "#0"},
				"down": {"uv": [0, 4.04688, 1.53125, 6.78125], "texture": "#0"}
			}
		},
		{
			"from": [3.22, 0.235, -2.5],
			"to": [4.22, 0.735, 0.5],
			"rotation": {"angle": -45, "axis": "y", "origin": [-2.5, 7.52, -1.5]},
			"faces": {
				"north": {"uv": [0, 4.04688, 1.53125, 6.78125], "texture": "#0"},
				"east": {"uv": [0, 4.04688, 1.53125, 6.78125], "texture": "#0"},
				"south": {"uv": [0, 4.04688, 1.53125, 6.78125], "texture": "#0"},
				"west": {"uv": [0, 4.04688, 1.53125, 6.78125], "texture": "#0"},
				"up": {"uv": [0, 4.04688, 1.53125, 6.78125], "texture": "#0"},
				"down": {"uv": [0, 4.04688, 1.53125, 6.78125], "texture": "#0"}
			}
		},
		{
			"from": [5.63, 0.235, 11.5],
			"to": [6.63, 0.735, 14.5],
			"rotation": {"angle": 45, "axis": "y", "origin": [-2.5, 7.52, -1.5]},
			"faces": {
				"north": {"uv": [0, 4.04688, 1.53125, 6.78125], "texture": "#0"},
				"east": {"uv": [0, 4.04688, 1.53125, 6.78125], "texture": "#0"},
				"south": {"uv": [0, 4.04688, 1.53125, 6.78125], "texture": "#0"},
				"west": {"uv": [0, 4.04688, 1.53125, 6.78125], "texture": "#0"},
				"up": {"uv": [0, 4.04688, 1.53125, 6.78125], "texture": "#0"},
				"down": {"uv": [0, 4.04688, 1.53125, 6.78125], "texture": "#0"}
			}
		}
	],
	"display": {
		"thirdperson_righthand": {
			"translation": [0, 8.25, 0],
			"scale": [0.27148, 1, 0.29297]
		},
		"thirdperson_lefthand": {
			"translation": [0, 8.25, 0],
			"scale": [0.27148, 1, 0.29297]
		},
		"firstperson_righthand": {
			"rotation": [-131.75, 0, 0],
			"translation": [-6, 5.5, 0],
			"scale": [0.08336, 0.17, 0.10938]
		},
		"firstperson_lefthand": {
			"rotation": [-131.75, 0, 0],
			"translation": [-6, 5.5, 0],
			"scale": [0.08336, 0.17, 0.10938]
		},
		"ground": {
			"translation": [0, 4.25, 0],
			"scale": [0.3457, 1, 0.33008]
		},
		"gui": {
			"rotation": [-89.25, 0, 0]
		},
		"fixed": {
			"rotation": [-89.75, 0, 0],
			"translation": [0, -0.25, -8.5]
		}
	}
}