{
	"credit": "Made with Blockbench",
	"textures": {
		"0": "block/jungle_trapdoor",
		"particle": "block/jungle_trapdoor"
	},
	"elements": [
		{
			"from": [0, 16, 0],
			"to": [1, 17, 16],
			"rotation": {"angle": 0, "axis": "y", "origin": [0, 16, 0]},
			"faces": {
				"north": {"uv": [0, 0, 1, 1], "texture": "#0"},
				"east": {"uv": [0, 0, 16, 1], "texture": "#0"},
				"south": {"uv": [0, 0, 1, 1], "texture": "#0"},
				"west": {"uv": [0, 0, 16, 1], "texture": "#0"},
				"up": {"uv": [0, 0, 1, 16], "texture": "#0"},
				"down": {"uv": [0, 0, 1, 16], "texture": "#0"}
			}
		},
		{
			"from": [15, 16, 0],
			"to": [16, 17, 16],
			"rotation": {"angle": 0, "axis": "y", "origin": [0, 16, 0]},
			"faces": {
				"north": {"uv": [0, 0, 1, 1], "texture": "#0"},
				"east": {"uv": [0, 0, 16, 1], "texture": "#0"},
				"south": {"uv": [0, 0, 1, 1], "texture": "#0"},
				"west": {"uv": [0, 0, 16, 1], "texture": "#0"},
				"up": {"uv": [0, 0, 1, 16], "texture": "#0"},
				"down": {"uv": [0, 0, 1, 16], "texture": "#0"}
			}
		},
		{
			"from": [1, 16, 15],
			"to": [15, 17, 16],
			"rotation": {"angle": 0, "axis": "y", "origin": [0, 16, 0]},
			"faces": {
				"north": {"uv": [0, 0, 14, 1], "texture": "#0"},
				"east": {"uv": [0, 0, 1, 1], "texture": "#0"},
				"south": {"uv": [0, 0, 14, 1], "texture": "#0"},
				"west": {"uv": [0, 0, 1, 1], "texture": "#0"},
				"up": {"uv": [0, 0, 14, 1], "texture": "#0"},
				"down": {"uv": [0, 0, 14, 1], "texture": "#0"}
			}
		},
		{
			"from": [1, 16, 0],
			"to": [15, 17, 1],
			"rotation": {"angle": 0, "axis": "y", "origin": [0, 16, 0]},
			"faces": {
				"north": {"uv": [0, 0, 14, 1], "texture": "#0"},
				"east": {"uv": [0, 0, 1, 1], "texture": "#0"},
				"south": {"uv": [0, 0, 14, 1], "texture": "#0"},
				"west": {"uv": [0, 0, 1, 1], "texture": "#0"},
				"up": {"uv": [0, 0, 14, 1], "texture": "#0"},
				"down": {"uv": [0, 0, 14, 1], "texture": "#0"}
			}
		},
		{
			"from": [1, 16.23, 1],
			"to": [15, 16.73, 2.5],
			"rotation": {"angle": 0, "axis": "y", "origin": [0, 16, 0]},
			"faces": {
				"north": {"uv": [0, 0, 14, 0.5], "texture": "#0"},
				"east": {"uv": [0, 0, 1.5, 0.5], "texture": "#0"},
				"south": {"uv": [0, 0, 14, 0.5], "texture": "#0"},
				"west": {"uv": [0, 0, 1.5, 0.5], "texture": "#0"},
				"up": {"uv": [0, 0, 14, 1.5], "texture": "#0"},
				"down": {"uv": [0, 0, 14, 1.5], "texture": "#0"}
			}
		},
		{
			"from": [1, 16.23, 8.5],
			"to": [2, 16.73, 13.5],
			"rotation": {"angle": 0, "axis": "y", "origin": [0, 16, 0]},
			"faces": {
				"north": {"uv": [0, 0, 16, 16], "texture": "#0"},
				"east": {"uv": [0, 0, 16, 16], "texture": "#0"},
				"south": {"uv": [0, 0, 16, 16], "texture": "#0"},
				"west": {"uv": [0, 0, 16, 16], "texture": "#0"},
				"up": {"uv": [0, 4.04688, 3.51563, 7.6875], "texture": "#0"},
				"down": {"uv": [0, 0, 16, 16], "texture": "#0"}
			}
		},
		{
			"from": [14, 16.23, 8.5],
			"to": [15, 16.73, 13.5],
			"rotation": {"angle": 0, "axis": "y", "origin": [0, 16, 0]},
			"faces": {
				"north": {"uv": [0, 4.04688, 3.51563, 7.6875], "texture": "#0"},
				"east": {"uv": [0, 4.04688, 3.51563, 7.6875], "texture": "#0"},
				"south": {"uv": [0, 4.04688, 3.51563, 7.6875], "texture": "#0"},
				"west": {"uv": [0, 4.04688, 3.51563, 7.6875], "texture": "#0"},
				"up": {"uv": [0, 4.04688, 3.51563, 7.6875], "texture": "#0"},
				"down": {"uv": [0, 4.04688, 3.51563, 7.6875], "texture": "#0"}
			}
		},
		{
			"from": [2, 16.233, 9.4],
			"to": [3, 16.733, 13.5],
			"rotation": {"angle": 0, "axis": "y", "origin": [0, 16, 0]},
			"faces": {
				"north": {"uv": [0, 0, 16, 16], "texture": "#0"},
				"east": {"uv": [0, 0, 16, 16], "texture": "#0"},
				"south": {"uv": [0, 0, 16, 16], "texture": "#0"},
				"west": {"uv": [0, 0, 16, 16], "texture": "#0"},
				"up": {"uv": [0, 4.04688, 3.51563, 7.6875], "texture": "#0"},
				"down": {"uv": [0, 0, 16, 16], "texture": "#0"}
			}
		},
		{
			"from": [13, 16.233, 9.4],
			"to": [14, 16.733, 13.5],
			"rotation": {"angle": 0, "axis": "y", "origin": [0, 16, 0]},
			"faces": {
				"north": {"uv": [0, 4.04688, 3.51563, 7.6875], "texture": "#0"},
				"east": {"uv": [0, 4.04688, 3.51563, 7.6875], "texture": "#0"},
				"south": {"uv": [0, 4.04688, 3.51563, 7.6875], "texture": "#0"},
				"west": {"uv": [0, 4.04688, 3.51563, 7.6875], "texture": "#0"},
				"up": {"uv": [0, 4.04688, 3.51563, 7.6875], "texture": "#0"},
				"down": {"uv": [0, 4.04688, 3.51563, 7.6875], "texture": "#0"}
			}
		},
		{
			"from": [3, 16.233, 10.4],
			"to": [4, 16.733, 13.5],
			"rotation": {"angle": 0, "axis": "y", "origin": [0, 16, 0]},
			"faces": {
				"north": {"uv": [0, 0, 16, 16], "texture": "#0"},
				"east": {"uv": [0, 0, 16, 16], "texture": "#0"},
				"south": {"uv": [0, 0, 16, 16], "texture": "#0"},
				"west": {"uv": [0, 0, 16, 16], "texture": "#0"},
				"up": {"uv": [0, 4.04688, 3.51563, 7.6875], "texture": "#0"},
				"down": {"uv": [0, 0, 16, 16], "texture": "#0"}
			}
		},
		{
			"from": [12, 16.233, 10.4],
			"to": [13, 16.733, 13.5],
			"rotation": {"angle": 0, "axis": "y", "origin": [0, 16, 0]},
			"faces": {
				"north": {"uv": [0, 4.04688, 3.51563, 7.6875], "texture": "#0"},
				"east": {"uv": [0, 4.04688, 3.51563, 7.6875], "texture": "#0"},
				"south": {"uv": [0, 4.04688, 3.51563, 7.6875], "texture": "#0"},
				"west": {"uv": [0, 4.04688, 3.51563, 7.6875], "texture": "#0"},
				"up": {"uv": [0, 4.04688, 3.51563, 7.6875], "texture": "#0"},
				"down": {"uv": [0, 4.04688, 3.51563, 7.6875], "texture": "#0"}
			}
		},
		{
			"from": [4, 16.233, 11.4],
			"to": [5, 16.733, 13.5],
			"rotation": {"angle": 0, "axis": "y", "origin": [0, 16, 0]},
			"faces": {
				"north": {"uv": [0, 0, 16, 16], "texture": "#0"},
				"east": {"uv": [0, 0, 16, 16], "texture": "#0"},
				"south": {"uv": [0, 0, 16, 16], "texture": "#0"},
				"west": {"uv": [0, 0, 16, 16], "texture": "#0"},
				"up": {"uv": [0, 4.04688, 3.51563, 7.6875], "texture": "#0"},
				"down": {"uv": [0, 0, 16, 16], "texture": "#0"}
			}
		},
		{
			"from": [11, 16.233, 11.4],
			"to": [12, 16.733, 13.5],
			"rotation": {"angle": 0, "axis": "y", "origin": [0, 16, 0]},
			"faces": {
				"north": {"uv": [0, 4.04688, 3.51563, 7.6875], "texture": "#0"},
				"east": {"uv": [0, 4.04688, 3.51563, 7.6875], "texture": "#0"},
				"south": {"uv": [0, 4.04688, 3.51563, 7.6875], "texture": "#0"},
				"west": {"uv": [0, 4.04688, 3.51563, 7.6875], "texture": "#0"},
				"up": {"uv": [0, 4.04688, 3.51563, 7.6875], "texture": "#0"},
				"down": {"uv": [0, 4.04688, 3.51563, 7.6875], "texture": "#0"}
			}
		},
		{
			"from": [5, 16.233, 12.4],
			"to": [6, 16.733, 13.5],
			"rotation": {"angle": 0, "axis": "y", "origin": [0, 16, 0]},
			"faces": {
				"north": {"uv": [0, 0, 16, 16], "texture": "#0"},
				"east": {"uv": [0, 0, 16, 16], "texture": "#0"},
				"south": {"uv": [0, 0, 16, 16], "texture": "#0"},
				"west": {"uv": [0, 0, 16, 16], "texture": "#0"},
				"up": {"uv": [0, 0, 16, 16], "texture": "#0"},
				"down": {"uv": [0, 0, 16, 16], "texture": "#0"}
			}
		},
		{
			"from": [10, 16.233, 12.4],
			"to": [11, 16.733, 13.5],
			"rotation": {"angle": 0, "axis": "y", "origin": [0, 16, 0]},
			"faces": {
				"north": {"uv": [0, 4.04688, 3.51563, 7.6875], "texture": "#0"},
				"east": {"uv": [0, 4.04688, 3.51563, 7.6875], "texture": "#0"},
				"south": {"uv": [0, 4.04688, 3.51563, 7.6875], "texture": "#0"},
				"west": {"uv": [0, 4.04688, 3.51563, 7.6875], "texture": "#0"},
				"up": {"uv": [0, 4.04688, 3.51563, 7.6875], "texture": "#0"},
				"down": {"uv": [0, 4.04688, 3.51563, 7.6875], "texture": "#0"}
			}
		},
		{
			"from": [1, 16.23, 7.5],
			"to": [15, 16.73, 8.5],
			"rotation": {"angle": 0, "axis": "y", "origin": [-2.5, 23.52, -1.5]},
			"faces": {
				"north": {"uv": [0, 0, 14, 0.5], "texture": "#0"},
				"east": {"uv": [0, 0, 1, 0.5], "texture": "#0"},
				"south": {"uv": [0, 0, 14, 0.5], "texture": "#0"},
				"west": {"uv": [0, 0, 1, 0.5], "texture": "#0"},
				"up": {"uv": [0, 0, 14, 1], "texture": "#0"},
				"down": {"uv": [0, 0, 14, 1], "texture": "#0"}
			}
		},
		{
			"from": [1, 16.235, 12.5],
			"to": [15, 16.735, 15],
			"rotation": {"angle": 0, "axis": "y", "origin": [-2.5, 23.52, -1.5]},
			"faces": {
				"north": {"uv": [0, 0, 14, 0.5], "texture": "#0"},
				"east": {"uv": [0, 0, 2.5, 0.5], "texture": "#0"},
				"south": {"uv": [0, 0, 14, 0.5], "texture": "#0"},
				"west": {"uv": [0, 0, 2.5, 0.5], "texture": "#0"},
				"up": {"uv": [0, 0, 14, 2.5], "texture": "#0"},
				"down": {"uv": [0, 0, 14, 2.5], "texture": "#0"}
			}
		},
		{
			"from": [9, 16.233, 8.5],
			"to": [10, 16.733, 12.5],
			"rotation": {"angle": 0, "axis": "y", "origin": [-2.5, 23.52, -1.5]},
			"faces": {
				"north": {"uv": [0, 0, 1, 0.5], "texture": "#0"},
				"east": {"uv": [0, 0, 4, 0.5], "texture": "#0"},
				"south": {"uv": [0, 0, 1, 0.5], "texture": "#0"},
				"west": {"uv": [0, 0, 4, 0.5], "texture": "#0"},
				"up": {"uv": [0, 0, 1, 4], "texture": "#0"},
				"down": {"uv": [0, 0, 1, 4], "texture": "#0"}
			}
		},
		{
			"from": [15.95, 16.232, -6.73],
			"to": [16.95, 16.732, 0.27],
			"rotation": {"angle": -45, "axis": "y", "origin": [-2.5, 23.52, -1.5]},
			"faces": {
				"north": {"uv": [0, 0, 16, 16], "texture": "#0"},
				"east": {"uv": [0, 0, 16, 16], "texture": "#0"},
				"south": {"uv": [0, 0, 16, 16], "texture": "#0"},
				"west": {"uv": [0, 0, 16, 16], "texture": "#0"},
				"up": {"uv": [0, 0, 16, 16], "texture": "#0"},
				"down": {"uv": [0, 0, 16, 16], "texture": "#0"}
			}
		},
		{
			"from": [-7.05, 16.232, 8.11],
			"to": [-6.05, 16.732, 15.11],
			"rotation": {"angle": 45, "axis": "y", "origin": [-2.5, 23.52, -1.5]},
			"faces": {
				"north": {"uv": [0, 0, 16, 16], "texture": "#0"},
				"east": {"uv": [0, 0, 16, 16], "texture": "#0"},
				"south": {"uv": [0, 0, 16, 16], "texture": "#0"},
				"west": {"uv": [0, 0, 16, 16], "texture": "#0"},
				"up": {"uv": [0, 0, 16, 16], "texture": "#0"},
				"down": {"uv": [0, 0, 16, 16], "texture": "#0"}
			}
		},
		{
			"from": [6, 16.233, 8.5],
			"to": [7, 16.733, 12.5],
			"rotation": {"angle": 0, "axis": "y", "origin": [-2.5, 23.52, -1.5]},
			"faces": {
				"north": {"uv": [0, 0, 1, 0.5], "texture": "#0"},
				"east": {"uv": [0, 0, 4, 0.5], "texture": "#0"},
				"south": {"uv": [0, 0, 1, 0.5], "texture": "#0"},
				"west": {"uv": [0, 0, 4, 0.5], "texture": "#0"},
				"up": {"uv": [0, 0, 1, 4], "texture": "#0"},
				"down": {"uv": [0, 0, 1, 4], "texture": "#0"}
			}
		},
		{
			"from": [9, 16.233, 2.5],
			"to": [10, 16.733, 7.5],
			"rotation": {"angle": 0, "axis": "y", "origin": [-2.5, 23.52, -1.5]},
			"faces": {
				"north": {"uv": [0, 0, 1, 0.5], "texture": "#0"},
				"east": {"uv": [0, 0, 5, 0.5], "texture": "#0"},
				"south": {"uv": [0, 0, 1, 0.5], "texture": "#0"},
				"west": {"uv": [0, 0, 5, 0.5], "texture": "#0"},
				"up": {"uv": [0, 0, 1, 5], "texture": "#0"},
				"down": {"uv": [0, 0, 1, 5], "texture": "#0"}
			}
		},
		{
			"from": [14, 16.23, 3.5],
			"to": [15, 16.73, 7.5],
			"rotation": {"angle": 0, "axis": "y", "origin": [-2.5, 23.52, -1.5]},
			"faces": {
				"north": {"uv": [0, 0, 1, 0.5], "texture": "#0"},
				"east": {"uv": [0, 0, 4, 0.5], "texture": "#0"},
				"south": {"uv": [0, 0, 1, 0.5], "texture": "#0"},
				"west": {"uv": [0, 0, 4, 0.5], "texture": "#0"},
				"up": {"uv": [0, 0, 1, 4], "texture": "#0"},
				"down": {"uv": [0, 0, 1, 4], "texture": "#0"}
			}
		},
		{
			"from": [14, 16.23, 2.5],
			"to": [15, 16.73, 3.5],
			"rotation": {"angle": 0, "axis": "y", "origin": [-2.5, 23.52, -1.5]},
			"faces": {
				"north": {"uv": [0, 4.04688, 1.53125, 6.78125], "texture": "#0"},
				"east": {"uv": [0, 4.04688, 1.53125, 6.78125], "texture": "#0"},
				"south": {"uv": [0, 4.04688, 1.53125, 6.78125], "texture": "#0"},
				"west": {"uv": [0, 4.04688, 1.53125, 6.78125], "texture": "#0"},
				"up": {"uv": [0, 4.04688, 1.53125, 6.78125], "texture": "#0"},
				"down": {"uv": [0, 4.04688, 1.53125, 6.78125], "texture": "#0"}
			}
		},
		{
			"from": [6, 16.233, 2.5],
			"to": [7, 16.733, 7.5],
			"rotation": {"angle": 0, "axis": "y", "origin": [-2.5, 23.52, -1.5]},
			"faces": {
				"north": {"uv": [0, 0, 1, 0.5], "texture": "#0"},
				"east": {"uv": [0, 0, 5, 0.5], "texture": "#0"},
				"south": {"uv": [0, 0, 1, 0.5], "texture": "#0"},
				"west": {"uv": [0, 0, 5, 0.5], "texture": "#0"},
				"up": {"uv": [0, 0, 1, 5], "texture": "#0"},
				"down": {"uv": [0, 0, 1, 5], "texture": "#0"}
			}
		},
		{
			"from": [1, 16.23, 3.5],
			"to": [2, 16.73, 7.5],
			"rotation": {"angle": 0, "axis": "y", "origin": [-2.5, 23.52, -1.5]},
			"faces": {
				"north": {"uv": [0, 0, 1, 0.5], "texture": "#0"},
				"east": {"uv": [0, 0, 4, 0.5], "texture": "#0"},
				"south": {"uv": [0, 0, 1, 0.5], "texture": "#0"},
				"west": {"uv": [0, 0, 4, 0.5], "texture": "#0"},
				"up": {"uv": [0, 0, 1, 4], "texture": "#0"},
				"down": {"uv": [0, 0, 1, 4], "texture": "#0"}
			}
		},
		{
			"from": [1, 16.23, 2.5],
			"to": [2, 16.73, 3.5],
			"rotation": {"angle": 0, "axis": "y", "origin": [-2.5, 23.52, -1.5]},
			"faces": {
				"north": {"uv": [0, 4.04688, 1.53125, 6.78125], "texture": "#0"},
				"east": {"uv": [0, 4.04688, 1.53125, 6.78125], "texture": "#0"},
				"south": {"uv": [0, 4.04688, 1.53125, 6.78125], "texture": "#0"},
				"west": {"uv": [0, 4.04688, 1.53125, 6.78125], "texture": "#0"},
				"up": {"uv": [0, 4.04688, 1.53125, 6.78125], "texture": "#0"},
				"down": {"uv": [0, 4.04688, 1.53125, 6.78125], "texture": "#0"}
			}
		},
		{
			"from": [3.22, 16.235, -2.5],
			"to": [4.22, 16.735, 0.5],
			"rotation": {"angle": -45, "axis": "y", "origin": [-2.5, 23.52, -1.5]},
			"faces": {
				"north": {"uv": [0, 4.04688, 1.53125, 6.78125], "texture": "#0"},
				"east": {"uv": [0, 4.04688, 1.53125, 6.78125], "texture": "#0"},
				"south": {"uv": [0, 4.04688, 1.53125, 6.78125], "texture": "#0"},
				"west": {"uv": [0, 4.04688, 1.53125, 6.78125], "texture": "#0"},
				"up": {"uv": [0, 4.04688, 1.53125, 6.78125], "texture": "#0"},
				"down": {"uv": [0, 4.04688, 1.53125, 6.78125], "texture": "#0"}
			}
		},
		{
			"from": [5.63, 16.235, 11.5],
			"to": [6.63, 16.735, 14.5],
			"rotation": {"angle": 45, "axis": "y", "origin": [-2.5, 23.52, -1.5]},
			"faces": {
				"north": {"uv": [0, 4.04688, 1.53125, 6.78125], "texture": "#0"},
				"east": {"uv": [0, 4.04688, 1.53125, 6.78125], "texture": "#0"},
				"south": {"uv": [0, 4.04688, 1.53125, 6.78125], "texture": "#0"},
				"west": {"uv": [0, 4.04688, 1.53125, 6.78125], "texture": "#0"},
				"up": {"uv": [0, 4.04688, 1.53125, 6.78125], "texture": "#0"},
				"down": {"uv": [0, 4.04688, 1.53125, 6.78125], "texture": "#0"}
			}
		}
	],
	"groups": [
		{
			"name": "jungle_trapdoor_bottom",
			"origin": [8, 8, 8],
			"color": 0,
			"children": [0, 1, 2, 3, 4, 5, 6, 7, 8, 9, 10, 11, 12, 13, 14, 15, 16, 17, 18, 19, 20, 21, 22, 23, 24, 25, 26, 27, 28]
		}
	]
}