{
	"credit": "Made with Blockbench",
	"textures": {
		"0": "block/jungle_trapdoor",
		"particle": "block/jungle_trapdoor"
	},
	"elements": [
		{
			"from": [0, 0, 15.02],
			"to": [1, 16, 16.02],
			"rotation": {"angle": 0, "axis": "x", "origin": [-2.5, 7.52, -1.5]},
			"faces": {
				"north": {"uv": [0, 0, 1, 16], "rotation": 180, "texture": "#0"},
				"east": {"uv": [0, 0, 16, 1], "rotation": 90, "texture": "#0"},
				"south": {"uv": [0, 0, 1, 16], "texture": "#0"},
				"west": {"uv": [0, 0, 16, 1], "rotation": 270, "texture": "#0"},
				"up": {"uv": [0, 0, 1, 1], "texture": "#0"},
				"down": {"uv": [0, 0, 1, 1], "rotation": 180, "texture": "#0"}
			}
		},
		{
			"from": [15, 0, 15.02],
			"to": [16, 16, 16.02],
			"rotation": {"angle": 0, "axis": "x", "origin": [-2.5, 7.52, -1.5]},
			"faces": {
				"north": {"uv": [0, 0, 1, 16], "rotation": 180, "texture": "#0"},
				"east": {"uv": [0, 0, 16, 1], "rotation": 90, "texture": "#0"},
				"south": {"uv": [0, 0, 1, 16], "texture": "#0"},
				"west": {"uv": [0, 0, 16, 1], "rotation": 270, "texture": "#0"},
				"up": {"uv": [0, 0, 1, 1], "texture": "#0"},
				"down": {"uv": [0, 0, 1, 1], "rotation": 180, "texture": "#0"}
			}
		},
		{
			"from": [1, 15, 15.02],
			"to": [15, 16, 16.02],
			"rotation": {"angle": 0, "axis": "x", "origin": [-2.5, 7.52, -1.5]},
			"faces": {
				"north": {"uv": [0, 0, 14, 1], "rotation": 180, "texture": "#0"},
				"east": {"uv": [0, 0, 1, 1], "rotation": 90, "texture": "#0"},
				"south": {"uv": [0, 0, 14, 1], "texture": "#0"},
				"west": {"uv": [0, 0, 1, 1], "rotation": 270, "texture": "#0"},
				"up": {"uv": [0, 0, 14, 1], "texture": "#0"},
				"down": {"uv": [0, 0, 14, 1], "rotation": 180, "texture": "#0"}
			}
		},
		{
			"from": [1, 0, 15.02],
			"to": [15, 1, 16.02],
			"rotation": {"angle": 0, "axis": "x", "origin": [-2.5, 7.52, -1.5]},
			"faces": {
				"north": {"uv": [0, 0, 14, 1], "rotation": 180, "texture": "#0"},
				"east": {"uv": [0, 0, 1, 1], "rotation": 90, "texture": "#0"},
				"south": {"uv": [0, 0, 14, 1], "texture": "#0"},
				"west": {"uv": [0, 0, 1, 1], "rotation": 270, "texture": "#0"},
				"up": {"uv": [0, 0, 14, 1], "texture": "#0"},
				"down": {"uv": [0, 0, 14, 1], "rotation": 180, "texture": "#0"}
			}
		},
		{
			"from": [1, 1.02, 15.29],
			"to": [15, 2.52, 15.79],
			"rotation": {"angle": 0, "axis": "x", "origin": [-2.5, 7.52, -1.5]},
			"faces": {
				"north": {"uv": [0, 0, 14, 1.5], "rotation": 180, "texture": "#0"},
				"east": {"uv": [0, 0, 1.5, 0.5], "rotation": 90, "texture": "#0"},
				"south": {"uv": [0, 0, 14, 1.5], "texture": "#0"},
				"west": {"uv": [0, 0, 1.5, 0.5], "rotation": 270, "texture": "#0"},
				"up": {"uv": [0, 0, 14, 0.5], "texture": "#0"},
				"down": {"uv": [0, 0, 14, 0.5], "rotation": 180, "texture": "#0"}
			}
		},
		{
			"from": [1, 8.52, 15.29],
			"to": [2, 13.52, 15.79],
			"rotation": {"angle": 0, "axis": "x", "origin": [-2.5, 7.52, -1.5]},
			"faces": {
				"north": {"uv": [0, 4.04688, 3.51563, 7.6875], "rotation": 180, "texture": "#0"},
				"east": {"uv": [0, 0, 16, 16], "rotation": 90, "texture": "#0"},
				"south": {"uv": [0, 0, 16, 16], "texture": "#0"},
				"west": {"uv": [0, 0, 16, 16], "rotation": 270, "texture": "#0"},
				"up": {"uv": [0, 0, 16, 16], "texture": "#0"},
				"down": {"uv": [0, 0, 16, 16], "rotation": 180, "texture": "#0"}
			}
		},
		{
			"from": [14, 8.52, 15.29],
			"to": [15, 13.52, 15.79],
			"rotation": {"angle": 0, "axis": "x", "origin": [-2.5, 7.52, -1.5]},
			"faces": {
				"north": {"uv": [0, 4.04688, 1, 9.04688], "rotation": 180, "texture": "#0"},
				"east": {"uv": [0, 4.04688, 5, 4.54688], "rotation": 90, "texture": "#0"},
				"south": {"uv": [0, 4.04688, 1, 9.04688], "texture": "#0"},
				"west": {"uv": [0, 4.04688, 5, 4.54688], "rotation": 270, "texture": "#0"},
				"up": {"uv": [0, 4.04688, 1, 4.54688], "texture": "#0"},
				"down": {"uv": [0, 4.04688, 1, 4.54688], "rotation": 180, "texture": "#0"}
			}
		},
		{
			"from": [2, 9.42, 15.287],
			"to": [3, 13.52, 15.787],
			"rotation": {"angle": 0, "axis": "x", "origin": [-2.5, 7.52, -1.5]},
			"faces": {
				"north": {"uv": [0, 4.04688, 3.51563, 7.6875], "rotation": 180, "texture": "#0"},
				"east": {"uv": [0, 0, 16, 16], "rotation": 90, "texture": "#0"},
				"south": {"uv": [0, 0, 16, 16], "texture": "#0"},
				"west": {"uv": [0, 0, 16, 16], "rotation": 270, "texture": "#0"},
				"up": {"uv": [0, 0, 16, 16], "texture": "#0"},
				"down": {"uv": [0, 0, 16, 16], "rotation": 180, "texture": "#0"}
			}
		},
		{
			"from": [13, 9.42, 15.287],
			"to": [14, 13.52, 15.787],
			"rotation": {"angle": 0, "axis": "x", "origin": [-2.5, 7.52, -1.5]},
			"faces": {
				"north": {"uv": [0, 4.04688, 1, 8.14687], "rotation": 180, "texture": "#0"},
				"east": {"uv": [0, 4.04688, 4.1, 4.54688], "rotation": 90, "texture": "#0"},
				"south": {"uv": [0, 4.04688, 1, 8.14687], "texture": "#0"},
				"west": {"uv": [0, 4.04688, 4.1, 4.54688], "rotation": 270, "texture": "#0"},
				"up": {"uv": [0, 4.04688, 1, 4.54688], "texture": "#0"},
				"down": {"uv": [0, 4.04688, 1, 4.54688], "rotation": 180, "texture": "#0"}
			}
		},
		{
			"from": [3, 10.42, 15.287],
			"to": [4, 13.52, 15.787],
			"rotation": {"angle": 0, "axis": "x", "origin": [-2.5, 7.52, -1.5]},
			"faces": {
				"north": {"uv": [0, 4.04688, 3.51563, 7.6875], "rotation": 180, "texture": "#0"},
				"east": {"uv": [0, 0, 16, 16], "rotation": 90, "texture": "#0"},
				"south": {"uv": [0, 0, 16, 16], "texture": "#0"},
				"west": {"uv": [0, 0, 16, 16], "rotation": 270, "texture": "#0"},
				"up": {"uv": [0, 0, 16, 16], "texture": "#0"},
				"down": {"uv": [0, 0, 16, 16], "rotation": 180, "texture": "#0"}
			}
		},
		{
			"from": [12, 10.42, 15.287],
			"to": [13, 13.52, 15.787],
			"rotation": {"angle": 0, "axis": "x", "origin": [-2.5, 7.52, -1.5]},
			"faces": {
				"north": {"uv": [0, 4.04688, 1, 7.14687], "rotation": 180, "texture": "#0"},
				"east": {"uv": [0, 4.04688, 3.1, 4.54688], "rotation": 90, "texture": "#0"},
				"south": {"uv": [0, 4.04688, 1, 7.14687], "texture": "#0"},
				"west": {"uv": [0, 4.04688, 3.1, 4.54688], "rotation": 270, "texture": "#0"},
				"up": {"uv": [0, 4.04688, 1, 4.54688], "texture": "#0"},
				"down": {"uv": [0, 4.04688, 1, 4.54688], "rotation": 180, "texture": "#0"}
			}
		},
		{
			"from": [4, 11.42, 15.287],
			"to": [5, 13.52, 15.787],
			"rotation": {"angle": 0, "axis": "x", "origin": [-2.5, 7.52, -1.5]},
			"faces": {
				"north": {"uv": [0, 4.04688, 3.51563, 7.6875], "rotation": 180, "texture": "#0"},
				"east": {"uv": [0, 0, 16, 16], "rotation": 90, "texture": "#0"},
				"south": {"uv": [0, 0, 16, 16], "texture": "#0"},
				"west": {"uv": [0, 0, 16, 16], "rotation": 270, "texture": "#0"},
				"up": {"uv": [0, 0, 16, 16], "texture": "#0"},
				"down": {"uv": [0, 0, 16, 16], "rotation": 180, "texture": "#0"}
			}
		},
		{
			"from": [11, 11.42, 15.287],
			"to": [12, 13.52, 15.787],
			"rotation": {"angle": 0, "axis": "x", "origin": [-2.5, 7.52, -1.5]},
			"faces": {
				"north": {"uv": [0, 4.04688, 1, 6.14687], "rotation": 180, "texture": "#0"},
				"east": {"uv": [0, 4.04688, 2.1, 4.54688], "rotation": 90, "texture": "#0"},
				"south": {"uv": [0, 4.04688, 1, 6.14687], "texture": "#0"},
				"west": {"uv": [0, 4.04688, 2.1, 4.54688], "rotation": 270, "texture": "#0"},
				"up": {"uv": [0, 4.04688, 1, 4.54688], "texture": "#0"},
				"down": {"uv": [0, 4.04688, 1, 4.54688], "rotation": 180, "texture": "#0"}
			}
		},
		{
			"from": [5, 12.42, 15.287],
			"to": [6, 13.52, 15.787],
			"rotation": {"angle": 0, "axis": "x", "origin": [-2.5, 7.52, -1.5]},
			"faces": {
				"north": {"uv": [0, 0, 16, 16], "rotation": 180, "texture": "#0"},
				"east": {"uv": [0, 0, 16, 16], "rotation": 90, "texture": "#0"},
				"south": {"uv": [0, 0, 16, 16], "texture": "#0"},
				"west": {"uv": [0, 0, 16, 16], "rotation": 270, "texture": "#0"},
				"up": {"uv": [0, 0, 16, 16], "texture": "#0"},
				"down": {"uv": [0, 0, 16, 16], "rotation": 180, "texture": "#0"}
			}
		},
		{
			"from": [10, 12.42, 15.287],
			"to": [11, 13.52, 15.787],
			"rotation": {"angle": 0, "axis": "x", "origin": [-2.5, 7.52, -1.5]},
			"faces": {
				"north": {"uv": [0, 4.04688, 1, 5.14687], "rotation": 180, "texture": "#0"},
				"east": {"uv": [0, 4.04688, 1.1, 4.54688], "rotation": 90, "texture": "#0"},
				"south": {"uv": [0, 4.04688, 1, 5.14687], "texture": "#0"},
				"west": {"uv": [0, 4.04688, 1.1, 4.54688], "rotation": 270, "texture": "#0"},
				"up": {"uv": [0, 4.04688, 1, 4.54688], "texture": "#0"},
				"down": {"uv": [0, 4.04688, 1, 4.54688], "rotation": 180, "texture": "#0"}
			}
		},
		{
			"from": [1, 7.52, 15.29],
			"to": [15, 8.52, 15.79],
			"rotation": {"angle": 0, "axis": "x", "origin": [-2.5, 7.52, -1.5]},
			"faces": {
				"north": {"uv": [0, 0, 14, 1], "rotation": 180, "texture": "#0"},
				"east": {"uv": [0, 0, 1, 0.5], "rotation": 90, "texture": "#0"},
				"south": {"uv": [0, 0, 14, 1], "texture": "#0"},
				"west": {"uv": [0, 0, 1, 0.5], "rotation": 270, "texture": "#0"},
				"up": {"uv": [0, 0, 14, 0.5], "texture": "#0"},
				"down": {"uv": [0, 0, 14, 0.5], "rotation": 180, "texture": "#0"}
			}
		},
		{
			"from": [1, 12.52, 15.285],
			"to": [15, 15.02, 15.785],
			"rotation": {"angle": 0, "axis": "x", "origin": [-2.5, 7.52, -1.5]},
			"faces": {
				"north": {"uv": [0, 0, 14, 2.5], "rotation": 180, "texture": "#0"},
				"east": {"uv": [0, 0, 2.5, 0.5], "rotation": 90, "texture": "#0"},
				"south": {"uv": [0, 0, 14, 2.5], "texture": "#0"},
				"west": {"uv": [0, 0, 2.5, 0.5], "rotation": 270, "texture": "#0"},
				"up": {"uv": [0, 0, 14, 0.5], "texture": "#0"},
				"down": {"uv": [0, 0, 14, 0.5], "rotation": 180, "texture": "#0"}
			}
		},
		{
			"from": [9, 8.52, 15.287],
			"to": [10, 12.52, 15.787],
			"rotation": {"angle": 0, "axis": "x", "origin": [-2.5, 7.52, -1.5]},
			"faces": {
				"north": {"uv": [0, 0, 1, 4], "rotation": 180, "texture": "#0"},
				"east": {"uv": [0, 0, 4, 0.5], "rotation": 90, "texture": "#0"},
				"south": {"uv": [0, 0, 1, 4], "texture": "#0"},
				"west": {"uv": [0, 0, 4, 0.5], "rotation": 270, "texture": "#0"},
				"up": {"uv": [0, 0, 1, 0.5], "texture": "#0"},
				"down": {"uv": [0, 0, 1, 0.5], "rotation": 180, "texture": "#0"}
			}
		},
		{
			"from": [9.83, -3.71, 15.288],
			"to": [10.83, 3.29, 15.788],
			"rotation": {"angle": 45, "axis": "z", "origin": [-2.5, 7.52, -1.5]},
			"faces": {
				"north": {"uv": [0, 0, 1, 7], "rotation": 180, "texture": "#0"},
				"east": {"uv": [0, 0, 7, 0.5], "rotation": 90, "texture": "#0"},
				"south": {"uv": [0, 0, 1, 7], "texture": "#0"},
				"west": {"uv": [0, 0, 7, 0.5], "rotation": 270, "texture": "#0"},
				"up": {"uv": [0, 0, 1, 0.5], "texture": "#0"},
				"down": {"uv": [0, 0, 1, 0.5], "rotation": 180, "texture": "#0"}
			}
		},
		{
			"from": [-1, 10.13, 15.288],
			"to": [0, 17.13, 15.788],
			"rotation": {"angle": -45, "axis": "z", "origin": [-2.5, 7.52, -1.5]},
			"faces": {
				"north": {"uv": [0, 0, 16, 16], "rotation": 180, "texture": "#0"},
				"east": {"uv": [0, 0, 16, 16], "rotation": 90, "texture": "#0"},
				"south": {"uv": [0, 0, 16, 16], "texture": "#0"},
				"west": {"uv": [0, 0, 16, 16], "rotation": 270, "texture": "#0"},
				"up": {"uv": [0, 0, 16, 16], "texture": "#0"},
				"down": {"uv": [0, 0, 16, 16], "rotation": 180, "texture": "#0"}
			}
		},
		{
			"from": [6, 8.52, 15.287],
			"to": [7, 12.52, 15.787],
			"rotation": {"angle": 0, "axis": "x", "origin": [-2.5, 7.52, -1.5]},
			"faces": {
				"north": {"uv": [0, 0, 1, 4], "rotation": 180, "texture": "#0"},
				"east": {"uv": [0, 0, 4, 0.5], "rotation": 90, "texture": "#0"},
				"south": {"uv": [0, 0, 1, 4], "texture": "#0"},
				"west": {"uv": [0, 0, 4, 0.5], "rotation": 270, "texture": "#0"},
				"up": {"uv": [0, 0, 1, 0.5], "texture": "#0"},
				"down": {"uv": [0, 0, 1, 0.5], "rotation": 180, "texture": "#0"}
			}
		},
		{
			"from": [9, 2.52, 15.287],
			"to": [10, 7.52, 15.787],
			"rotation": {"angle": 0, "axis": "x", "origin": [-2.5, 7.52, -1.5]},
			"faces": {
				"north": {"uv": [0, 0, 1, 5], "rotation": 180, "texture": "#0"},
				"east": {"uv": [0, 0, 5, 0.5], "rotation": 90, "texture": "#0"},
				"south": {"uv": [0, 0, 1, 5], "texture": "#0"},
				"west": {"uv": [0, 0, 5, 0.5], "rotation": 270, "texture": "#0"},
				"up": {"uv": [0, 0, 1, 0.5], "texture": "#0"},
				"down": {"uv": [0, 0, 1, 0.5], "rotation": 180, "texture": "#0"}
			}
		},
		{
			"from": [14, 3.52, 15.29],
			"to": [15, 7.52, 15.79],
			"rotation": {"angle": 0, "axis": "x", "origin": [-2.5, 7.52, -1.5]},
			"faces": {
				"north": {"uv": [0, 0, 1, 4], "rotation": 180, "texture": "#0"},
				"east": {"uv": [0, 0, 4, 0.5], "rotation": 90, "texture": "#0"},
				"south": {"uv": [0, 0, 1, 4], "texture": "#0"},
				"west": {"uv": [0, 0, 4, 0.5], "rotation": 270, "texture": "#0"},
				"up": {"uv": [0, 0, 1, 0.5], "texture": "#0"},
				"down": {"uv": [0, 0, 1, 0.5], "rotation": 180, "texture": "#0"}
			}
		},
		{
			"from": [14, 2.52, 15.29],
			"to": [15, 3.52, 15.79],
			"rotation": {"angle": 0, "axis": "x", "origin": [-2.5, 7.52, -1.5]},
			"faces": {
				"north": {"uv": [0, 4.04688, 1.53125, 6.78125], "rotation": 180, "texture": "#0"},
				"east": {"uv": [0, 4.04688, 1.53125, 6.78125], "rotation": 90, "texture": "#0"},
				"south": {"uv": [0, 4.04688, 1.53125, 6.78125], "texture": "#0"},
				"west": {"uv": [0, 4.04688, 1.53125, 6.78125], "rotation": 270, "texture": "#0"},
				"up": {"uv": [0, 4.04688, 1.53125, 6.78125], "texture": "#0"},
				"down": {"uv": [0, 4.04688, 1.53125, 6.78125], "rotation": 180, "texture": "#0"}
			}
		},
		{
			"from": [6, 2.52, 15.287],
			"to": [7, 7.52, 15.787],
			"rotation": {"angle": 0, "axis": "x", "origin": [-2.5, 7.52, -1.5]},
			"faces": {
				"north": {"uv": [0, 0, 1, 5], "rotation": 180, "texture": "#0"},
				"east": {"uv": [0, 0, 5, 0.5], "rotation": 90, "texture": "#0"},
				"south": {"uv": [0, 0, 1, 5], "texture": "#0"},
				"west": {"uv": [0, 0, 5, 0.5], "rotation": 270, "texture": "#0"},
				"up": {"uv": [0, 0, 1, 0.5], "texture": "#0"},
				"down": {"uv": [0, 0, 1, 0.5], "rotation": 180, "texture": "#0"}
			}
		},
		{
			"from": [1, 3.52, 15.29],
			"to": [2, 7.52, 15.79],
			"rotation": {"angle": 0, "axis": "x", "origin": [-2.5, 7.52, -1.5]},
			"faces": {
				"north": {"uv": [0, 0, 1, 4], "rotation": 180, "texture": "#0"},
				"east": {"uv": [0, 0, 4, 0.5], "rotation": 90, "texture": "#0"},
				"south": {"uv": [0, 0, 1, 4], "texture": "#0"},
				"west": {"uv": [0, 0, 4, 0.5], "rotation": 270, "texture": "#0"},
				"up": {"uv": [0, 0, 1, 0.5], "texture": "#0"},
				"down": {"uv": [0, 0, 1, 0.5], "rotation": 180, "texture": "#0"}
			}
		},
		{
			"from": [1, 2.52, 15.29],
			"to": [2, 3.52, 15.79],
			"rotation": {"angle": 0, "axis": "x", "origin": [-2.5, 7.52, -1.5]},
			"faces": {
				"north": {"uv": [0, 4.04688, 1.53125, 6.78125], "rotation": 180, "texture": "#0"},
				"east": {"uv": [0, 4.04688, 1.53125, 6.78125], "rotation": 90, "texture": "#0"},
				"south": {"uv": [0, 4.04688, 1.53125, 6.78125], "texture": "#0"},
				"west": {"uv": [0, 4.04688, 1.53125, 6.78125], "rotation": 270, "texture": "#0"},
				"up": {"uv": [0, 4.04688, 1.53125, 6.78125], "texture": "#0"},
				"down": {"uv": [0, 4.04688, 1.53125, 6.78125], "rotation": 180, "texture": "#0"}
			}
		},
		{
			"from": [-2.85, -0.48, 15.285],
			"to": [-1.85, 2.52, 15.785],
			"rotation": {"angle": 45, "axis": "z", "origin": [-2.5, 7.52, -1.5]},
			"faces": {
				"north": {"uv": [0, 4.04688, 1.53125, 6.78125], "rotation": 180, "texture": "#0"},
				"east": {"uv": [0, 4.04688, 1.53125, 6.78125], "rotation": 90, "texture": "#0"},
				"south": {"uv": [0, 4.04688, 1.53125, 6.78125], "texture": "#0"},
				"west": {"uv": [0, 4.04688, 1.53125, 6.78125], "rotation": 270, "texture": "#0"},
				"up": {"uv": [0, 4.04688, 1.53125, 6.78125], "texture": "#0"},
				"down": {"uv": [0, 4.04688, 1.53125, 6.78125], "rotation": 180, "texture": "#0"}
			}
		},
		{
			"from": [11.7, 14.52, 15.285],
			"to": [12.7, 17.52, 15.785],
			"rotation": {"angle": -45, "axis": "z", "origin": [-2.5, 7.52, -1.5]},
			"faces": {
				"north": {"uv": [0, 4.04688, 1.53125, 6.78125], "rotation": 180, "texture": "#0"},
				"east": {"uv": [0, 4.04688, 1.53125, 6.78125], "rotation": 90, "texture": "#0"},
				"south": {"uv": [0, 4.04688, 1.53125, 6.78125], "texture": "#0"},
				"west": {"uv": [0, 4.04688, 1.53125, 6.78125], "rotation": 270, "texture": "#0"},
				"up": {"uv": [0, 4.04688, 1.53125, 6.78125], "texture": "#0"},
				"down": {"uv": [0, 4.04688, 1.53125, 6.78125], "rotation": 180, "texture": "#0"}
			}
		}
	]
}