{
	"credit": "Made with Blockbench",
	"textures": {
		"0": "block/lantern",
		"particle": "block/lantern"
	},
	"elements": [
		{
			"from": [4.75, 0.5, 7.75],
			"to": [5.25, 8.5, 8.25],
			"rotation": {"angle": 0, "axis": "y", "origin": [7.75, 4, 7.75]},
			"faces": {
				"north": {"uv": [0, 0, 2.09375, 16], "texture": "#0"},
				"east": {"uv": [0, 0, 2.09375, 16], "texture": "#0"},
				"south": {"uv": [0, 0, 2.09375, 16], "texture": "#0"},
				"west": {"uv": [0, 0, 2.09375, 16], "texture": "#0"},
				"up": {"uv": [0, 0, 2.09375, 16], "texture": "#0"},
				"down": {"uv": [0, 0, 2.09375, 16], "texture": "#0"}
			}
		},
		{
			"from": [7.75, 0.5, 10.25],
			"to": [8.25, 8.5, 10.75],
			"rotation": {"angle": -45, "axis": "y", "origin": [7.75, 4, 7.75]},
			"faces": {
				"north": {"uv": [0, 0, 2.09375, 16], "texture": "#0"},
				"east": {"uv": [0, 0, 2.09375, 16], "texture": "#0"},
				"south": {"uv": [0, 0, 2.09375, 16], "texture": "#0"},
				"west": {"uv": [0, 0, 2.09375, 16], "texture": "#0"},
				"up": {"uv": [0, 0, 2.09375, 16], "texture": "#0"},
				"down": {"uv": [0, 0, 2.09375, 16], "texture": "#0"}
			}
		},
		{
			"from": [7.5, 0.5, 10.25],
			"to": [8, 8.5, 10.75],
			"rotation": {"angle": 0, "axis": "y", "origin": [7.75, 4, 7.75]},
			"faces": {
				"north": {"uv": [0, 0, 2.09375, 16], "texture": "#0"},
				"east": {"uv": [0, 0, 2.09375, 16], "texture": "#0"},
				"south": {"uv": [0, 0, 2.09375, 16], "texture": "#0"},
				"west": {"uv": [0, 0, 2.09375, 16], "texture": "#0"},
				"up": {"uv": [0, 0, 2.09375, 16], "texture": "#0"},
				"down": {"uv": [0, 0, 2.09375, 16], "texture": "#0"}
			}
		},
		{
			"from": [7.75, 0.5, 10.25],
			"to": [8.25, 8.5, 10.75],
			"rotation": {"angle": 45, "axis": "y", "origin": [7.75, 4, 7.75]},
			"faces": {
				"north": {"uv": [0, 0, 2.09375, 16], "texture": "#0"},
				"east": {"uv": [0, 0, 2.09375, 16], "texture": "#0"},
				"south": {"uv": [0, 0, 2.09375, 16], "texture": "#0"},
				"west": {"uv": [0, 0, 2.09375, 16], "texture": "#0"},
				"up": {"uv": [0, 0, 2.09375, 16], "texture": "#0"},
				"down": {"uv": [0, 0, 2.09375, 16], "texture": "#0"}
			}
		},
		{
			"from": [10.25, 0.5, 7.25],
			"to": [10.75, 8.5, 7.75],
			"rotation": {"angle": 0, "axis": "y", "origin": [7.75, 4, 7.75]},
			"faces": {
				"north": {"uv": [0, 0, 2.09375, 16], "texture": "#0"},
				"east": {"uv": [0, 0, 2.09375, 16], "texture": "#0"},
				"south": {"uv": [0, 0, 2.09375, 16], "texture": "#0"},
				"west": {"uv": [0, 0, 2.09375, 16], "texture": "#0"},
				"up": {"uv": [0, 0, 2.09375, 16], "texture": "#0"},
				"down": {"uv": [0, 0, 2.09375, 16], "texture": "#0"}
			}
		},
		{
			"from": [10.25, 0.5, 7.25],
			"to": [10.75, 8.5, 7.75],
			"rotation": {"angle": 45, "axis": "y", "origin": [7.75, 4, 7.75]},
			"faces": {
				"north": {"uv": [0, 0, 2.09375, 16], "texture": "#0"},
				"east": {"uv": [0, 0, 2.09375, 16], "texture": "#0"},
				"south": {"uv": [0, 0, 2.09375, 16], "texture": "#0"},
				"west": {"uv": [0, 0, 2.09375, 16], "texture": "#0"},
				"up": {"uv": [0, 0, 2.09375, 16], "texture": "#0"},
				"down": {"uv": [0, 0, 2.09375, 16], "texture": "#0"}
			}
		},
		{
			"from": [7.5, 0.5, 4.75],
			"to": [8, 8.5, 5.25],
			"rotation": {"angle": 0, "axis": "y", "origin": [7.75, 4, 7.75]},
			"faces": {
				"north": {"uv": [0, 0, 2.09375, 16], "texture": "#0"},
				"east": {"uv": [0, 0, 2.09375, 16], "texture": "#0"},
				"south": {"uv": [0, 0, 2.09375, 16], "texture": "#0"},
				"west": {"uv": [0, 0, 2.09375, 16], "texture": "#0"},
				"up": {"uv": [0, 0, 2.09375, 16], "texture": "#0"},
				"down": {"uv": [0, 0, 2.09375, 16], "texture": "#0"}
			}
		},
		{
			"from": [7.25, 0.5, 4.75],
			"to": [7.75, 8.5, 5.25],
			"rotation": {"angle": 45, "axis": "y", "origin": [7.75, 4, 7.75]},
			"faces": {
				"north": {"uv": [0, 0, 2.09375, 16], "texture": "#0"},
				"east": {"uv": [0, 0, 2.09375, 16], "texture": "#0"},
				"south": {"uv": [0, 0, 2.09375, 16], "texture": "#0"},
				"west": {"uv": [0, 0, 2.09375, 16], "texture": "#0"},
				"up": {"uv": [0, 0, 2.09375, 16], "texture": "#0"},
				"down": {"uv": [0, 0, 2.09375, 16], "texture": "#0"}
			}
		},
		{
			"from": [4.5, 0, 4.5],
			"to": [11, 0.5, 11],
			"rotation": {"angle": 0, "axis": "y", "origin": [6.95, 16.25, 6.25]},
			"faces": {
				"north": {"uv": [3.96875, 8, 7.125, 8.9375], "texture": "#0"},
				"east": {"uv": [3.96875, 8, 7.125, 8.9375], "texture": "#0"},
				"south": {"uv": [3.96875, 8, 7.125, 8.9375], "texture": "#0"},
				"west": {"uv": [3.96875, 8, 7.125, 8.9375], "texture": "#0"},
				"up": {"uv": [2.5, 0, 9.71875, 7.4375], "texture": "#0"},
				"down": {"uv": [2.5, 0, 9.71875, 7.4375], "texture": "#0"}
			}
		},
		{
			"from": [4.5, 8.5, 4.5],
			"to": [11, 9, 11],
			"rotation": {"angle": 0, "axis": "y", "origin": [6.95, 16.25, 6.25]},
			"faces": {
				"north": {"uv": [3.96875, 8, 7.125, 8.9375], "texture": "#0"},
				"east": {"uv": [3.96875, 8, 7.125, 8.9375], "texture": "#0"},
				"south": {"uv": [3.96875, 8, 7.125, 8.9375], "texture": "#0"},
				"west": {"uv": [3.96875, 8, 7.125, 8.9375], "texture": "#0"},
				"up": {"uv": [2.5, 0, 9.71875, 7.4375], "texture": "#0"},
				"down": {"uv": [2.5, 0, 9.71875, 7.4375], "texture": "#0"}
			}
		},
		{
			"from": [7.5, 0.5, 6.2],
			"to": [9.5, 8.5, 8.2],
			"rotation": {"angle": 45, "axis": "y", "origin": [8.75, 12.5, 8.5]},
			"faces": {
				"north": {"uv": [9.875, 0, 16, 14.09375], "texture": "#0"},
				"east": {"uv": [9.875, 0, 16, 14.09375], "texture": "#0"},
				"south": {"uv": [9.875, 0, 16, 14.09375], "texture": "#0"},
				"west": {"uv": [9.875, 0, 16, 14.09375], "texture": "#0"},
				"up": {"uv": [9.875, 0, 16, 14.09375], "texture": "#0"},
				"down": {"uv": [9.875, 0, 16, 14.09375], "texture": "#0"}
			}
		}
	],
	"display": {
		"thirdperson_righthand": {
			"translation": [0, 3, 0],
			"scale": [0.54883, 0.7832, 0.62305]
		},
		"thirdperson_lefthand": {
			"translation": [0, 3, 0],
			"scale": [0.54883, 0.7832, 0.62305]
		},
		"firstperson_righthand": {
			"translation": [0, 7, 2],
			"scale": [0.63867, 0.7832, 0.62305]
		},
		"firstperson_lefthand": {
			"translation": [0, 7, 2],
			"scale": [0.63867, 0.7832, 0.62305]
		},
		"ground": {
			"translation": [0, 3.25, -0.25],
			"scale": [0.63867, 0.7832, 0.62305]
		},
		"gui": {
			"translation": [0, 4.5, 0],
			"scale": [1.19336, 1.42578, 1]
		},
		"fixed": {
			"translation": [0, 5.5, 0],
			"scale": [1.35742, 1.66211, 1.375]
		}
	}
}