{
	"credit": "Made with Blockbench",
	"textures": {
		"1": "block/large_fern_bottom",
		"2": "block/large_fern_extra"
	},
	"elements": [
		{
			"from": [0, 0, 8],
			"to": [16, 16, 8],
			"rotation": {"angle": 0, "axis": "y", "origin": [7.5, 7.5, 8]},
			"faces": {
				"north": {"uv": [0, 0, 16, 16], "texture": "#1"},
				"east": {"uv": [0, 0, 0, 16], "texture": "#1"},
				"south": {"uv": [0, 0, 16, 16], "texture": "#1"},
				"west": {"uv": [0, 0, 0, 16], "texture": "#1"},
				"up": {"uv": [0, 0, 16, 0], "texture": "#1"},
				"down": {"uv": [0, 0, 16, 0], "texture": "#1"}
			}
		},
		{
			"from": [0, 0.5, 5.5],
			"to": [16, 0.5, 21.5],
			"rotation": {"angle": -22.5, "axis": "x", "origin": [7.5, 7.5, 8]},
			"faces": {
				"north": {"uv": [0, 0, 16, 0], "rotation": 180, "texture": "#2"},
				"east": {"uv": [0, 0, 0, 16], "rotation": 270, "texture": "#2"},
				"south": {"uv": [0, 0, 16, 0], "texture": "#2"},
				"west": {"uv": [0, 0, 0, 16], "rotation": 90, "texture": "#2"},
				"up": {"uv": [0, 0, 16, 16], "rotation": 180, "texture": "#2"},
				"down": {"uv": [0, 0, 16, 16], "texture": "#2"}
			}
		},
		{
			"from": [7.5, 0, 0.5],
			"to": [7.5, 16, 16.5],
			"rotation": {"angle": 0, "axis": "y", "origin": [7.5, 7.5, 8]},
			"faces": {
				"north": {"uv": [0, 0, 0, 16], "texture": "#1"},
				"east": {"uv": [0, 0, 16, 16], "texture": "#1"},
				"south": {"uv": [0, 0, 0, 16], "texture": "#1"},
				"west": {"uv": [0, 0, 16, 16], "texture": "#1"},
				"up": {"uv": [0, 0, 16, 0], "rotation": 90, "texture": "#1"},
				"down": {"uv": [0, 0, 16, 0], "rotation": 270, "texture": "#1"}
			}
		},
		{
			"from": [5, 0.5, 0.5],
			"to": [21, 0.5, 16.5],
			"rotation": {"angle": 22.5, "axis": "z", "origin": [7.5, 7.5, 8]},
			"faces": {
				"north": {"uv": [0, 0, 0, 16], "rotation": 270, "texture": "#2"},
				"east": {"uv": [0, 0, 16, 0], "rotation": 180, "texture": "#2"},
				"south": {"uv": [0, 0, 0, 16], "rotation": 90, "texture": "#2"},
				"west": {"uv": [0, 0, 16, 0], "texture": "#2"},
				"up": {"uv": [0, 0, 16, 16], "rotation": 90, "texture": "#2"},
				"down": {"uv": [0, 0, 16, 16], "rotation": 90, "texture": "#2"}
			}
		},
		{
			"from": [-5, 1.5, 0.5],
			"to": [11, 1.5, 16.5],
			"rotation": {"angle": -22.5, "axis": "z", "origin": [7.5, 7.5, 8]},
			"faces": {
				"north": {"uv": [0, 0, 0, 16], "rotation": 90, "texture": "#2"},
				"east": {"uv": [0, 0, 16, 0], "rotation": 180, "texture": "#2"},
				"south": {"uv": [0, 0, 0, 16], "rotation": 270, "texture": "#2"},
				"west": {"uv": [0, 0, 16, 0], "texture": "#2"},
				"up": {"uv": [0, 0, 16, 16], "rotation": 270, "texture": "#2"},
				"down": {"uv": [0, 0, 16, 16], "rotation": 270, "texture": "#2"}
			}
		},
		{
			"from": [0, 1.5, -4.5],
			"to": [16, 1.5, 11.5],
			"rotation": {"angle": 22.5, "axis": "x", "origin": [7.5, 7.5, 8]},
			"faces": {
				"north": {"uv": [0, 0, 16, 0], "rotation": 180, "texture": "#2"},
				"east": {"uv": [0, 0, 0, 16], "rotation": 90, "texture": "#2"},
				"south": {"uv": [0, 0, 16, 0], "texture": "#2"},
				"west": {"uv": [0, 0, 0, 16], "rotation": 270, "texture": "#2"},
				"up": {"uv": [0, 0, 16, 16], "texture": "#2"},
				"down": {"uv": [0, 0, 16, 16], "rotation": 180, "texture": "#2"}
			}
		}
	]
}