{
	"credit": "Made with Blockbench",
	"textures": {
		"0": "block/fence_wood",
		"particle": "block/fence_wood"
	},
	"elements": [
		{
			"name": "Center post",
			"from": [6, 0, 6],
			"to": [10, 16, 10],
			"faces": {
				"north": {"uv": [0, 0, 4.59375, 16], "texture": "#0"},
				"east": {"uv": [6, 0, 10, 16], "texture": "#0"},
				"south": {"uv": [6, 0, 10, 16], "texture": "#0"},
				"west": {"uv": [6, 0, 10, 16], "texture": "#0"},
				"up": {"uv": [6, 6, 10, 10], "texture": "#0", "cullface": "up"},
				"down": {"uv": [6, 6, 10, 10], "texture": "#0", "cullface": "down"}
			}
		}
	],
	"groups": [
		{
			"name": "oak_fence_post",
			"origin": [8, 8, 8],
			"color": 0,
			"children": [0]
		},
		{
			"name": "oak_fence_post",
			"origin": [8, 8, 8],
			"color": 0,
			"children": []
		}
	]
}