{
	"credit": "Made with Blockbench",
	"parent": "block/block",
	"ambientocclusion": false,
	"textures": {
		"particle": "block/fence_wood",
		"texture": "block/fence_wood"
	},
	"elements": [
		{
			"name": "Left-hand post",
			"from": [0, 0, 7],
			"to": [2, 16, 9],
			"faces": {
				"north": {"uv": [0, 0, 2, 11], "texture": "#texture"},
				"east": {"uv": [7, 0, 9, 11], "texture": "#texture"},
				"south": {"uv": [0, 0, 2, 11], "texture": "#texture"},
				"west": {"uv": [7, 0, 9, 11], "texture": "#texture", "cullface": "west"},
				"up": {"uv": [0, 7, 2, 9], "texture": "#texture"},
				"down": {"uv": [0, 7, 2, 9], "texture": "#texture"}
			}
		},
		{
			"name": "Right-hand post",
			"from": [14, 0, 7],
			"to": [16, 16, 9],
			"faces": {
				"north": {"uv": [14, 0, 16, 11], "texture": "#texture"},
				"east": {"uv": [7, 0, 9, 11], "texture": "#texture", "cullface": "east"},
				"south": {"uv": [14, 0, 16, 11], "texture": "#texture"},
				"west": {"uv": [7, 0, 9, 11], "texture": "#texture"},
				"up": {"uv": [14, 7, 16, 9], "texture": "#texture"},
				"down": {"uv": [14, 7, 16, 9], "texture": "#texture"}
			}
		},
		{
			"name": "Inner vertical post of left-hand gate door",
			"from": [0, 2, 13],
			"to": [2, 13, 15],
			"faces": {
				"north": {"uv": [0, 0, 3.375, 4.8125], "texture": "#texture"},
				"east": {"uv": [0, 0, 3.375, 4.8125], "texture": "#texture"},
				"south": {"uv": [0, 0, 3.375, 4.8125], "texture": "#texture"},
				"west": {"uv": [0, 0, 3.375, 4.8125], "texture": "#texture"},
				"up": {"uv": [0, 0, 3.375, 4.8125], "rotation": 90, "texture": "#texture"},
				"down": {"uv": [0, 0, 3.375, 4.8125], "rotation": 270, "texture": "#texture"}
			}
		},
		{
			"name": "Inner vertical post of right-hand gate door",
			"from": [14, 2, 13],
			"to": [16, 13, 15],
			"faces": {
				"north": {"uv": [0, 0, 3.375, 4.8125], "texture": "#texture"},
				"east": {"uv": [0, 0, 3.375, 4.8125], "texture": "#texture"},
				"south": {"uv": [0, 0, 3.375, 4.8125], "texture": "#texture"},
				"west": {"uv": [0, 0, 3.375, 4.8125], "texture": "#texture"},
				"up": {"uv": [0, 0, 3.375, 4.8125], "rotation": 270, "texture": "#texture"},
				"down": {"uv": [0, 0, 3.375, 4.8125], "rotation": 90, "texture": "#texture"}
			}
		},
		{
			"name": "Lower horizontal bar of left-hand gate door",
			"from": [0, 2, 9],
			"to": [2, 5, 13],
			"faces": {
				"north": {"uv": [0, 0, 4.84375, 1.53125], "texture": "#texture"},
				"east": {"uv": [0, 0, 4.84375, 1.53125], "texture": "#texture"},
				"south": {"uv": [0, 0, 4.84375, 1.53125], "texture": "#texture"},
				"west": {"uv": [0, 0, 4.84375, 1.53125], "texture": "#texture"},
				"up": {"uv": [0, 0, 4.84375, 1.53125], "rotation": 90, "texture": "#texture"},
				"down": {"uv": [0, 0, 4.84375, 1.53125], "rotation": 270, "texture": "#texture"}
			}
		},
		{
			"name": "Upper horizontal bar of left-hand gate door",
			"from": [0, 10, 9],
			"to": [2, 13, 13],
			"faces": {
				"north": {"uv": [0, 0, 4.84375, 1.53125], "texture": "#texture"},
				"east": {"uv": [0, 0, 4.84375, 1.53125], "texture": "#texture"},
				"south": {"uv": [0, 0, 4.84375, 1.53125], "texture": "#texture"},
				"west": {"uv": [0, 0, 4.84375, 1.53125], "texture": "#texture"},
				"up": {"uv": [0, 0, 4.84375, 1.53125], "rotation": 90, "texture": "#texture"},
				"down": {"uv": [0, 0, 4.84375, 1.53125], "rotation": 270, "texture": "#texture"}
			}
		},
		{
			"name": "Lower horizontal bar of right-hand gate door",
			"from": [14, 2, 9],
			"to": [16, 5, 13],
			"faces": {
				"north": {"uv": [0, 0, 4.84375, 1.53125], "texture": "#texture"},
				"east": {"uv": [0, 0, 4.84375, 1.53125], "texture": "#texture"},
				"south": {"uv": [0, 0, 4.84375, 1.53125], "texture": "#texture"},
				"west": {"uv": [0, 0, 4.84375, 1.53125], "texture": "#texture"},
				"up": {"uv": [0, 0, 4.84375, 1.53125], "rotation": 270, "texture": "#texture"},
				"down": {"uv": [0, 0, 4.84375, 1.53125], "rotation": 90, "texture": "#texture"}
			}
		},
		{
			"name": "Upper horizontal bar of right-hand gate door",
			"from": [14, 10, 9],
			"to": [16, 13, 13],
			"faces": {
				"north": {"uv": [0, 0, 4.84375, 1.53125], "texture": "#texture"},
				"east": {"uv": [0, 0, 4.84375, 1.53125], "texture": "#texture"},
				"south": {"uv": [0, 0, 4.84375, 1.53125], "texture": "#texture"},
				"west": {"uv": [0, 0, 4.84375, 1.53125], "texture": "#texture"},
				"up": {"uv": [0, 0, 4.84375, 1.53125], "rotation": 270, "texture": "#texture"},
				"down": {"uv": [0, 0, 4.84375, 1.53125], "rotation": 90, "texture": "#texture"}
			}
		}
	],
	"display": {
		"gui": {
			"rotation": [30, 135, 0],
			"scale": [0.625, 0.625, 0.625]
		},
		"head": {
			"translation": [0, -3, -6]
		},
		"fixed": {
			"rotation": [0, 90, 0],
			"scale": [0.5, 0.5, 0.5]
		}
	},
	"groups": [
		{
			"name": "template_fence_gate",
			"origin": [8, 8, 8],
			"color": 0,
			"children": [0, 1, 2, 3, 4, 5, 6, 7]
		}
	]
}