{
	"credit": "Made with Blockbench",
	"textures": {
		"2": "block/fence_wood",
		"particle": "block/fence_wood"
	},
	"elements": [
		{
			"name": "Center post",
			"from": [6, -2, 0],
			"to": [10, 0, 4],
			"faces": {
				"north": {"uv": [6, 0, 10, 1], "texture": "#2"},
				"east": {"uv": [6, 0, 10, 1], "texture": "#2"},
				"south": {"uv": [6, 0, 10, 1], "texture": "#2"},
				"west": {"uv": [6, 0, 10.03125, 2.375], "texture": "#2"},
				"up": {"uv": [6, 0, 10, 1], "texture": "#2"},
				"down": {"uv": [6, 0, 10, 1], "texture": "#2"}
			}
		},
		{
			"name": "Center post",
			"from": [6, -2, 12],
			"to": [10, 0, 16],
			"faces": {
				"north": {"uv": [6, 0, 10, 1], "texture": "#2"},
				"east": {"uv": [6, 0, 10, 1], "texture": "#2"},
				"south": {"uv": [6, 0, 10, 1], "texture": "#2"},
				"west": {"uv": [6, 0, 10.03125, 2.375], "texture": "#2"},
				"up": {"uv": [6, 0, 10, 1], "texture": "#2"},
				"down": {"uv": [6, 0, 10, 1], "texture": "#2"}
			}
		},
		{
			"name": "top bar",
			"from": [7, 12, -2],
			"to": [9, 15, 18],
			"faces": {
				"north": {"uv": [0, 0, 9, 3], "texture": "#2"},
				"east": {"uv": [0, 0, 9, 3], "texture": "#2"},
				"south": {"uv": [0, 0, 9, 3], "texture": "#2"},
				"west": {"uv": [0, 0, 9, 3], "texture": "#2"},
				"up": {"uv": [0.03125, 9.3125, 16, 9.3125], "texture": "#2"},
				"down": {"uv": [0.03125, 9.3125, 16, 9.3125], "texture": "#2"}
			}
		},
		{
			"name": "lower bar",
			"from": [7, 8, -2],
			"to": [9, 11, 18],
			"faces": {
				"north": {"uv": [0, 0, 9, 3], "texture": "#2"},
				"east": {"uv": [0, 0, 9, 3], "texture": "#2"},
				"south": {"uv": [0, 0, 9, 3], "texture": "#2"},
				"west": {"uv": [0, 0, 9, 3], "texture": "#2"},
				"up": {"uv": [0.03125, 9.3125, 16, 9.3125], "texture": "#2"},
				"down": {"uv": [0.03125, 9.3125, 16, 9.3125], "texture": "#2"}
			}
		},
		{
			"name": "lower bar",
			"from": [7, 4, -2],
			"to": [9, 7, 18],
			"faces": {
				"north": {"uv": [0, 0, 9, 3], "texture": "#2"},
				"east": {"uv": [0, 0, 9, 3], "texture": "#2"},
				"south": {"uv": [0, 0, 9, 3], "texture": "#2"},
				"west": {"uv": [0, 0, 9, 3], "texture": "#2"},
				"up": {"uv": [0.03125, 9.3125, 16, 9.3125], "texture": "#2"},
				"down": {"uv": [0.03125, 9.3125, 16, 9.3125], "texture": "#2"}
			}
		},
		{
			"name": "lower bar",
			"from": [7, 0.01, -2],
			"to": [9, 3.01, 18],
			"faces": {
				"north": {"uv": [0, 0, 9, 3], "texture": "#2"},
				"east": {"uv": [0, 0, 9, 3], "texture": "#2"},
				"south": {"uv": [0, 0, 9, 3], "texture": "#2"},
				"west": {"uv": [0, 0, 9, 3], "texture": "#2"},
				"up": {"uv": [0.03125, 9.3125, 16, 9.3125], "texture": "#2"},
				"down": {"uv": [0.03125, 9.3125, 16, 9.3125], "texture": "#2"}
			}
		},
		{
			"name": "Center post",
			"from": [6, 0, 0],
			"to": [10, 16, 4],
			"faces": {
				"north": {"uv": [0, 0, 4.59375, 16], "texture": "#2"},
				"east": {"uv": [6, 0, 10, 16], "texture": "#2"},
				"south": {"uv": [6, 0, 10, 16], "texture": "#2"},
				"west": {"uv": [6, 0, 10, 16], "texture": "#2"},
				"up": {"uv": [6, 6, 10, 10], "texture": "#2", "cullface": "up"},
				"down": {"uv": [6, 6, 10, 10], "texture": "#2", "cullface": "down"}
			}
		},
		{
			"name": "Center post",
			"from": [6, 0, 12],
			"to": [10, 16, 16],
			"rotation": {"angle": 0, "axis": "y", "origin": [0, 0, 12]},
			"faces": {
				"north": {"uv": [0, 0, 4.59375, 16], "texture": "#2"},
				"east": {"uv": [6, 0, 10, 16], "texture": "#2"},
				"south": {"uv": [6, 0, 10, 16], "texture": "#2"},
				"west": {"uv": [6, 0, 10, 16], "texture": "#2"},
				"up": {"uv": [6, 6, 10, 10], "texture": "#2", "cullface": "up"},
				"down": {"uv": [6, 6, 10, 10], "texture": "#2", "cullface": "down"}
			}
		}
	],
	"display": {
		"thirdperson_righthand": {
			"scale": [1, 0.25781, 0.24609]
		},
		"thirdperson_lefthand": {
			"scale": [1, 0.25781, 0.24609]
		},
		"firstperson_righthand": {
			"rotation": [0, 20.5, 0],
			"scale": [1, 1.1582, 0.58984]
		},
		"firstperson_lefthand": {
			"rotation": [0, 20.5, 0],
			"scale": [1, 1.1582, 0.58984]
		},
		"gui": {
			"rotation": [0, 122.75, 0],
			"translation": [0.25, 1, 0],
			"scale": [1, 0.8125, 0.79297]
		},
		"fixed": {
			"rotation": [0, 86.75, 0],
			"translation": [0, 0.75, 0]
		}
	},
	"groups": [
		0,
		1,
		{
			"name": "oak_fence_post",
			"origin": [8, 8, 8],
			"color": 0,
			"children": []
		},
		{
			"name": "oak_fence_post",
			"origin": [8, 8, 8],
			"color": 0,
			"children": []
		},
		{
			"name": "oak_fence_inventory",
			"origin": [8, 8, 8],
			"color": 0,
			"children": [
				2,
				3,
				4,
				5,
				{
					"name": "fence_post",
					"origin": [8, 8, 8],
					"color": 0,
					"children": []
				},
				{
					"name": "fence_post",
					"origin": [8, 8, 8],
					"color": 0,
					"children": [6, 7]
				}
			]
		}
	]
}