{
	"credit": "Made with Blockbench",
	"textures": {
		"0": "block/fence_wood",
		"particle": "block/fence_wood"
	},
	"elements": [
		{
			"name": "top bar",
			"from": [7, 12, 0],
			"to": [9, 15, 9],
			"faces": {
				"north": {"uv": [0, 0, 9, 3], "texture": "#0"},
				"east": {"uv": [0, 0, 9, 3], "texture": "#0"},
				"south": {"uv": [0, 0, 9, 3], "texture": "#0"},
				"west": {"uv": [0, 0, 9, 3], "texture": "#0"},
				"up": {"uv": [0.03125, 9.3125, 16, 9.3125], "texture": "#0"},
				"down": {"uv": [0.03125, 9.3125, 16, 9.3125], "texture": "#0"}
			}
		},
		{
			"name": "lower bar",
			"from": [7, 8, 0],
			"to": [9, 11, 9],
			"faces": {
				"north": {"uv": [0, 0, 9, 3], "texture": "#0"},
				"east": {"uv": [0, 0, 9, 3], "texture": "#0"},
				"south": {"uv": [0, 0, 9, 3], "texture": "#0"},
				"west": {"uv": [0, 0, 9, 3], "texture": "#0"},
				"up": {"uv": [0.03125, 9.3125, 16, 9.3125], "texture": "#0"},
				"down": {"uv": [0.03125, 9.3125, 16, 9.3125], "texture": "#0"}
			}
		},
		{
			"name": "lower bar",
			"from": [7, 4, 0],
			"to": [9, 7, 9],
			"faces": {
				"north": {"uv": [0, 0, 9, 3], "texture": "#0"},
				"east": {"uv": [0, 0, 9, 3], "texture": "#0"},
				"south": {"uv": [0, 0, 9, 3], "texture": "#0"},
				"west": {"uv": [0, 0, 9, 3], "texture": "#0"},
				"up": {"uv": [0.03125, 9.3125, 16, 9.3125], "texture": "#0"},
				"down": {"uv": [0.03125, 9.3125, 16, 9.3125], "texture": "#0"}
			}
		},
		{
			"name": "lower bar",
			"from": [7, 0.01, 0],
			"to": [9, 3.01, 9],
			"faces": {
				"north": {"uv": [0, 0, 9, 3], "texture": "#0"},
				"east": {"uv": [0, 0, 9, 3], "texture": "#0"},
				"south": {"uv": [0, 0, 9, 3], "texture": "#0"},
				"west": {"uv": [0, 0, 9, 3], "texture": "#0"},
				"up": {"uv": [0.03125, 9.3125, 16, 9.3125], "texture": "#0"},
				"down": {"uv": [0.03125, 9.3125, 16, 9.3125], "texture": "#0"}
			}
		}
	],
	"groups": [
		0,
		1,
		2,
		3,
		{
			"name": "fence_post",
			"origin": [8, 8, 8],
			"color": 0,
			"children": []
		}
	]
}