{
	"credit": "Made with Blockbench",
	"parent": "block/block",
	"ambientocclusion": false,
	"textures": {
		"texture": "block/fence_wood"
	},
	"elements": [
		{
			"name": "Right-hand post",
			"from": [10, 3, 7.5],
			"to": [15, 13, 8.5],
			"rotation": {"angle": 0, "axis": "y", "origin": [-5, 1, 0.5]},
			"faces": {
				"north": {"uv": [0, 0, 8, 16], "texture": "#texture"},
				"east": {"uv": [7, 0, 9.98438, 16], "texture": "#texture", "cullface": "east"},
				"south": {"uv": [0, 0, 8, 16], "texture": "#texture"},
				"west": {"uv": [7, 0, 9.98438, 16], "texture": "#texture", "cullface": "east"},
				"up": {"uv": [12.71875, 4.32813, 16, 4.70313], "texture": "#texture"},
				"down": {"uv": [12.71875, 4.32813, 16, 4.70313], "texture": "#texture"}
			}
		},
		{
			"name": "Right-hand post",
			"from": [15, 3, 7.5],
			"to": [16, 13, 8.5],
			"rotation": {"angle": 0, "axis": "y", "origin": [-5, 1, 0.5]},
			"faces": {
				"north": {"uv": [3.375, 5.23438, 6.75, 14.65625], "texture": "#texture"},
				"east": {"uv": [3.375, 5.23438, 6.75, 14.65625], "texture": "#texture"},
				"south": {"uv": [3.375, 5.23438, 6.75, 14.65625], "texture": "#texture"},
				"west": {"uv": [3.375, 5.23438, 6.75, 14.65625], "texture": "#texture"},
				"up": {"uv": [3.375, 5.23438, 6.75, 14.65625], "texture": "#texture"},
				"down": {"uv": [3.375, 5.23438, 6.75, 14.65625], "texture": "#texture"}
			}
		},
		{
			"name": "Right-hand post",
			"from": [0, 3, 7.5],
			"to": [1, 13, 8.5],
			"rotation": {"angle": 0, "axis": "y", "origin": [-5, 1, 0.5]},
			"faces": {
				"north": {"uv": [3.375, 5.23438, 6.75, 14.65625], "texture": "#texture"},
				"east": {"uv": [3.375, 5.23438, 6.75, 14.65625], "texture": "#texture"},
				"south": {"uv": [3.375, 5.23438, 6.75, 14.65625], "texture": "#texture"},
				"west": {"uv": [3.375, 5.23438, 6.75, 14.65625], "texture": "#texture"},
				"up": {"uv": [3.375, 5.23438, 6.75, 14.65625], "texture": "#texture"},
				"down": {"uv": [3.375, 5.23438, 6.75, 14.65625], "texture": "#texture"}
			}
		},
		{
			"name": "Right-hand post",
			"from": [1, 3, 7.5],
			"to": [6, 13, 8.5],
			"rotation": {"angle": 0, "axis": "y", "origin": [-5, 1, 0.5]},
			"faces": {
				"north": {"uv": [0, 0, 8, 16], "texture": "#texture"},
				"east": {"uv": [7, 0, 9.98438, 16], "texture": "#texture", "cullface": "east"},
				"south": {"uv": [0, 0, 8, 16], "texture": "#texture"},
				"west": {"uv": [7, 0, 9.98438, 16], "texture": "#texture", "cullface": "east"},
				"up": {"uv": [12.71875, 4.32813, 16, 4.70313], "texture": "#texture"},
				"down": {"uv": [12.71875, 4.32813, 16, 4.70313], "texture": "#texture"}
			}
		},
		{
			"name": "Inner vertical post of left-hand gate door",
			"from": [6, 3, 7],
			"to": [8, 13, 9],
			"rotation": {"angle": 0, "axis": "y", "origin": [0, 1, 0]},
			"faces": {
				"north": {"uv": [3.375, 5.23438, 6.75, 14.65625], "texture": "#texture"},
				"east": {"uv": [3.375, 5.23438, 6.75, 14.65625], "texture": "#texture"},
				"south": {"uv": [3.375, 5.23438, 6.75, 14.65625], "texture": "#texture"},
				"west": {"uv": [3.375, 5.23438, 6.75, 14.65625], "texture": "#texture"},
				"up": {"uv": [3.375, 5.23438, 6.75, 14.65625], "texture": "#texture"},
				"down": {"uv": [3.375, 5.23438, 6.75, 14.65625], "texture": "#texture"}
			}
		},
		{
			"name": "Inner vertical post of right-hand gate door",
			"from": [8, 3, 7],
			"to": [10, 13, 9],
			"rotation": {"angle": 0, "axis": "y", "origin": [0, 1, 0]},
			"faces": {
				"north": {"uv": [3.375, 5.23438, 6.75, 14.65625], "texture": "#texture"},
				"east": {"uv": [3.375, 5.23438, 6.75, 14.65625], "texture": "#texture"},
				"south": {"uv": [3.375, 5.23438, 6.75, 14.65625], "texture": "#texture"},
				"west": {"uv": [3.375, 5.23438, 6.75, 14.65625], "texture": "#texture"},
				"up": {"uv": [3.375, 5.23438, 6.75, 14.65625], "texture": "#texture"},
				"down": {"uv": [3.375, 5.23438, 6.75, 14.65625], "texture": "#texture"}
			}
		}
	],
	"display": {
		"gui": {
			"rotation": [30, 135, 0],
			"scale": [0.625, 0.625, 0.625]
		},
		"head": {
			"translation": [0, -3, -6]
		},
		"fixed": {
			"rotation": [0, 90, 0],
			"scale": [0.5, 0.5, 0.5]
		}
	},
	"groups": [
		{
			"name": "template_fence_gate",
			"origin": [8, 8, 8],
			"color": 0,
			"children": [0, 1, 2, 3, 4, 5]
		}
	]
}