{
	"credit": "Made with Blockbench",
	"parent": "minecraft:item/generic_rail_display",
	"textures": {
		"0": "block/rail",
		"2": "block/powered_rail",
		"3": "block/powered_rail_on",
		"particle": "block/rail"
	},
	"elements": [
		{
			"from": [11, 14, -7],
			"to": [12, 14.5, 16],
			"rotation": {"angle": 45, "axis": "x", "origin": [7, 7, 0]},
			"faces": {
				"north": {"uv": [0, 0, 16, 15.9375], "rotation": 270, "texture": "#2"},
				"east": {"uv": [0, 0, 16, 15.9375], "rotation": 270, "texture": "#2"},
				"south": {"uv": [0, 0, 16, 15.9375], "rotation": 270, "texture": "#2"},
				"west": {"uv": [0, 0, 16, 15.9375], "rotation": 270, "texture": "#2"},
				"up": {"uv": [0, 0, 16, 15.9375], "rotation": 270, "texture": "#2"},
				"down": {"uv": [0, 0, 16, 15.9375], "rotation": 270, "texture": "#2"}
			}
		},
		{
			"from": [4, 14, -7],
			"to": [5, 14.5, 16],
			"rotation": {"angle": 45, "axis": "x", "origin": [7, 7, 0]},
			"faces": {
				"north": {"uv": [0, 0, 16, 15.9375], "rotation": 270, "texture": "#2"},
				"east": {"uv": [0, 0, 16, 15.9375], "rotation": 270, "texture": "#2"},
				"south": {"uv": [0, 0, 16, 15.9375], "rotation": 270, "texture": "#2"},
				"west": {"uv": [0, 0, 16, 15.9375], "rotation": 270, "texture": "#2"},
				"up": {"uv": [0, 0, 16, 15.9375], "rotation": 270, "texture": "#2"},
				"down": {"uv": [0, 0, 16, 15.9375], "rotation": 270, "texture": "#2"}
			}
		},
		{
			"from": [7, 13.001, -7],
			"to": [9, 14.001, 16],
			"rotation": {"angle": 45, "axis": "x", "origin": [7, 7, 0]},
			"faces": {
				"north": {"uv": [3, 0, 2.90625, 16], "texture": "#3"},
				"east": {"uv": [3, 0, 2.90625, 16], "texture": "#3"},
				"south": {"uv": [3, 0, 2.90625, 16], "texture": "#3"},
				"west": {"uv": [3, 0, 2.90625, 16], "texture": "#3"},
				"up": {"uv": [3, 0, 5, 16], "texture": "#3"},
				"down": {"uv": [3, 0, 5, 16], "texture": "#3"}
			}
		},
		{
			"from": [1, 10, -6],
			"to": [15, 11, -4],
			"rotation": {"angle": 45, "axis": "x", "origin": [0, 0, 0]},
			"faces": {
				"north": {"uv": [1.32813, 2.25, 16, 3.89063], "texture": "#0"},
				"east": {"uv": [1.32813, 2.25, 16, 3.89063], "texture": "#0"},
				"south": {"uv": [1.32813, 2.25, 16, 3.89063], "texture": "#0"},
				"west": {"uv": [1.32813, 2.25, 16, 3.89063], "texture": "#0"},
				"up": {"uv": [1.32813, 2.25, 16, 3.89063], "texture": "#0"},
				"down": {"uv": [1.32813, 2.25, 16, 3.89063], "texture": "#0"}
			}
		},
		{
			"from": [1, 10, -2],
			"to": [15, 11, 0],
			"rotation": {"angle": 45, "axis": "x", "origin": [0, 0, 0]},
			"faces": {
				"north": {"uv": [1.32813, 0.8125, 16, 2.45313], "texture": "#0"},
				"east": {"uv": [1.32813, 0.8125, 16, 2.45313], "texture": "#0"},
				"south": {"uv": [1.32813, 0.8125, 16, 2.45313], "texture": "#0"},
				"west": {"uv": [1.32813, 0.8125, 16, 2.45313], "texture": "#0"},
				"up": {"uv": [1.32813, 0.8125, 16, 2.45313], "texture": "#0"},
				"down": {"uv": [1.32813, 0.8125, 16, 2.45313], "texture": "#0"}
			}
		},
		{
			"from": [1, 10, 2],
			"to": [15, 11, 4],
			"rotation": {"angle": 45, "axis": "x", "origin": [0, 0, 0]},
			"faces": {
				"north": {"uv": [1.32813, 2.25, 16, 3.89063], "texture": "#0"},
				"east": {"uv": [1.32813, 2.25, 16, 3.89063], "texture": "#0"},
				"south": {"uv": [1.32813, 2.25, 16, 3.89063], "texture": "#0"},
				"west": {"uv": [1.32813, 2.25, 16, 3.89063], "texture": "#0"},
				"up": {"uv": [1.32813, 2.25, 16, 3.89063], "texture": "#0"},
				"down": {"uv": [1.32813, 2.25, 16, 3.89063], "texture": "#0"}
			}
		},
		{
			"from": [1, 10, 6],
			"to": [15, 11, 8],
			"rotation": {"angle": 45, "axis": "x", "origin": [0, 0, 0]},
			"faces": {
				"north": {"uv": [1.32813, 0.8125, 16, 2.45313], "texture": "#0"},
				"east": {"uv": [1.32813, 0.8125, 16, 2.45313], "texture": "#0"},
				"south": {"uv": [1.32813, 0.8125, 16, 2.45313], "texture": "#0"},
				"west": {"uv": [1.32813, 0.8125, 16, 2.45313], "texture": "#0"},
				"up": {"uv": [1.32813, 0.8125, 16, 2.45313], "texture": "#0"},
				"down": {"uv": [1.32813, 0.8125, 16, 2.45313], "texture": "#0"}
			}
		},
		{
			"from": [2.001, 11.3, -12.4],
			"to": [4.001, 13.28, 10.6],
			"rotation": {"angle": 45, "axis": "x", "origin": [0, 0, 0]},
			"faces": {
				"north": {"uv": [6.15626, 9.59375, 15.14063, 8.51563], "rotation": 270, "texture": "#0"},
				"east": {"uv": [6.15626, 9.59375, 15.14063, 8.51563], "rotation": 270, "texture": "#0"},
				"south": {"uv": [6.15626, 9.59375, 15.14063, 8.51563], "rotation": 270, "texture": "#0"},
				"west": {"uv": [6.15626, 9.59375, 15.14063, 8.51563], "rotation": 270, "texture": "#0"},
				"up": {"uv": [6.15626, 9.59375, 15.14063, 8.51563], "rotation": 270, "texture": "#0"},
				"down": {"uv": [6.15626, 9.59375, 15.14063, 8.51563], "rotation": 270, "texture": "#0"}
			}
		},
		{
			"from": [14.2, 11, 6],
			"to": [14.7, 11.2, 8],
			"rotation": {"angle": 45, "axis": "x", "origin": [0, 0, 0]},
			"faces": {
				"north": {"uv": [6.15626, 9.59375, 15.14063, 8.51563], "rotation": 270, "texture": "#0"},
				"east": {"uv": [6.15626, 9.59375, 15.14063, 8.51563], "rotation": 270, "texture": "#0"},
				"south": {"uv": [6.15626, 9.59375, 15.14063, 8.51563], "rotation": 270, "texture": "#0"},
				"west": {"uv": [6.15626, 9.59375, 15.14063, 8.51563], "rotation": 270, "texture": "#0"},
				"up": {"uv": [6.15626, 9.59375, 15.14063, 8.51563], "rotation": 270, "texture": "#0"},
				"down": {"uv": [6.15626, 9.59375, 15.14063, 8.51563], "rotation": 270, "texture": "#0"}
			}
		},
		{
			"from": [14.2, 11, 2],
			"to": [14.7, 11.2, 4],
			"rotation": {"angle": 45, "axis": "x", "origin": [0, 0, 0]},
			"faces": {
				"north": {"uv": [6.15626, 9.59375, 15.14063, 8.51563], "rotation": 270, "texture": "#0"},
				"east": {"uv": [6.15626, 9.59375, 15.14063, 8.51563], "rotation": 270, "texture": "#0"},
				"south": {"uv": [6.15626, 9.59375, 15.14063, 8.51563], "rotation": 270, "texture": "#0"},
				"west": {"uv": [6.15626, 9.59375, 15.14063, 8.51563], "rotation": 270, "texture": "#0"},
				"up": {"uv": [6.15626, 9.59375, 15.14063, 8.51563], "rotation": 270, "texture": "#0"},
				"down": {"uv": [6.15626, 9.59375, 15.14063, 8.51563], "rotation": 270, "texture": "#0"}
			}
		},
		{
			"from": [14.2, 11, -2],
			"to": [14.7, 11.2, 0],
			"rotation": {"angle": 45, "axis": "x", "origin": [0, 0, 0]},
			"faces": {
				"north": {"uv": [6.15626, 9.59375, 15.14063, 8.51563], "rotation": 270, "texture": "#0"},
				"east": {"uv": [6.15626, 9.59375, 15.14063, 8.51563], "rotation": 270, "texture": "#0"},
				"south": {"uv": [6.15626, 9.59375, 15.14063, 8.51563], "rotation": 270, "texture": "#0"},
				"west": {"uv": [6.15626, 9.59375, 15.14063, 8.51563], "rotation": 270, "texture": "#0"},
				"up": {"uv": [6.15626, 9.59375, 15.14063, 8.51563], "rotation": 270, "texture": "#0"},
				"down": {"uv": [6.15626, 9.59375, 15.14063, 8.51563], "rotation": 270, "texture": "#0"}
			}
		},
		{
			"from": [14.2, 11, -6],
			"to": [14.7, 11.2, -4],
			"rotation": {"angle": 45, "axis": "x", "origin": [0, 0, 0]},
			"faces": {
				"north": {"uv": [6.15626, 9.59375, 15.14063, 8.51563], "rotation": 270, "texture": "#0"},
				"east": {"uv": [6.15626, 9.59375, 15.14063, 8.51563], "rotation": 270, "texture": "#0"},
				"south": {"uv": [6.15626, 9.59375, 15.14063, 8.51563], "rotation": 270, "texture": "#0"},
				"west": {"uv": [6.15626, 9.59375, 15.14063, 8.51563], "rotation": 270, "texture": "#0"},
				"up": {"uv": [6.15626, 9.59375, 15.14063, 8.51563], "rotation": 270, "texture": "#0"},
				"down": {"uv": [6.15626, 9.59375, 15.14063, 8.51563], "rotation": 270, "texture": "#0"}
			}
		},
		{
			"from": [1.3, 11, 2],
			"to": [1.8, 11.2, 4],
			"rotation": {"angle": 45, "axis": "x", "origin": [0, 0, 0]},
			"faces": {
				"north": {"uv": [6.15626, 9.59375, 15.14063, 8.51563], "rotation": 270, "texture": "#0"},
				"east": {"uv": [6.15626, 9.59375, 15.14063, 8.51563], "rotation": 270, "texture": "#0"},
				"south": {"uv": [6.15626, 9.59375, 15.14063, 8.51563], "rotation": 270, "texture": "#0"},
				"west": {"uv": [6.15626, 9.59375, 15.14063, 8.51563], "rotation": 270, "texture": "#0"},
				"up": {"uv": [6.15626, 9.59375, 15.14063, 8.51563], "rotation": 270, "texture": "#0"},
				"down": {"uv": [6.15626, 9.59375, 15.14063, 8.51563], "rotation": 270, "texture": "#0"}
			}
		},
		{
			"from": [1.3, 11, -2],
			"to": [1.8, 11.2, 0],
			"rotation": {"angle": 45, "axis": "x", "origin": [0, 0, 0]},
			"faces": {
				"north": {"uv": [6.15626, 9.59375, 15.14063, 8.51563], "rotation": 270, "texture": "#0"},
				"east": {"uv": [6.15626, 9.59375, 15.14063, 8.51563], "rotation": 270, "texture": "#0"},
				"south": {"uv": [6.15626, 9.59375, 15.14063, 8.51563], "rotation": 270, "texture": "#0"},
				"west": {"uv": [6.15626, 9.59375, 15.14063, 8.51563], "rotation": 270, "texture": "#0"},
				"up": {"uv": [6.15626, 9.59375, 15.14063, 8.51563], "rotation": 270, "texture": "#0"},
				"down": {"uv": [6.15626, 9.59375, 15.14063, 8.51563], "rotation": 270, "texture": "#0"}
			}
		},
		{
			"from": [1.3, 11, -6],
			"to": [1.8, 11.2, -4],
			"rotation": {"angle": 45, "axis": "x", "origin": [0, 0, 0]},
			"faces": {
				"north": {"uv": [6.15626, 9.59375, 15.14063, 8.51563], "rotation": 270, "texture": "#0"},
				"east": {"uv": [6.15626, 9.59375, 15.14063, 8.51563], "rotation": 270, "texture": "#0"},
				"south": {"uv": [6.15626, 9.59375, 15.14063, 8.51563], "rotation": 270, "texture": "#0"},
				"west": {"uv": [6.15626, 9.59375, 15.14063, 8.51563], "rotation": 270, "texture": "#0"},
				"up": {"uv": [6.15626, 9.59375, 15.14063, 8.51563], "rotation": 270, "texture": "#0"},
				"down": {"uv": [6.15626, 9.59375, 15.14063, 8.51563], "rotation": 270, "texture": "#0"}
			}
		},
		{
			"from": [1.3, 11, 6],
			"to": [1.8, 11.2, 8],
			"rotation": {"angle": 45, "axis": "x", "origin": [0, 0, 0]},
			"faces": {
				"north": {"uv": [6.15626, 9.59375, 15.14063, 8.51563], "rotation": 270, "texture": "#0"},
				"east": {"uv": [6.15626, 9.59375, 15.14063, 8.51563], "rotation": 270, "texture": "#0"},
				"south": {"uv": [6.15626, 9.59375, 15.14063, 8.51563], "rotation": 270, "texture": "#0"},
				"west": {"uv": [6.15626, 9.59375, 15.14063, 8.51563], "rotation": 270, "texture": "#0"},
				"up": {"uv": [6.15626, 9.59375, 15.14063, 8.51563], "rotation": 270, "texture": "#0"},
				"down": {"uv": [6.15626, 9.59375, 15.14063, 8.51563], "rotation": 270, "texture": "#0"}
			}
		},
		{
			"from": [14, 11, -6],
			"to": [14.2, 12, -4],
			"rotation": {"angle": 45, "axis": "x", "origin": [0, 0, 0]},
			"faces": {
				"north": {"uv": [6.15626, 9.59375, 15.14063, 8.51563], "rotation": 270, "texture": "#0"},
				"east": {"uv": [10.28126, 14.96875, 11.34376, 12.93751], "rotation": 270, "texture": "#0"},
				"south": {"uv": [6.15626, 9.59375, 15.14063, 8.51563], "rotation": 270, "texture": "#0"},
				"west": {"uv": [6.15626, 9.59375, 15.14063, 8.51563], "rotation": 270, "texture": "#0"},
				"up": {"uv": [6.15626, 9.59375, 15.14063, 8.51563], "rotation": 270, "texture": "#0"},
				"down": {"uv": [6.15626, 9.59375, 15.14063, 8.51563], "rotation": 270, "texture": "#0"}
			}
		},
		{
			"from": [14, 11, 6],
			"to": [14.2, 12, 8],
			"rotation": {"angle": 45, "axis": "x", "origin": [0, 0, 0]},
			"faces": {
				"north": {"uv": [6.15626, 9.59375, 15.14063, 8.51563], "rotation": 270, "texture": "#0"},
				"east": {"uv": [10.28126, 14.96875, 11.34376, 12.93751], "rotation": 270, "texture": "#0"},
				"south": {"uv": [6.15626, 9.59375, 15.14063, 8.51563], "rotation": 270, "texture": "#0"},
				"west": {"uv": [6.15626, 9.59375, 15.14063, 8.51563], "rotation": 270, "texture": "#0"},
				"up": {"uv": [6.15626, 9.59375, 15.14063, 8.51563], "rotation": 270, "texture": "#0"},
				"down": {"uv": [6.15626, 9.59375, 15.14063, 8.51563], "rotation": 270, "texture": "#0"}
			}
		},
		{
			"from": [14, 11, -2],
			"to": [14.2, 12, 0],
			"rotation": {"angle": 45, "axis": "x", "origin": [0, 0, 0]},
			"faces": {
				"north": {"uv": [7.78125, 9.48437, 10.09375, 8.67188], "rotation": 270, "texture": "#0"},
				"east": {"uv": [10.28126, 14.96875, 11.34376, 12.93751], "rotation": 270, "texture": "#0"},
				"south": {"uv": [7.78125, 9.48437, 10.09375, 8.67188], "rotation": 270, "texture": "#0"},
				"west": {"uv": [7.78125, 9.48437, 10.09375, 8.67188], "rotation": 270, "texture": "#0"},
				"up": {"uv": [7.78125, 9.48437, 10.09375, 8.67188], "rotation": 270, "texture": "#0"},
				"down": {"uv": [7.78125, 9.48437, 10.09375, 8.67188], "rotation": 270, "texture": "#0"}
			}
		},
		{
			"from": [14, 11, 2],
			"to": [14.2, 12, 4],
			"rotation": {"angle": 45, "axis": "x", "origin": [0, 0, 0]},
			"faces": {
				"north": {"uv": [6.15626, 9.59375, 15.14063, 8.51563], "rotation": 270, "texture": "#0"},
				"east": {"uv": [10.28126, 14.96875, 11.34376, 12.93751], "rotation": 270, "texture": "#0"},
				"south": {"uv": [6.15626, 9.59375, 15.14063, 8.51563], "rotation": 270, "texture": "#0"},
				"west": {"uv": [6.15626, 9.59375, 15.14063, 8.51563], "rotation": 270, "texture": "#0"},
				"up": {"uv": [6.15626, 9.59375, 15.14063, 8.51563], "rotation": 270, "texture": "#0"},
				"down": {"uv": [6.15626, 9.59375, 15.14063, 8.51563], "rotation": 270, "texture": "#0"}
			}
		},
		{
			"from": [1.8, 11, -6],
			"to": [2, 12, -4],
			"rotation": {"angle": 45, "axis": "x", "origin": [0, 0, 0]},
			"faces": {
				"north": {"uv": [6.15626, 9.59375, 15.14063, 8.51563], "rotation": 270, "texture": "#0"},
				"east": {"uv": [6.15626, 9.59375, 15.14063, 8.51563], "rotation": 270, "texture": "#0"},
				"south": {"uv": [6.15626, 9.59375, 15.14063, 8.51563], "rotation": 270, "texture": "#0"},
				"west": {"uv": [10.28126, 14.96875, 11.34376, 12.93751], "rotation": 270, "texture": "#0"},
				"up": {"uv": [6.15626, 9.59375, 15.14063, 8.51563], "rotation": 270, "texture": "#0"},
				"down": {"uv": [6.15626, 9.59375, 15.14063, 8.51563], "rotation": 270, "texture": "#0"}
			}
		},
		{
			"from": [1, 10, -10],
			"to": [15, 11, -8],
			"rotation": {"angle": 45, "axis": "x", "origin": [0, 0, 0]},
			"faces": {
				"north": {"uv": [1.32813, 2.25, 16, 3.89063], "texture": "#0"},
				"east": {"uv": [1.32813, 2.25, 16, 3.89063], "texture": "#0"},
				"south": {"uv": [1.32813, 2.25, 16, 3.89063], "texture": "#0"},
				"west": {"uv": [1.32813, 2.25, 16, 3.89063], "texture": "#0"},
				"up": {"uv": [1.32813, 2.25, 16, 3.89063], "texture": "#0"},
				"down": {"uv": [1.32813, 2.25, 16, 3.89063], "texture": "#0"}
			}
		},
		{
			"from": [1.3, 11, -10],
			"to": [1.8, 11.2, -8],
			"rotation": {"angle": 45, "axis": "x", "origin": [0, 0, 0]},
			"faces": {
				"north": {"uv": [6.15626, 9.59375, 15.14063, 8.51563], "rotation": 270, "texture": "#0"},
				"east": {"uv": [6.15626, 9.59375, 15.14063, 8.51563], "rotation": 270, "texture": "#0"},
				"south": {"uv": [6.15626, 9.59375, 15.14063, 8.51563], "rotation": 270, "texture": "#0"},
				"west": {"uv": [6.15626, 9.59375, 15.14063, 8.51563], "rotation": 270, "texture": "#0"},
				"up": {"uv": [6.15626, 9.59375, 15.14063, 8.51563], "rotation": 270, "texture": "#0"},
				"down": {"uv": [6.15626, 9.59375, 15.14063, 8.51563], "rotation": 270, "texture": "#0"}
			}
		},
		{
			"from": [14.2, 11, -10],
			"to": [14.7, 11.2, -8],
			"rotation": {"angle": 45, "axis": "x", "origin": [0, 0, 0]},
			"faces": {
				"north": {"uv": [6.15626, 9.59375, 15.14063, 8.51563], "rotation": 270, "texture": "#0"},
				"east": {"uv": [6.15626, 9.59375, 15.14063, 8.51563], "rotation": 270, "texture": "#0"},
				"south": {"uv": [6.15626, 9.59375, 15.14063, 8.51563], "rotation": 270, "texture": "#0"},
				"west": {"uv": [6.15626, 9.59375, 15.14063, 8.51563], "rotation": 270, "texture": "#0"},
				"up": {"uv": [6.15626, 9.59375, 15.14063, 8.51563], "rotation": 270, "texture": "#0"},
				"down": {"uv": [6.15626, 9.59375, 15.14063, 8.51563], "rotation": 270, "texture": "#0"}
			}
		},
		{
			"from": [14, 11, -10],
			"to": [14.2, 12, -8],
			"rotation": {"angle": 45, "axis": "x", "origin": [0, 0, 0]},
			"faces": {
				"north": {"uv": [6.15626, 9.59375, 15.14063, 8.51563], "rotation": 270, "texture": "#0"},
				"east": {"uv": [10.28126, 14.96875, 11.34376, 12.93751], "rotation": 270, "texture": "#0"},
				"south": {"uv": [6.15626, 9.59375, 15.14063, 8.51563], "rotation": 270, "texture": "#0"},
				"west": {"uv": [6.15626, 9.59375, 15.14063, 8.51563], "rotation": 270, "texture": "#0"},
				"up": {"uv": [6.15626, 9.59375, 15.14063, 8.51563], "rotation": 270, "texture": "#0"},
				"down": {"uv": [6.15626, 9.59375, 15.14063, 8.51563], "rotation": 270, "texture": "#0"}
			}
		},
		{
			"from": [1.8, 11, -10],
			"to": [2, 12, -8],
			"rotation": {"angle": 45, "axis": "x", "origin": [0, 0, 0]},
			"faces": {
				"north": {"uv": [6.15626, 9.59375, 15.14063, 8.51563], "rotation": 270, "texture": "#0"},
				"east": {"uv": [6.15626, 9.59375, 15.14063, 8.51563], "rotation": 270, "texture": "#0"},
				"south": {"uv": [6.15626, 9.59375, 15.14063, 8.51563], "rotation": 270, "texture": "#0"},
				"west": {"uv": [10.28126, 14.96875, 11.34376, 12.93751], "rotation": 270, "texture": "#0"},
				"up": {"uv": [6.15626, 9.59375, 15.14063, 8.51563], "rotation": 270, "texture": "#0"},
				"down": {"uv": [6.15626, 9.59375, 15.14063, 8.51563], "rotation": 270, "texture": "#0"}
			}
		},
		{
			"from": [1.8, 11, 6],
			"to": [2, 12, 8],
			"rotation": {"angle": 45, "axis": "x", "origin": [0, 0, 0]},
			"faces": {
				"north": {"uv": [6.15626, 9.59375, 15.14063, 8.51563], "rotation": 270, "texture": "#0"},
				"east": {"uv": [6.15626, 9.59375, 15.14063, 8.51563], "rotation": 270, "texture": "#0"},
				"south": {"uv": [6.15626, 9.59375, 15.14063, 8.51563], "rotation": 270, "texture": "#0"},
				"west": {"uv": [10.28126, 14.96875, 11.34376, 12.93751], "rotation": 270, "texture": "#0"},
				"up": {"uv": [6.15626, 9.59375, 15.14063, 8.51563], "rotation": 270, "texture": "#0"},
				"down": {"uv": [6.15626, 9.59375, 15.14063, 8.51563], "rotation": 270, "texture": "#0"}
			}
		},
		{
			"from": [1.8, 11, -2],
			"to": [2, 12, 0],
			"rotation": {"angle": 45, "axis": "x", "origin": [0, 0, 0]},
			"faces": {
				"north": {"uv": [6.15626, 9.59375, 15.14063, 8.51563], "rotation": 270, "texture": "#0"},
				"east": {"uv": [6.15626, 9.59375, 15.14063, 8.51563], "rotation": 270, "texture": "#0"},
				"south": {"uv": [6.15626, 9.59375, 15.14063, 8.51563], "rotation": 270, "texture": "#0"},
				"west": {"uv": [10.28126, 14.96875, 11.34376, 12.93751], "rotation": 270, "texture": "#0"},
				"up": {"uv": [6.15626, 9.59375, 15.14063, 8.51563], "rotation": 270, "texture": "#0"},
				"down": {"uv": [6.15626, 9.59375, 15.14063, 8.51563], "rotation": 270, "texture": "#0"}
			}
		},
		{
			"from": [1.8, 11, 2],
			"to": [2, 12, 4],
			"rotation": {"angle": 45, "axis": "x", "origin": [0, 0, 0]},
			"faces": {
				"north": {"uv": [6.15626, 9.59375, 15.14063, 8.51563], "rotation": 270, "texture": "#0"},
				"east": {"uv": [6.15626, 9.59375, 15.14063, 8.51563], "rotation": 270, "texture": "#0"},
				"south": {"uv": [6.15626, 9.59375, 15.14063, 8.51563], "rotation": 270, "texture": "#0"},
				"west": {"uv": [10.28126, 14.96875, 11.34376, 12.93751], "rotation": 270, "texture": "#0"},
				"up": {"uv": [6.15626, 9.59375, 15.14063, 8.51563], "rotation": 270, "texture": "#0"},
				"down": {"uv": [6.15626, 9.59375, 15.14063, 8.51563], "rotation": 270, "texture": "#0"}
			}
		},
		{
			"from": [11.99, 11.3, -12.4],
			"to": [13.99, 13.28, 10.6],
			"rotation": {"angle": 45, "axis": "x", "origin": [0, 0, 0]},
			"faces": {
				"north": {"uv": [6.15626, 9.59375, 15.14063, 8.51563], "rotation": 270, "texture": "#0"},
				"east": {"uv": [6.15626, 9.59375, 15.14063, 8.51563], "rotation": 270, "texture": "#0"},
				"south": {"uv": [6.15626, 9.59375, 15.14063, 8.51563], "rotation": 270, "texture": "#0"},
				"west": {"uv": [6.15626, 9.59375, 15.14063, 8.51563], "rotation": 270, "texture": "#0"},
				"up": {"uv": [6.15626, 9.59375, 15.14063, 8.51563], "rotation": 270, "texture": "#0"},
				"down": {"uv": [6.15626, 9.59375, 15.14063, 8.51563], "rotation": 270, "texture": "#0"}
			}
		}
	],
	"display": {
		"thirdperson_righthand": {
			"rotation": [-20, 40, 0],
			"translation": [0, 3.25, 0],
			"scale": [0.4, 0.4, 0.4]
		},
		"thirdperson_lefthand": {
			"rotation": [-20, 40, 0],
			"translation": [0, 3.25, 0],
			"scale": [0.4, 0.4, 0.4]
		},
		"firstperson_righthand": {
			"rotation": [55, 0, 90],
			"translation": [-5, -1, 0]
		},
		"firstperson_lefthand": {
			"rotation": [55, 0, 90],
			"translation": [-5, -1, 0]
		},
		"ground": {
			"translation": [0, 0.5, 0],
			"scale": [0.4, 0.4, 0.4]
		},
		"gui": {
			"rotation": [90, 0, 0],
			"translation": [0, 0.5, 0]
		},
		"head": {
			"rotation": [-90, 90, 0],
			"translation": [0, 0, -14]
		},
		"fixed": {
			"rotation": [-90, 0, 0],
			"translation": [0, 0, -7.75]
		}
	},
	"groups": [
		0,
		1,
		2,
		{
			"name": "rail_raised_ne",
			"origin": [8, 8, 8],
			"color": 0,
			"children": [
				{
					"name": "rail",
					"origin": [8, 8, 8],
					"color": 0,
					"children": [3, 4, 5, 6, 7, 8, 9, 10, 11, 12, 13, 14, 15, 16, 17, 18, 19, 20, 21, 22, 23, 24, 25, 26, 27, 28, 29]
				}
			]
		}
	]
}