{
	"credit": "Made with Blockbench",
	"textures": {
		"0": "block/pumpkin_side",
		"1": "block/pumpkin_side2",
		"2": "block/pumpkin_side3",
		"3": "block/pumpkin_top",
		"particle": "block/pumpkin_side"
	},
	"elements": [
		{
			"from": [0, 0, 0],
			"to": [16, 16, 16],
			"faces": {
				"north": {"uv": [0, 0, 16, 16], "texture": "#0"},
				"east": {"uv": [0, 0, 16, 16], "texture": "#2"},
				"south": {"uv": [0, 0, 16, 16], "texture": "#0"},
				"west": {"uv": [0, 0, 16, 16], "texture": "#1"},
				"up": {"uv": [0, 0, 16, 16], "texture": "#3"},
				"down": {"uv": [0, 0, 16, 16], "texture": "#missing"}
			}
		}
	],
	"display": {
		"thirdperson_righthand": {
			"scale": [0.24219, 0.29688, 0.30469]
		},
		"thirdperson_lefthand": {
			"scale": [0.24219, 0.29688, 0.30469]
		},
		"firstperson_righthand": {
			"scale": [0.24219, 0.29688, 0.24805]
		},
		"firstperson_lefthand": {
			"scale": [0.24219, 0.29688, 0.24805]
		},
		"ground": {
			"scale": [0.24219, 0.25781, 0.24805]
		},
		"gui": {
			"rotation": [32.41, 40.51, -1.19],
			"scale": [0.61914, 0.64063, 0.66797]
		},
		"fixed": {
			"rotation": [-92, 0, 0],
			"translation": [0, 0, 5.5]
		}
	}
}