{
	"credit": "Made with Blockbench",
	"parent": "minecraft:item/generic_rail_display",
	"textures": {
		"0": "block/rail_corner",
		"1": "block/rail"
	},
	"elements": [
		{
			"from": [13, 0, 1],
			"to": [15, 1, 15],
			"faces": {
				"north": {"uv": [1.32813, 2.25, 16, 3.89063], "rotation": 90, "texture": "#1"},
				"east": {"uv": [1.32813, 2.25, 16, 3.89063], "rotation": 90, "texture": "#1"},
				"south": {"uv": [1.32813, 2.25, 16, 3.89063], "rotation": 90, "texture": "#1"},
				"west": {"uv": [1.32813, 2.25, 16, 3.89063], "rotation": 90, "texture": "#1"},
				"up": {"uv": [1.32813, 2.25, 16, 3.89063], "rotation": 90, "texture": "#1"},
				"down": {"uv": [1.32813, 2.25, 16, 3.89063], "rotation": 90, "texture": "#1"}
			}
		},
		{
			"from": [4.87868, 0.01, 5.05025],
			"to": [15.87868, 1.01, 7.05025],
			"rotation": {"angle": -45, "axis": "y", "origin": [6.05025, 9, 6.05025]},
			"faces": {
				"north": {"uv": [1.32813, 0.8125, 16, 2.45313], "texture": "#1"},
				"east": {"uv": [1.32813, 0.8125, 16, 2.45313], "texture": "#1"},
				"south": {"uv": [1.32813, 0.8125, 16, 2.45313], "texture": "#1"},
				"west": {"uv": [1.32813, 0.8125, 16, 2.45313], "texture": "#1"},
				"up": {"uv": [1.32813, 0.8125, 16, 2.45313], "texture": "#1"},
				"down": {"uv": [1.32813, 0.8125, 16, 2.45313], "texture": "#1"}
			}
		},
		{
			"from": [1, 0, 13],
			"to": [13, 1, 15],
			"faces": {
				"north": {"uv": [0, 0, 1.1875, 16], "rotation": 90, "texture": "#0"},
				"east": {"uv": [0, 0, 1.1875, 16], "rotation": 90, "texture": "#0"},
				"south": {"uv": [0, 0, 1.1875, 16], "rotation": 90, "texture": "#0"},
				"west": {"uv": [0, 0, 1.1875, 16], "rotation": 90, "texture": "#0"},
				"up": {"uv": [0, 0, 1.1875, 16], "rotation": 90, "texture": "#0"},
				"down": {"uv": [0, 0, 1.1875, 16], "rotation": 90, "texture": "#0"}
			}
		},
		{
			"from": [12, 1, 14],
			"to": [14, 2, 16],
			"faces": {
				"north": {"uv": [2.32813, 9.375, 2.98437, 8.54688], "texture": "#1"},
				"east": {"uv": [2.32813, 9.375, 2.98437, 8.54688], "texture": "#1"},
				"south": {"uv": [2.32813, 9.375, 2.98437, 8.54688], "texture": "#1"},
				"west": {"uv": [2.32813, 9.375, 2.98437, 8.54688], "texture": "#1"},
				"up": {"uv": [2.125, 9.28125, 3.20312, 8.20313], "texture": "#1"},
				"down": {"uv": [1.09375, 16, 2.15625, 5.46876], "texture": "#1"}
			}
		},
		{
			"from": [14, 1, 12],
			"to": [16, 1.998, 14],
			"faces": {
				"north": {"uv": [2.32813, 9.375, 2.98437, 8.54688], "texture": "#1"},
				"east": {"uv": [2.32813, 9.375, 2.98437, 8.54688], "texture": "#1"},
				"south": {"uv": [2.32813, 9.375, 2.98437, 8.54688], "texture": "#1"},
				"west": {"uv": [2.32813, 9.375, 2.98437, 8.54688], "texture": "#1"},
				"up": {"uv": [6.17188, 9.57813, 6.96875, 8.51563], "texture": "#1"},
				"down": {"uv": [7.67188, 9.59375, 14.42188, 8.51563], "texture": "#1"}
			}
		},
		{
			"from": [18.39, 1, -1.4],
			"to": [19.793, 1.99, 1.4],
			"rotation": {"angle": -45, "axis": "y", "origin": [0, 0, 0]},
			"faces": {
				"north": {"uv": [2.32813, 9.375, 2.98437, 8.54688], "texture": "#1"},
				"east": {"uv": [2.32813, 9.375, 2.98437, 8.54688], "texture": "#1"},
				"south": {"uv": [2.32813, 9.375, 2.98437, 8.54688], "texture": "#1"},
				"west": {"uv": [2.4375, 9.375, 2.90625, 8.54688], "texture": "#1"},
				"up": {"uv": [0, 9.23438, 1.125, 8.15626], "texture": "#1"},
				"down": {"uv": [0, 9.23438, 1.125, 8.15626], "texture": "#1"}
			}
		},
		{
			"from": [1.89772, 0.995, 2.95406],
			"to": [13.01042, 1.995, 4.35406],
			"rotation": {"angle": 45, "axis": "y", "origin": [10.2825, 1.7525, 6.2825]},
			"faces": {
				"north": {"uv": [5.87501, 9.59375, 15.10938, 8.51563], "texture": "#1"},
				"east": {"uv": [5.87501, 9.59375, 15.10938, 8.51563], "texture": "#1"},
				"south": {"uv": [5.87501, 9.59375, 15.10938, 8.51563], "texture": "#1"},
				"west": {"uv": [5.87501, 9.59375, 15.10938, 8.51563], "texture": "#1"},
				"up": {"uv": [7.53126, 9.5625, 10.5625, 8.51563], "texture": "#0"},
				"down": {"uv": [5.87501, 9.59375, 15.10938, 8.51563], "texture": "#1"}
			}
		},
		{
			"from": [9.85, 1, 2],
			"to": [16, 2, 4],
			"faces": {
				"north": {"uv": [7.67188, 9.59375, 14.42188, 8.51563], "texture": "#1"},
				"east": {"uv": [7.67188, 9.59375, 14.42188, 8.51563], "texture": "#1"},
				"south": {"uv": [7.67188, 9.59375, 14.42188, 8.51563], "texture": "#1"},
				"west": {"uv": [7.67188, 9.59375, 14.42188, 8.51563], "texture": "#0"},
				"up": {"uv": [7.67188, 9.59375, 14.42188, 8.51563], "texture": "#0"},
				"down": {"uv": [11.62501, 9.59375, 14.42188, 8.51563], "texture": "#0"}
			}
		},
		{
			"from": [2, 1, 9.85],
			"to": [4, 1.999, 16],
			"faces": {
				"north": {"uv": [1.09375, 16, 2.15625, 5.46876], "texture": "#1"},
				"east": {"uv": [1.09375, 14.20313, 1.875, 5.79688], "texture": "#1"},
				"south": {"uv": [1.09375, 16, 2.15625, 5.46876], "texture": "#1"},
				"west": {"uv": [1.09375, 16, 2.15625, 5.46876], "texture": "#1"},
				"up": {"uv": [2.125, 13.89063, 3.21875, 7.85939], "texture": "#0"},
				"down": {"uv": [1.09375, 16, 2.15625, 5.46876], "texture": "#1"}
			}
		},
		{
			"from": [13, 1, 4],
			"to": [15, 2, 4.2],
			"faces": {
				"north": {"uv": [6.15626, 9.59375, 15.14063, 8.51563], "rotation": 270, "texture": "#1"},
				"east": {"uv": [6.15626, 9.59375, 15.14063, 8.51563], "rotation": 270, "texture": "#1"},
				"south": {"uv": [10.28126, 14.96875, 11.34376, 12.93751], "rotation": 270, "texture": "#1"},
				"west": {"uv": [6.15626, 9.59375, 15.14063, 8.51563], "rotation": 270, "texture": "#1"},
				"up": {"uv": [6.15626, 9.59375, 15.14063, 8.51563], "texture": "#1"},
				"down": {"uv": [6.15626, 9.59375, 15.14063, 8.51563], "rotation": 180, "texture": "#1"}
			}
		},
		{
			"from": [14, 1, 14],
			"to": [15, 2, 14.2],
			"faces": {
				"north": {"uv": [6.15626, 9.59375, 15.14063, 8.51563], "rotation": 270, "texture": "#1"},
				"east": {"uv": [6.15626, 9.59375, 15.14063, 8.51563], "rotation": 270, "texture": "#1"},
				"south": {"uv": [10.21876, 14.48438, 11.28126, 13.50001], "rotation": 270, "texture": "#1"},
				"west": {"uv": [6.15626, 9.59375, 15.14063, 8.51563], "rotation": 270, "texture": "#1"},
				"up": {"uv": [6.15626, 9.59375, 15.14063, 8.51563], "texture": "#1"},
				"down": {"uv": [6.15626, 9.59375, 15.14063, 8.51563], "rotation": 180, "texture": "#1"}
			}
		},
		{
			"from": [14, 1, 14],
			"to": [14.2, 1.999, 15],
			"faces": {
				"north": {"uv": [6.15626, 9.59375, 15.14063, 8.51563], "rotation": 270, "texture": "#1"},
				"east": {"uv": [10.21876, 14.48438, 11.28126, 13.50001], "rotation": 270, "texture": "#1"},
				"south": {"uv": [6.15626, 9.59375, 15.14063, 8.51563], "rotation": 270, "texture": "#1"},
				"west": {"uv": [6.15626, 9.59375, 15.14063, 8.51563], "rotation": 270, "texture": "#1"},
				"up": {"uv": [6.15626, 9.59375, 15.14063, 8.51563], "rotation": 270, "texture": "#1"},
				"down": {"uv": [6.15626, 9.59375, 15.14063, 8.51563], "rotation": 270, "texture": "#1"}
			}
		},
		{
			"from": [13, 1, 1.8],
			"to": [15, 2, 2],
			"faces": {
				"north": {"uv": [10.28126, 14.96875, 11.34376, 12.93751], "rotation": 270, "texture": "#1"},
				"east": {"uv": [6.15626, 9.59375, 15.14063, 8.51563], "rotation": 270, "texture": "#1"},
				"south": {"uv": [10.28126, 14.96875, 11.34376, 12.93751], "rotation": 270, "texture": "#1"},
				"west": {"uv": [6.15626, 9.59375, 15.14063, 8.51563], "rotation": 270, "texture": "#1"},
				"up": {"uv": [6.15626, 9.59375, 15.14063, 8.51563], "texture": "#1"},
				"down": {"uv": [6.15626, 9.59375, 15.14063, 8.51563], "rotation": 180, "texture": "#1"}
			}
		},
		{
			"from": [13, 1, 4.2],
			"to": [15, 1.2, 4.7],
			"faces": {
				"north": {"uv": [6.15626, 9.59375, 15.14063, 8.51563], "rotation": 270, "texture": "#1"},
				"east": {"uv": [6.15626, 9.59375, 15.14063, 8.51563], "rotation": 270, "texture": "#1"},
				"south": {"uv": [6.15626, 9.59375, 15.14063, 8.51563], "rotation": 270, "texture": "#1"},
				"west": {"uv": [6.15626, 9.59375, 15.14063, 8.51563], "rotation": 270, "texture": "#1"},
				"up": {"uv": [6.15626, 9.59375, 15.14063, 8.51563], "texture": "#1"},
				"down": {"uv": [6.15626, 9.59375, 15.14063, 8.51563], "rotation": 180, "texture": "#1"}
			}
		},
		{
			"from": [13, 1, 1.3],
			"to": [15, 1.2, 1.8],
			"faces": {
				"north": {"uv": [6.15626, 9.59375, 15.14063, 8.51563], "rotation": 270, "texture": "#1"},
				"east": {"uv": [6.15626, 9.59375, 15.14063, 8.51563], "rotation": 270, "texture": "#1"},
				"south": {"uv": [6.15626, 9.59375, 15.14063, 8.51563], "rotation": 270, "texture": "#1"},
				"west": {"uv": [6.15626, 9.59375, 15.14063, 8.51563], "rotation": 270, "texture": "#1"},
				"up": {"uv": [6.15626, 9.59375, 15.14063, 8.51563], "texture": "#1"},
				"down": {"uv": [6.15626, 9.59375, 15.14063, 8.51563], "rotation": 180, "texture": "#1"}
			}
		},
		{
			"from": [-1, 1, 9.8],
			"to": [1, 2, 10],
			"rotation": {"angle": 45, "axis": "y", "origin": [0, 0, 0]},
			"faces": {
				"north": {"uv": [6.15626, 9.59375, 15.14063, 8.51563], "rotation": 270, "texture": "#1"},
				"east": {"uv": [6.15626, 9.59375, 15.14063, 8.51563], "rotation": 270, "texture": "#1"},
				"south": {"uv": [10.28126, 14.96875, 11.34376, 12.93751], "rotation": 270, "texture": "#1"},
				"west": {"uv": [6.15626, 9.59375, 15.14063, 8.51563], "rotation": 270, "texture": "#1"},
				"up": {"uv": [6.15626, 9.59375, 15.14063, 8.51563], "texture": "#1"},
				"down": {"uv": [6.15626, 9.59375, 15.14063, 8.51563], "rotation": 180, "texture": "#1"}
			}
		},
		{
			"from": [-1, 1, 8.2],
			"to": [1, 2, 8.4],
			"rotation": {"angle": 45, "axis": "y", "origin": [0, 0, 0]},
			"faces": {
				"north": {"uv": [10.28126, 14.96875, 11.34376, 12.93751], "rotation": 270, "texture": "#1"},
				"east": {"uv": [6.15626, 9.59375, 15.14063, 8.51563], "rotation": 270, "texture": "#1"},
				"south": {"uv": [10.28126, 14.96875, 11.34376, 12.93751], "rotation": 270, "texture": "#1"},
				"west": {"uv": [6.15626, 9.59375, 15.14063, 8.51563], "rotation": 270, "texture": "#1"},
				"up": {"uv": [6.15626, 9.59375, 15.14063, 8.51563], "texture": "#1"},
				"down": {"uv": [6.15626, 9.59375, 15.14063, 8.51563], "rotation": 180, "texture": "#1"}
			}
		},
		{
			"from": [-1, 1, 10],
			"to": [1, 1.2, 10.5],
			"rotation": {"angle": 45, "axis": "y", "origin": [0, 0, 0]},
			"faces": {
				"north": {"uv": [6.15626, 9.59375, 15.14063, 8.51563], "rotation": 270, "texture": "#1"},
				"east": {"uv": [6.15626, 9.59375, 15.14063, 8.51563], "rotation": 270, "texture": "#1"},
				"south": {"uv": [6.15626, 9.59375, 15.14063, 8.51563], "rotation": 270, "texture": "#1"},
				"west": {"uv": [6.15626, 9.59375, 15.14063, 8.51563], "rotation": 270, "texture": "#1"},
				"up": {"uv": [6.15626, 9.59375, 15.14063, 8.51563], "texture": "#1"},
				"down": {"uv": [6.15626, 9.59375, 15.14063, 8.51563], "rotation": 180, "texture": "#1"}
			}
		},
		{
			"from": [-1, 1, 7.7],
			"to": [1, 1.2, 8.2],
			"rotation": {"angle": 45, "axis": "y", "origin": [0, 0, 0]},
			"faces": {
				"north": {"uv": [6.15626, 9.59375, 15.14063, 8.51563], "rotation": 270, "texture": "#1"},
				"east": {"uv": [6.15626, 9.59375, 15.14063, 8.51563], "rotation": 270, "texture": "#1"},
				"south": {"uv": [6.15626, 9.59375, 15.14063, 8.51563], "rotation": 270, "texture": "#1"},
				"west": {"uv": [6.15626, 9.59375, 15.14063, 8.51563], "rotation": 270, "texture": "#1"},
				"up": {"uv": [6.15626, 9.59375, 15.14063, 8.51563], "texture": "#1"},
				"down": {"uv": [6.15626, 9.59375, 15.14063, 8.51563], "rotation": 180, "texture": "#1"}
			}
		},
		{
			"from": [4.2, 1, 13],
			"to": [4.7, 1.2, 15],
			"faces": {
				"north": {"uv": [6.15626, 9.59375, 15.14063, 8.51563], "rotation": 270, "texture": "#1"},
				"east": {"uv": [6.15626, 9.59375, 15.14063, 8.51563], "rotation": 270, "texture": "#1"},
				"south": {"uv": [6.15626, 9.59375, 15.14063, 8.51563], "rotation": 270, "texture": "#1"},
				"west": {"uv": [6.15626, 9.59375, 15.14063, 8.51563], "rotation": 270, "texture": "#1"},
				"up": {"uv": [6.15626, 9.59375, 15.14063, 8.51563], "rotation": 270, "texture": "#1"},
				"down": {"uv": [6.15626, 9.59375, 15.14063, 8.51563], "rotation": 270, "texture": "#1"}
			}
		},
		{
			"from": [14.2, 1, 14],
			"to": [15, 1.2, 15],
			"faces": {
				"north": {"uv": [6.15626, 9.59375, 15.14063, 8.51563], "rotation": 270, "texture": "#1"},
				"east": {"uv": [6.15626, 9.59375, 15.14063, 8.51563], "rotation": 270, "texture": "#1"},
				"south": {"uv": [6.15626, 9.59375, 15.14063, 8.51563], "rotation": 270, "texture": "#1"},
				"west": {"uv": [6.15626, 9.59375, 15.14063, 8.51563], "rotation": 270, "texture": "#1"},
				"up": {"uv": [6.15626, 9.59375, 15.14063, 8.51563], "rotation": 270, "texture": "#1"},
				"down": {"uv": [6.15626, 9.59375, 15.14063, 8.51563], "rotation": 270, "texture": "#1"}
			}
		},
		{
			"from": [1.3, 1, 13],
			"to": [1.8, 1.2, 15],
			"faces": {
				"north": {"uv": [6.15626, 9.59375, 15.14063, 8.51563], "rotation": 270, "texture": "#1"},
				"east": {"uv": [6.15626, 9.59375, 15.14063, 8.51563], "rotation": 270, "texture": "#1"},
				"south": {"uv": [6.15626, 9.59375, 15.14063, 8.51563], "rotation": 270, "texture": "#1"},
				"west": {"uv": [6.15626, 9.59375, 15.14063, 8.51563], "rotation": 270, "texture": "#1"},
				"up": {"uv": [6.15626, 9.59375, 15.14063, 8.51563], "rotation": 270, "texture": "#1"},
				"down": {"uv": [6.15626, 9.59375, 15.14063, 8.51563], "rotation": 270, "texture": "#1"}
			}
		},
		{
			"from": [4, 1, 13],
			"to": [4.2, 2, 15],
			"faces": {
				"north": {"uv": [6.15626, 9.59375, 15.14063, 8.51563], "rotation": 270, "texture": "#1"},
				"east": {"uv": [10.28126, 14.96875, 11.34376, 12.93751], "rotation": 270, "texture": "#1"},
				"south": {"uv": [6.15626, 9.59375, 15.14063, 8.51563], "rotation": 270, "texture": "#1"},
				"west": {"uv": [6.15626, 9.59375, 15.14063, 8.51563], "rotation": 270, "texture": "#1"},
				"up": {"uv": [6.15626, 9.59375, 15.14063, 8.51563], "rotation": 270, "texture": "#1"},
				"down": {"uv": [6.15626, 9.59375, 15.14063, 8.51563], "rotation": 270, "texture": "#1"}
			}
		},
		{
			"from": [1.8, 1, 13],
			"to": [2, 2, 15],
			"faces": {
				"north": {"uv": [6.15626, 9.59375, 15.14063, 8.51563], "rotation": 270, "texture": "#1"},
				"east": {"uv": [10.28126, 14.96875, 11.34376, 12.93751], "rotation": 270, "texture": "#1"},
				"south": {"uv": [6.15626, 9.59375, 15.14063, 8.51563], "rotation": 270, "texture": "#1"},
				"west": {"uv": [10.28126, 14.96875, 11.34376, 12.93751], "rotation": 270, "texture": "#1"},
				"up": {"uv": [12.14064, 14.96875, 13.20314, 12.93751], "rotation": 270, "texture": "#1"},
				"down": {"uv": [6.15626, 9.59375, 15.14063, 8.51563], "rotation": 270, "texture": "#1"}
			}
		}
	],
	"groups": [
		{
			"name": "curve",
			"origin": [8, 8, 8],
			"color": 0,
			"children": [0, 1, 2, 3, 4, 5, 6, 7, 8]
		},
		{
			"name": "rail knob",
			"origin": [8, 8, 8],
			"color": 0,
			"children": [9, 10, 11, 12, 13, 14]
		},
		{
			"name": "rail knob",
			"origin": [8, 8, 8],
			"color": 0,
			"children": [15, 16, 17, 18, 19, 20, 21, 22, 23]
		}
	]
}