{
	"credit": "Made with Blockbench",
	"textures": {
		"0": "block/rooted_dirt",
		"particle": "block/rooted_dirt"
	},
	"elements": [
		{
			"from": [0, 0, 0],
			"to": [16, 16, 16],
			"faces": {
				"north": {"uv": [0, 0, 16, 16], "texture": "#0"},
				"east": {"uv": [0, 0, 16, 16], "texture": "#0"},
				"south": {"uv": [0, 0, 16, 16], "texture": "#0"},
				"west": {"uv": [0, 0, 16, 16], "texture": "#0"},
				"up": {"uv": [0, 0, 16, 16], "texture": "#0"},
				"down": {"uv": [0, 0, 16, 16], "texture": "#0"}
			}
		}
	],
	"display": {
		"thirdperson_righthand": {
			"scale": [0.33984, 0.3125, 0.31445]
		},
		"thirdperson_lefthand": {
			"scale": [0.33984, 0.3125, 0.31445]
		},
		"firstperson_righthand": {
			"scale": [0.33984, 0.3125, 0.31445]
		},
		"firstperson_lefthand": {
			"scale": [0.33984, 0.3125, 0.31445]
		},
		"ground": {
			"scale": [0.33984, 0.3125, 0.31445]
		},
		"gui": {
			"rotation": [20.48, 39.66, 3.27],
			"translation": [0.5, -0.75, 0],
			"scale": [0.55664, 0.5625, 0.60742]
		},
		"fixed": {
			"translation": [0, 0, 5]
		}
	}
}