{
	"credit": "Made with Blockbench",
	"textures": {
		"0": "block/smithing_table_bottom",
		"1": "block/smithing_table_front",
		"2": "block/smithing_table_side",
		"3": "block/smithing_table_top",
		"particle": "block/smithing_table_bottom"
	},
	"elements": [
		{
			"from": [1, 1, 1],
			"to": [15, 15, 15],
			"faces": {
				"north": {"uv": [0, 0, 16, 16], "texture": "#1"},
				"east": {"uv": [0, 0, 16, 16], "texture": "#1"},
				"south": {"uv": [0, 4.15625, 12.90625, 16], "texture": "#2"},
				"west": {"uv": [0, 4.15625, 12.90625, 16], "texture": "#2"},
				"up": {"uv": [0, 0, 14, 14], "texture": "#1"},
				"down": {"uv": [0, 0, 14, 14], "texture": "#1"}
			}
		},
		{
			"from": [0, 0, 0],
			"to": [2, 16, 2],
			"faces": {
				"north": {"uv": [1.9375, 0, 3.9375, 16], "texture": "#0"},
				"east": {"uv": [1.9375, 0, 3.9375, 16], "texture": "#0"},
				"south": {"uv": [1.9375, 0, 3.9375, 16], "texture": "#0"},
				"west": {"uv": [1.9375, 0, 3.9375, 16], "texture": "#0"},
				"up": {"uv": [1.9375, 0, 3.9375, 16], "texture": "#0"},
				"down": {"uv": [1.9375, 0, 3.9375, 16], "texture": "#0"}
			}
		},
		{
			"from": [14, 0, 0],
			"to": [16, 16, 2],
			"faces": {
				"north": {"uv": [1.9375, 0, 3.9375, 16], "texture": "#0"},
				"east": {"uv": [1.9375, 0, 3.9375, 16], "texture": "#0"},
				"south": {"uv": [1.9375, 0, 3.9375, 16], "texture": "#0"},
				"west": {"uv": [1.9375, 0, 3.9375, 16], "texture": "#0"},
				"up": {"uv": [1.9375, 0, 3.9375, 16], "texture": "#0"},
				"down": {"uv": [1.9375, 0, 3.9375, 16], "texture": "#0"}
			}
		},
		{
			"from": [14, 0, 14],
			"to": [16, 16, 16],
			"faces": {
				"north": {"uv": [1.9375, 0, 3.9375, 16], "texture": "#0"},
				"east": {"uv": [1.9375, 0, 3.9375, 16], "texture": "#0"},
				"south": {"uv": [1.9375, 0, 3.9375, 16], "texture": "#0"},
				"west": {"uv": [1.9375, 0, 3.9375, 16], "texture": "#0"},
				"up": {"uv": [1.9375, 0, 3.9375, 16], "texture": "#0"},
				"down": {"uv": [1.9375, 0, 3.9375, 16], "texture": "#0"}
			}
		},
		{
			"from": [2, 0, 14],
			"to": [14, 2, 16],
			"faces": {
				"north": {"uv": [1.96875, 2.03125, 13.96875, 4.03125], "texture": "#3"},
				"east": {"uv": [1.96875, 2.03125, 13.96875, 4.03125], "texture": "#3"},
				"south": {"uv": [1.96875, 2.03125, 13.96875, 4.03125], "texture": "#3"},
				"west": {"uv": [1.96875, 2.03125, 13.96875, 4.03125], "texture": "#3"},
				"up": {"uv": [1.96875, 2.03125, 13.96875, 4.03125], "texture": "#3"},
				"down": {"uv": [1.96875, 2.03125, 13.96875, 4.03125], "texture": "#3"}
			}
		},
		{
			"from": [2, 0, 0],
			"to": [14, 2, 2],
			"faces": {
				"north": {"uv": [1.96875, 2.03125, 13.96875, 4.03125], "texture": "#3"},
				"east": {"uv": [1.96875, 2.03125, 13.96875, 4.03125], "texture": "#3"},
				"south": {"uv": [1.96875, 2.03125, 13.96875, 4.03125], "texture": "#3"},
				"west": {"uv": [1.96875, 2.03125, 13.96875, 4.03125], "texture": "#3"},
				"up": {"uv": [1.96875, 2.03125, 13.96875, 4.03125], "texture": "#3"},
				"down": {"uv": [1.96875, 2.03125, 13.96875, 4.03125], "texture": "#3"}
			}
		},
		{
			"from": [0, 0, 2],
			"to": [2, 2, 14],
			"faces": {
				"north": {"uv": [1.96875, 2.03125, 13.96875, 4.03125], "texture": "#3"},
				"east": {"uv": [1.96875, 2.03125, 13.96875, 4.03125], "texture": "#3"},
				"south": {"uv": [1.96875, 2.03125, 13.96875, 4.03125], "texture": "#3"},
				"west": {"uv": [1.96875, 2.03125, 13.96875, 4.03125], "texture": "#3"},
				"up": {"uv": [1.96875, 2.03125, 13.96875, 4.03125], "texture": "#3"},
				"down": {"uv": [1.96875, 2.03125, 13.96875, 4.03125], "texture": "#3"}
			}
		},
		{
			"from": [14, 0, 2],
			"to": [16, 2, 14],
			"faces": {
				"north": {"uv": [1.96875, 2.03125, 13.96875, 4.03125], "texture": "#3"},
				"east": {"uv": [1.96875, 2.03125, 13.96875, 4.03125], "texture": "#3"},
				"south": {"uv": [1.96875, 2.03125, 13.96875, 4.03125], "texture": "#3"},
				"west": {"uv": [1.96875, 2.03125, 13.96875, 4.03125], "texture": "#3"},
				"up": {"uv": [1.96875, 2.03125, 13.96875, 4.03125], "texture": "#3"},
				"down": {"uv": [1.96875, 2.03125, 13.96875, 4.03125], "texture": "#3"}
			}
		},
		{
			"from": [14, 14, 2],
			"to": [16, 16, 14],
			"faces": {
				"north": {"uv": [1.96875, 2.03125, 13.96875, 4.03125], "texture": "#3"},
				"east": {"uv": [1.96875, 2.03125, 13.96875, 4.03125], "texture": "#3"},
				"south": {"uv": [1.96875, 2.03125, 13.96875, 4.03125], "texture": "#3"},
				"west": {"uv": [1.96875, 2.03125, 13.96875, 4.03125], "texture": "#3"},
				"up": {"uv": [1.96875, 2.03125, 13.96875, 4.03125], "texture": "#3"},
				"down": {"uv": [1.96875, 2.03125, 13.96875, 4.03125], "texture": "#3"}
			}
		},
		{
			"from": [2, 14, 0],
			"to": [14, 16, 2],
			"faces": {
				"north": {"uv": [1.96875, 2.03125, 13.96875, 4.03125], "texture": "#3"},
				"east": {"uv": [1.96875, 2.03125, 13.96875, 4.03125], "texture": "#3"},
				"south": {"uv": [1.96875, 2.03125, 13.96875, 4.03125], "texture": "#3"},
				"west": {"uv": [1.96875, 2.03125, 13.96875, 4.03125], "texture": "#3"},
				"up": {"uv": [1.96875, 2.03125, 13.96875, 4.03125], "texture": "#3"},
				"down": {"uv": [1.96875, 2.03125, 13.96875, 4.03125], "texture": "#3"}
			}
		},
		{
			"from": [0, 14, 2],
			"to": [2, 16, 14],
			"faces": {
				"north": {"uv": [1.96875, 2.03125, 13.96875, 4.03125], "texture": "#3"},
				"east": {"uv": [1.96875, 2.03125, 13.96875, 4.03125], "texture": "#3"},
				"south": {"uv": [1.96875, 2.03125, 13.96875, 4.03125], "texture": "#3"},
				"west": {"uv": [1.96875, 2.03125, 13.96875, 4.03125], "texture": "#3"},
				"up": {"uv": [1.96875, 2.03125, 13.96875, 4.03125], "texture": "#3"},
				"down": {"uv": [1.96875, 2.03125, 13.96875, 4.03125], "texture": "#3"}
			}
		},
		{
			"from": [2, 14, 2],
			"to": [14, 16, 14],
			"faces": {
				"north": {"uv": [0, 0, 12, 2], "texture": "#missing"},
				"east": {"uv": [0, 0, 12, 2], "texture": "#missing"},
				"south": {"uv": [0, 0, 12, 2], "texture": "#missing"},
				"west": {"uv": [0, 0, 12, 2], "texture": "#missing"},
				"up": {"uv": [0, 0, 12, 12], "texture": "#3"},
				"down": {"uv": [0, 0, 16, 16], "texture": "#missing"}
			}
		},
		{
			"from": [2, 14, 14],
			"to": [14, 16, 16],
			"faces": {
				"north": {"uv": [1.96875, 2.03125, 13.96875, 4.03125], "texture": "#3"},
				"east": {"uv": [1.96875, 2.03125, 13.96875, 4.03125], "texture": "#3"},
				"south": {"uv": [1.96875, 2.03125, 13.96875, 4.03125], "texture": "#3"},
				"west": {"uv": [1.96875, 2.03125, 13.96875, 4.03125], "texture": "#3"},
				"up": {"uv": [1.96875, 2.03125, 13.96875, 4.03125], "texture": "#3"},
				"down": {"uv": [1.96875, 2.03125, 13.96875, 4.03125], "texture": "#3"}
			}
		},
		{
			"from": [0, 0, 14],
			"to": [2, 16, 16],
			"faces": {
				"north": {"uv": [1.9375, 0, 3.9375, 16], "texture": "#0"},
				"east": {"uv": [1.9375, 0, 3.9375, 16], "texture": "#0"},
				"south": {"uv": [1.9375, 0, 3.9375, 16], "texture": "#0"},
				"west": {"uv": [1.9375, 0, 3.9375, 16], "texture": "#0"},
				"up": {"uv": [1.9375, 0, 3.9375, 16], "texture": "#0"},
				"down": {"uv": [1.9375, 0, 3.9375, 16], "texture": "#0"}
			}
		}
	]
}