{
	"credit": "Made with Blockbench",
	"parent": "block/block",
	"textures": {
		"0": "block/soul_lantern"
	},
	"elements": [
		{
			"from": [4.75, 7.5, 7.75],
			"to": [5.25, 15.5, 8.25],
			"rotation": {"angle": 0, "axis": "y", "origin": [7.75, 11, 7.75]},
			"faces": {
				"north": {"uv": [0, 0, 2.09375, 16], "texture": "#0"},
				"east": {"uv": [0, 0, 2.09375, 16], "texture": "#0"},
				"south": {"uv": [0, 0, 2.09375, 16], "texture": "#0"},
				"west": {"uv": [0, 0, 2.09375, 16], "texture": "#0"},
				"up": {"uv": [0, 0, 2.09375, 16], "texture": "#0"},
				"down": {"uv": [0, 0, 2.09375, 16], "texture": "#0"}
			}
		},
		{
			"from": [7.75, 7.5, 10.25],
			"to": [8.25, 15.5, 10.75],
			"rotation": {"angle": -45, "axis": "y", "origin": [7.75, 11, 7.75]},
			"faces": {
				"north": {"uv": [0, 0, 2.09375, 16], "texture": "#0"},
				"east": {"uv": [0, 0, 2.09375, 16], "texture": "#0"},
				"south": {"uv": [0, 0, 2.09375, 16], "texture": "#0"},
				"west": {"uv": [0, 0, 2.09375, 16], "texture": "#0"},
				"up": {"uv": [0, 0, 2.09375, 16], "texture": "#0"},
				"down": {"uv": [0, 0, 2.09375, 16], "texture": "#0"}
			}
		},
		{
			"from": [7.5, 7.5, 10.25],
			"to": [8, 15.5, 10.75],
			"rotation": {"angle": 0, "axis": "y", "origin": [7.75, 11, 7.75]},
			"faces": {
				"north": {"uv": [0, 0, 2.09375, 16], "texture": "#0"},
				"east": {"uv": [0, 0, 2.09375, 16], "texture": "#0"},
				"south": {"uv": [0, 0, 2.09375, 16], "texture": "#0"},
				"west": {"uv": [0, 0, 2.09375, 16], "texture": "#0"},
				"up": {"uv": [0, 0, 2.09375, 16], "texture": "#0"},
				"down": {"uv": [0, 0, 2.09375, 16], "texture": "#0"}
			}
		},
		{
			"from": [7.75, 7.5, 10.25],
			"to": [8.25, 15.5, 10.75],
			"rotation": {"angle": 45, "axis": "y", "origin": [7.75, 11, 7.75]},
			"faces": {
				"north": {"uv": [0, 0, 2.09375, 16], "texture": "#0"},
				"east": {"uv": [0, 0, 2.09375, 16], "texture": "#0"},
				"south": {"uv": [0, 0, 2.09375, 16], "texture": "#0"},
				"west": {"uv": [0, 0, 2.09375, 16], "texture": "#0"},
				"up": {"uv": [0, 0, 2.09375, 16], "texture": "#0"},
				"down": {"uv": [0, 0, 2.09375, 16], "texture": "#0"}
			}
		},
		{
			"from": [10.25, 7.5, 7.25],
			"to": [10.75, 15.5, 7.75],
			"rotation": {"angle": 0, "axis": "y", "origin": [7.75, 11, 7.75]},
			"faces": {
				"north": {"uv": [0, 0, 2.09375, 16], "texture": "#0"},
				"east": {"uv": [0, 0, 2.09375, 16], "texture": "#0"},
				"south": {"uv": [0, 0, 2.09375, 16], "texture": "#0"},
				"west": {"uv": [0, 0, 2.09375, 16], "texture": "#0"},
				"up": {"uv": [0, 0, 2.09375, 16], "texture": "#0"},
				"down": {"uv": [0, 0, 2.09375, 16], "texture": "#0"}
			}
		},
		{
			"from": [10.25, 7.5, 7.25],
			"to": [10.75, 15.5, 7.75],
			"rotation": {"angle": 45, "axis": "y", "origin": [7.75, 11, 7.75]},
			"faces": {
				"north": {"uv": [0, 0, 2.09375, 16], "texture": "#0"},
				"east": {"uv": [0, 0, 2.09375, 16], "texture": "#0"},
				"south": {"uv": [0, 0, 2.09375, 16], "texture": "#0"},
				"west": {"uv": [0, 0, 2.09375, 16], "texture": "#0"},
				"up": {"uv": [0, 0, 2.09375, 16], "texture": "#0"},
				"down": {"uv": [0, 0, 2.09375, 16], "texture": "#0"}
			}
		},
		{
			"from": [7.5, 7.5, 4.75],
			"to": [8, 15.5, 5.25],
			"rotation": {"angle": 0, "axis": "y", "origin": [7.75, 11, 7.75]},
			"faces": {
				"north": {"uv": [0, 0, 2.09375, 16], "texture": "#0"},
				"east": {"uv": [0, 0, 2.09375, 16], "texture": "#0"},
				"south": {"uv": [0, 0, 2.09375, 16], "texture": "#0"},
				"west": {"uv": [0, 0, 2.09375, 16], "texture": "#0"},
				"up": {"uv": [0, 0, 2.09375, 16], "texture": "#0"},
				"down": {"uv": [0, 0, 2.09375, 16], "texture": "#0"}
			}
		},
		{
			"from": [7.25, 7.5, 4.75],
			"to": [7.75, 15.5, 5.25],
			"rotation": {"angle": 45, "axis": "y", "origin": [7.75, 11, 7.75]},
			"faces": {
				"north": {"uv": [0, 0, 2.09375, 16], "texture": "#0"},
				"east": {"uv": [0, 0, 2.09375, 16], "texture": "#0"},
				"south": {"uv": [0, 0, 2.09375, 16], "texture": "#0"},
				"west": {"uv": [0, 0, 2.09375, 16], "texture": "#0"},
				"up": {"uv": [0, 0, 2.09375, 16], "texture": "#0"},
				"down": {"uv": [0, 0, 2.09375, 16], "texture": "#0"}
			}
		},
		{
			"from": [4.5, 7, 4.5],
			"to": [11, 7.5, 11],
			"rotation": {"angle": 0, "axis": "y", "origin": [6.95, 23.25, 6.25]},
			"faces": {
				"north": {"uv": [3.96875, 8, 7.125, 8.9375], "texture": "#0"},
				"east": {"uv": [3.96875, 8, 7.125, 8.9375], "texture": "#0"},
				"south": {"uv": [3.96875, 8, 7.125, 8.9375], "texture": "#0"},
				"west": {"uv": [3.96875, 8, 7.125, 8.9375], "texture": "#0"},
				"up": {"uv": [2.5, 0, 9.71875, 7.4375], "texture": "#0"},
				"down": {"uv": [2.5, 0, 9.71875, 7.4375], "texture": "#0"}
			}
		},
		{
			"from": [4.5, 15.5, 4.5],
			"to": [11, 16, 11],
			"rotation": {"angle": 0, "axis": "y", "origin": [6.95, 23.25, 6.25]},
			"faces": {
				"north": {"uv": [3.96875, 8, 7.125, 8.9375], "texture": "#0"},
				"east": {"uv": [3.96875, 8, 7.125, 8.9375], "texture": "#0"},
				"south": {"uv": [3.96875, 8, 7.125, 8.9375], "texture": "#0"},
				"west": {"uv": [3.96875, 8, 7.125, 8.9375], "texture": "#0"},
				"up": {"uv": [2.5, 0, 9.71875, 7.4375], "texture": "#0"},
				"down": {"uv": [2.5, 0, 9.71875, 7.4375], "texture": "#0"}
			}
		},
		{
			"from": [7.5, 7.5, 6.2],
			"to": [9.5, 15.5, 8.2],
			"rotation": {"angle": 45, "axis": "y", "origin": [8.75, 19.5, 8.5]},
			"faces": {
				"north": {"uv": [9.875, 0, 16, 14.09375], "texture": "#0"},
				"east": {"uv": [9.875, 0, 16, 14.09375], "texture": "#0"},
				"south": {"uv": [9.875, 0, 16, 14.09375], "texture": "#0"},
				"west": {"uv": [9.875, 0, 16, 14.09375], "texture": "#0"},
				"up": {"uv": [9.875, 0, 16, 14.09375], "texture": "#0"},
				"down": {"uv": [9.875, 0, 16, 14.09375], "texture": "#0"}
			}
		}
	],
	"display": {
		"gui": {
			"translation": [0.75, -5.75, 0],
			"scale": [1.53125, 1.64453, 1]
		},
		"fixed": {
			"translation": [0, -2.75, 0]
		}
	}
}