{
	"credit": "Made with Blockbench",
	"textures": {
		"0": "block/spruce_trapdoor"
	},
	"elements": [
		{
			"from": [0, 16, 0],
			"to": [16, 17, 16],
			"faces": {
				"north": {"uv": [0, 0, 16, 0.34375], "texture": "#0"},
				"east": {"uv": [0, 0, 16, 0.34375], "texture": "#0"},
				"south": {"uv": [0, 0, 16, 0.34375], "texture": "#0"},
				"west": {"uv": [0, 0, 16, 0.34375], "texture": "#0"},
				"up": {"uv": [0, 0, 16, 16], "texture": "#0"},
				"down": {"uv": [0, 0, 16, 16], "texture": "#0"}
			}
		}
	],
	"groups": [
		{
			"name": "spruce_trapdoor",
			"origin": [8, 8, 8],
			"children": [0]
		}
	]
}