{
	"credit": "Made with Blockbench",
	"parent": "minecraft:block/tinted_cross",
	"ambientocclusion": false,
	"textures": {
		"0": "block/sugar_cane",
		"particle": "block/sugar_cane"
	},
	"elements": [
		{
			"from": [-1, 0, 2],
			"to": [1, 16, 4],
			"rotation": {"angle": 45, "axis": "y", "origin": [0, 0, 0]},
			"faces": {
				"north": {"uv": [0, 0, 3, 10.46875], "texture": "#0"},
				"east": {"uv": [0, 0, 3, 10.46875], "texture": "#0"},
				"south": {"uv": [0, 0, 3, 10.46875], "texture": "#0"},
				"west": {"uv": [0, 0, 3, 10.46875], "texture": "#0"},
				"up": {"uv": [13.59375, 8.09375, 15.625, 10.25], "texture": "#0"},
				"down": {"uv": [13.59375, 8.09375, 15.625, 10.25], "texture": "#0"}
			}
		},
		{
			"from": [-2, 0, 11],
			"to": [0, 16, 13],
			"rotation": {"angle": 45, "axis": "y", "origin": [0, 0, 0]},
			"faces": {
				"north": {"uv": [0, 0, 3, 10.46875], "texture": "#0"},
				"east": {"uv": [0, 0, 3, 10.46875], "texture": "#0"},
				"south": {"uv": [0, 0, 3, 10.46875], "texture": "#0"},
				"west": {"uv": [0, 0, 3, 10.46875], "texture": "#0"},
				"up": {"uv": [13.59375, 8.09375, 15.625, 10.25], "texture": "#0"},
				"down": {"uv": [13.59375, 8.09375, 15.625, 10.25], "texture": "#0"}
			}
		},
		{
			"from": [-8, 0, 11],
			"to": [-6, 16, 13],
			"rotation": {"angle": 45, "axis": "y", "origin": [0, 0, 0]},
			"faces": {
				"north": {"uv": [0, 0, 3, 10.46875], "texture": "#0"},
				"east": {"uv": [0, 0, 3, 10.46875], "texture": "#0"},
				"south": {"uv": [0, 0, 3, 10.46875], "texture": "#0"},
				"west": {"uv": [0, 0, 3, 10.46875], "texture": "#0"},
				"up": {"uv": [13.59375, 8.09375, 15.625, 10.25], "texture": "#0"},
				"down": {"uv": [13.59375, 8.09375, 15.625, 10.25], "texture": "#0"}
			}
		},
		{
			"from": [7, 0, 12],
			"to": [9, 16, 14],
			"rotation": {"angle": 45, "axis": "y", "origin": [0, 0, 0]},
			"faces": {
				"north": {"uv": [0, 0, 3, 10.46875], "texture": "#0"},
				"east": {"uv": [0, 0, 3, 10.46875], "texture": "#0"},
				"south": {"uv": [0, 0, 3, 10.46875], "texture": "#0"},
				"west": {"uv": [0, 0, 3, 10.46875], "texture": "#0"},
				"up": {"uv": [13.59375, 8.09375, 15.625, 10.25], "texture": "#0"},
				"down": {"uv": [13.59375, 8.09375, 15.625, 10.25], "texture": "#0"}
			}
		},
		{
			"from": [-1, 0, 18],
			"to": [1, 16, 20],
			"rotation": {"angle": 45, "axis": "y", "origin": [0, 0, 0]},
			"faces": {
				"north": {"uv": [0, 0, 3, 10.46875], "texture": "#0"},
				"east": {"uv": [0, 0, 3, 10.46875], "texture": "#0"},
				"south": {"uv": [0, 0, 3, 10.46875], "texture": "#0"},
				"west": {"uv": [0, 0, 3, 10.46875], "texture": "#0"},
				"up": {"uv": [13.59375, 8.09375, 15.625, 10.25], "texture": "#0"},
				"down": {"uv": [13.59375, 8.09375, 15.625, 10.25], "texture": "#0"}
			}
		}
	]
}