{
	"credit": "Made with Blockbench",
	"ambientocclusion": false,
	"textures": {
		"3": "block/grass_extra1",
		"particle": "block/grass"
	},
	"elements": [
		{
			"from": [-3, -1, 9],
			"to": [13, 21, 9],
			"faces": {
				"north": {"uv": [0, 0, 16, 16], "texture": "#3"},
				"east": {"uv": [0, 0, 0, 16], "texture": "#3"},
				"south": {"uv": [0, 0, 16, 16], "texture": "#3"},
				"west": {"uv": [0, 0, 0, 16], "texture": "#3"},
				"up": {"uv": [0, 0, 16, 0], "texture": "#3"},
				"down": {"uv": [0, 0, 16, 0], "texture": "#3"}
			}
		},
		{
			"from": [5, -1, 1],
			"to": [5, 21, 17],
			"faces": {
				"north": {"uv": [0, 0, 0, 16], "texture": "#3"},
				"east": {"uv": [0, 0, 16, 16], "texture": "#3"},
				"south": {"uv": [0, 0, 0, 16], "texture": "#3"},
				"west": {"uv": [0, 0, 16, 16], "texture": "#3"},
				"up": {"uv": [0, 0, 16, 0], "rotation": 90, "texture": "#3"},
				"down": {"uv": [0, 0, 16, 0], "rotation": 270, "texture": "#3"}
			}
		}
	]
}