{
	"credit": "Made with Blockbench",
	"ambientocclusion": false,
	"textures": {
		"1": "block/grass_extra",
		"2": "block/grass_extra2",
		"particle": "block/grass"
	},
	"elements": [
		{
			"from": [4, 0, -3],
			"to": [4, 12, 19],
			"shade": false,
			"rotation": {"angle": 22.5, "axis": "y", "origin": [8, 8, 8]},
			"faces": {
				"east": {"uv": [0, 0, 16, 16], "texture": "#particle", "tintindex": 0},
				"west": {"uv": [0, 0, 16, 16], "texture": "#particle", "tintindex": 0}
			}
		},
		{
			"from": [12, 0, -3],
			"to": [12, 12, 19],
			"shade": false,
			"rotation": {"angle": 22.5, "axis": "y", "origin": [8, 8, 8]},
			"faces": {
				"east": {"uv": [0, 0, 16, 16], "texture": "#particle", "tintindex": 0},
				"west": {"uv": [0, 0, 16, 16], "texture": "#particle", "tintindex": 0}
			}
		},
		{
			"from": [-3, 0, 4],
			"to": [19, 12, 4],
			"shade": false,
			"rotation": {"angle": 22.5, "axis": "y", "origin": [8, 8, 8]},
			"faces": {
				"north": {"uv": [0, 0, 16, 16], "texture": "#particle", "tintindex": 0},
				"south": {"uv": [0, 0, 16, 16], "texture": "#particle", "tintindex": 0}
			}
		},
		{
			"from": [-3, 0, 12],
			"to": [19, 12, 12],
			"shade": false,
			"rotation": {"angle": 22.5, "axis": "y", "origin": [8, 8, 8]},
			"faces": {
				"north": {"uv": [0, 0, 16, 16], "texture": "#particle", "tintindex": 0},
				"south": {"uv": [0, 0, 16, 16], "texture": "#particle", "tintindex": 0}
			}
		},
		{
			"from": [4, 0, -3],
			"to": [4, 12, 19],
			"shade": false,
			"rotation": {"angle": -22.5, "axis": "y", "origin": [8, 8, 8]},
			"faces": {
				"east": {"uv": [0, 0, 16, 16], "texture": "#particle", "tintindex": 0},
				"west": {"uv": [0, 0, 16, 16], "texture": "#particle", "tintindex": 0}
			}
		},
		{
			"from": [12, 0, -3],
			"to": [12, 12, 19],
			"shade": false,
			"rotation": {"angle": -22.5, "axis": "y", "origin": [8, 8, 8]},
			"faces": {
				"east": {"uv": [0, 0, 16, 16], "texture": "#particle", "tintindex": 0},
				"west": {"uv": [0, 0, 16, 16], "texture": "#particle", "tintindex": 0}
			}
		},
		{
			"from": [-3, 0, 4],
			"to": [19, 12, 4],
			"shade": false,
			"rotation": {"angle": -22.5, "axis": "y", "origin": [8, 8, 8]},
			"faces": {
				"north": {"uv": [0, 0, 16, 16], "texture": "#particle", "tintindex": 0},
				"south": {"uv": [0, 0, 16, 16], "texture": "#particle", "tintindex": 0}
			}
		},
		{
			"from": [-3, 0, 12],
			"to": [19, 12, 12],
			"shade": false,
			"rotation": {"angle": -22.5, "axis": "y", "origin": [8, 8, 8]},
			"faces": {
				"north": {"uv": [0, 0, 16, 16], "texture": "#particle", "tintindex": 0},
				"south": {"uv": [0, 0, 16, 16], "texture": "#particle", "tintindex": 0}
			}
		},
		{
			"from": [-3, 0, 8],
			"to": [19, 12, 8],
			"shade": false,
			"rotation": {"angle": 22.5, "axis": "y", "origin": [8, 8, 8]},
			"faces": {
				"north": {"uv": [0, 0, 16, 16], "texture": "#particle", "tintindex": 0},
				"south": {"uv": [0, 0, 16, 16], "texture": "#particle", "tintindex": 0}
			}
		},
		{
			"from": [8, 0, -3],
			"to": [8, 12, 19],
			"shade": false,
			"rotation": {"angle": 22.5, "axis": "y", "origin": [8, 8, 8]},
			"faces": {
				"east": {"uv": [0, 0, 16, 16], "texture": "#particle", "tintindex": 0},
				"west": {"uv": [0, 0, 16, 16], "texture": "#particle", "tintindex": 0}
			}
		},
		{
			"from": [-3, 0, 8],
			"to": [19, 12, 8],
			"shade": false,
			"rotation": {"angle": -22.5, "axis": "y", "origin": [8, 8, 8]},
			"faces": {
				"north": {"uv": [0, 0, 16, 16], "texture": "#particle", "tintindex": 0},
				"south": {"uv": [0, 0, 16, 16], "texture": "#particle", "tintindex": 0}
			}
		},
		{
			"from": [8, 0, -3],
			"to": [8, 12, 19],
			"shade": false,
			"rotation": {"angle": -22.5, "axis": "y", "origin": [8, 8, 8]},
			"faces": {
				"east": {"uv": [0, 0, 16, 16], "texture": "#particle", "tintindex": 0},
				"west": {"uv": [0, 0, 16, 16], "texture": "#particle", "tintindex": 0}
			}
		},
		{
			"from": [-3, 0, 9],
			"to": [13, 17, 9],
			"faces": {
				"north": {"uv": [0, 0, 16, 16], "texture": "#1"},
				"east": {"uv": [0, 0, 0, 16], "texture": "#1"},
				"south": {"uv": [0, 0, 16, 16], "texture": "#1"},
				"west": {"uv": [0, 0, 0, 16], "texture": "#1"},
				"up": {"uv": [0, 0, 16, 0], "texture": "#1"},
				"down": {"uv": [0, 0, 16, 0], "texture": "#1"}
			}
		},
		{
			"from": [5, 0, 1],
			"to": [5, 17, 17],
			"faces": {
				"north": {"uv": [0, 0, 0, 16], "texture": "#1"},
				"east": {"uv": [0, 0, 16, 16], "texture": "#1"},
				"south": {"uv": [0, 0, 0, 16], "texture": "#1"},
				"west": {"uv": [0, 0, 16, 16], "texture": "#1"},
				"up": {"uv": [0, 0, 16, 0], "rotation": 90, "texture": "#1"},
				"down": {"uv": [0, 0, 16, 0], "rotation": 270, "texture": "#1"}
			}
		},
		{
			"from": [-6, 0, 5],
			"to": [10, 18, 5],
			"faces": {
				"north": {"uv": [0, 0, 16, 16], "texture": "#2"},
				"east": {"uv": [0, 0, 0, 16], "texture": "#2"},
				"south": {"uv": [0, 0, 16, 16], "texture": "#2"},
				"west": {"uv": [0, 0, 0, 16], "texture": "#2"},
				"up": {"uv": [0, 0, 16, 0], "texture": "#2"},
				"down": {"uv": [0, 0, 16, 0], "texture": "#2"}
			}
		},
		{
			"from": [2, 0, -3],
			"to": [2, 18, 13],
			"faces": {
				"north": {"uv": [0, 0, 0, 16], "texture": "#2"},
				"east": {"uv": [0, 0, 16, 16], "texture": "#2"},
				"south": {"uv": [0, 0, 0, 16], "texture": "#2"},
				"west": {"uv": [0, 0, 16, 16], "texture": "#2"},
				"up": {"uv": [0, 0, 16, 0], "rotation": 90, "texture": "#2"},
				"down": {"uv": [0, 0, 16, 0], "rotation": 270, "texture": "#2"}
			}
		}
	]
}