{
	"credit": "Made with Blockbench",
	"textures": {
		"2": "block/tnt_side1",
		"3": "block/tnt_top",
		"4": "block/tnt_side2",
		"5": "block/tnt_side3",
		"6": "block/tnt_side4",
		"particle": "block/tnt_bottom"
	},
	"elements": [
		{
			"from": [0, 0, 0],
			"to": [16, 16, 16],
			"faces": {
				"north": {"uv": [0, 0, 16, 16], "texture": "#4"},
				"east": {"uv": [0, 0, 16, 16], "texture": "#2"},
				"south": {"uv": [0, 0, 16, 16], "texture": "#5"},
				"west": {"uv": [0, 0, 16, 16], "texture": "#6"},
				"up": {"uv": [0, 0, 16, 16], "texture": "#3"},
				"down": {"uv": [0, 0, 16, 16], "texture": "#particle"}
			}
		}
	],
	"display": {
		"thirdperson_righthand": {
			"scale": [0.23242, 0.24805, 0.21094]
		},
		"thirdperson_lefthand": {
			"scale": [0.23242, 0.24805, 0.21094]
		},
		"firstperson_righthand": {
			"rotation": [-180, 76.5, -180],
			"scale": [0.23242, 0.24805, 0.1875]
		},
		"firstperson_lefthand": {
			"rotation": [0, 14.75, 0],
			"scale": [0.23242, 0.24805, 0.1875]
		},
		"ground": {
			"rotation": [-180, 76.5, -180],
			"scale": [0.23242, 0.24805, 0.23047]
		},
		"gui": {
			"rotation": [-152.7, -33.25, 178.61],
			"scale": [0.66016, 0.66992, 0.68555]
		},
		"fixed": {
			"translation": [0, 0, 4.75],
			"scale": [1, 1, 0.79883]
		}
	}
}