{
	"credit": "Made with Blockbench",
	"parent": "minecraft:block/template_torch",
	"ambientocclusion": false,
	"textures": {
		"1": "block/torch2",
		"particle": "block/torch2",
		"torch": "block/torch"
	},
	"elements": [
		{
			"from": [7.50833, 0, 7.50417],
			"to": [8.50833, 7.8, 8.50417],
			"rotation": {"angle": 0, "axis": "z", "origin": [21.00833, -0.49167, 6.75417]},
			"faces": {
				"north": {"uv": [11.84375, 0, 16, 16], "texture": "#torch"},
				"east": {"uv": [11.84375, 0, 16, 16], "texture": "#torch"},
				"south": {"uv": [11.84375, 0, 16, 16], "texture": "#torch"},
				"west": {"uv": [11.21875, 0, 15.375, 16], "texture": "#torch"},
				"up": {"uv": [10.65625, 0.78125, 15.28125, 4.40625], "texture": "#torch"},
				"down": {"uv": [10.65625, 0.78125, 15.28125, 4.40625], "texture": "#torch"}
			}
		},
		{
			"from": [8.00833, 8.20833, 6.50417],
			"to": [8.00833, 11.20833, 9.50417],
			"rotation": {"angle": 0, "axis": "y", "origin": [21.00833, -0.49167, 6.75417]},
			"faces": {
				"north": {"uv": [7.0625, 6.03125, 8.78125, 7.53125], "texture": "#1"},
				"east": {"uv": [3.34375, 3.5625, 10.09375, 12.875], "texture": "#1"},
				"south": {"uv": [7.0625, 6.03125, 8.78125, 7.53125], "texture": "#1"},
				"west": {"uv": [3.34375, 3.5625, 10.09375, 12.875], "texture": "#1"},
				"up": {"uv": [7.0625, 6.03125, 8.78125, 7.53125], "rotation": 90, "texture": "#1"},
				"down": {"uv": [7.0625, 6.03125, 8.78125, 7.53125], "rotation": 270, "texture": "#1"}
			}
		},
		{
			"from": [6.50833, 8.20833, 8.00417],
			"to": [9.50833, 11.20833, 8.00417],
			"rotation": {"angle": 0, "axis": "z", "origin": [21.00833, -0.49167, 6.75417]},
			"faces": {
				"north": {"uv": [3.34375, 3.5625, 10.09375, 12.875], "texture": "#1"},
				"east": {"uv": [7.0625, 6.03125, 8.78125, 7.53125], "texture": "#1"},
				"south": {"uv": [3.34375, 3.5625, 10.09375, 12.875], "texture": "#1"},
				"west": {"uv": [7.0625, 6.03125, 8.78125, 7.53125], "texture": "#1"},
				"up": {"uv": [7.0625, 6.03125, 8.78125, 7.53125], "texture": "#1"},
				"down": {"uv": [7.0625, 6.03125, 8.78125, 7.53125], "texture": "#1"}
			}
		},
		{
			"from": [6.50833, 7.80833, 6.50417],
			"to": [9.50833, 8.30833, 9.50417],
			"rotation": {"angle": 0, "axis": "z", "origin": [21.00833, -0.49167, 6.75417]},
			"faces": {
				"north": {"uv": [11.84375, 0, 16, 16], "texture": "#torch"},
				"east": {"uv": [11.84375, 0, 16, 16], "texture": "#torch"},
				"south": {"uv": [11.84375, 0, 16, 16], "texture": "#torch"},
				"west": {"uv": [11.21875, 0, 15.375, 16], "texture": "#torch"},
				"up": {"uv": [10.65625, 0.78125, 15.28125, 4.40625], "texture": "#torch"},
				"down": {"uv": [10.65625, 0.78125, 15.28125, 4.40625], "texture": "#torch"}
			}
		},
		{
			"from": [6.50833, 11.30833, 6.50417],
			"to": [9.50833, 11.80833, 9.50417],
			"rotation": {"angle": 0, "axis": "z", "origin": [21.00833, -0.49167, 6.75417]},
			"faces": {
				"north": {"uv": [9.375, 0, 16, 5.4375], "texture": "#torch"},
				"east": {"uv": [9.375, 0, 16, 5.4375], "texture": "#torch"},
				"south": {"uv": [9.375, 0, 16, 5.4375], "texture": "#torch"},
				"west": {"uv": [9.375, 0, 16, 5.4375], "texture": "#torch"},
				"up": {"uv": [9.375, 0, 16, 5.4375], "texture": "#torch"},
				"down": {"uv": [9.375, 0, 16, 5.4375], "texture": "#torch"}
			}
		},
		{
			"from": [6.75833, 11.80833, 6.75417],
			"to": [9.25833, 12.30833, 9.25417],
			"rotation": {"angle": 0, "axis": "z", "origin": [21.00833, -0.49167, 6.75417]},
			"faces": {
				"north": {"uv": [9.375, 0, 16, 5.4375], "texture": "#torch"},
				"east": {"uv": [9.375, 0, 16, 5.4375], "texture": "#torch"},
				"south": {"uv": [9.375, 0, 16, 5.4375], "texture": "#torch"},
				"west": {"uv": [9.375, 0, 16, 5.4375], "texture": "#torch"},
				"up": {"uv": [9.375, 0, 16, 5.4375], "texture": "#torch"},
				"down": {"uv": [9.375, 0, 16, 5.4375], "texture": "#torch"}
			}
		},
		{
			"from": [7.20833, 12.30833, 7.20417],
			"to": [8.70833, 12.80833, 8.70417],
			"rotation": {"angle": 0, "axis": "z", "origin": [21.00833, -0.49167, 6.75417]},
			"faces": {
				"north": {"uv": [9.375, 0, 16, 5.4375], "texture": "#torch"},
				"east": {"uv": [9.375, 0, 16, 5.4375], "texture": "#torch"},
				"south": {"uv": [9.375, 0, 16, 5.4375], "texture": "#torch"},
				"west": {"uv": [9.375, 0, 16, 5.4375], "texture": "#torch"},
				"up": {"uv": [9.375, 0, 16, 5.4375], "texture": "#torch"},
				"down": {"uv": [9.375, 0, 16, 5.4375], "texture": "#torch"}
			}
		},
		{
			"from": [7.45833, 12.80833, 7.50417],
			"to": [8.45833, 13.30833, 8.50417],
			"rotation": {"angle": 0, "axis": "z", "origin": [21.00833, -0.49167, 6.75417]},
			"faces": {
				"north": {"uv": [9.375, 0, 16, 5.4375], "texture": "#torch"},
				"east": {"uv": [9.375, 0, 16, 5.4375], "texture": "#torch"},
				"south": {"uv": [9.375, 0, 16, 5.4375], "texture": "#torch"},
				"west": {"uv": [9.375, 0, 16, 5.4375], "texture": "#torch"},
				"up": {"uv": [9.375, 0, 16, 5.4375], "texture": "#torch"},
				"down": {"uv": [9.375, 0, 16, 5.4375], "texture": "#torch"}
			}
		},
		{
			"from": [9.00833, 8.30833, 6.50417],
			"to": [9.50833, 11.30833, 7.00417],
			"rotation": {"angle": 0, "axis": "z", "origin": [21.00833, -0.49167, 6.75417]},
			"faces": {
				"north": {"uv": [11.84375, 0, 16, 16], "texture": "#torch"},
				"east": {"uv": [11.84375, 0, 16, 16], "texture": "#torch"},
				"south": {"uv": [11.84375, 0, 16, 16], "texture": "#torch"},
				"west": {"uv": [11.21875, 0, 15.375, 16], "texture": "#torch"},
				"up": {"uv": [10.65625, 0.78125, 15.28125, 4.40625], "texture": "#torch"},
				"down": {"uv": [10.65625, 0.78125, 15.28125, 4.40625], "texture": "#torch"}
			}
		},
		{
			"from": [6.50833, 8.30833, 6.50417],
			"to": [7.00833, 11.30833, 7.00417],
			"rotation": {"angle": 0, "axis": "z", "origin": [21.00833, -0.49167, 6.75417]},
			"faces": {
				"north": {"uv": [11.84375, 0, 16, 16], "texture": "#torch"},
				"east": {"uv": [11.84375, 0, 16, 16], "texture": "#torch"},
				"south": {"uv": [11.84375, 0, 16, 16], "texture": "#torch"},
				"west": {"uv": [11.21875, 0, 15.375, 16], "texture": "#torch"},
				"up": {"uv": [10.65625, 0.78125, 15.28125, 4.40625], "texture": "#torch"},
				"down": {"uv": [10.65625, 0.78125, 15.28125, 4.40625], "texture": "#torch"}
			}
		},
		{
			"from": [6.50833, 8.30833, 9.00417],
			"to": [7.00833, 11.30833, 9.50417],
			"rotation": {"angle": 0, "axis": "z", "origin": [21.00833, -0.49167, 6.75417]},
			"faces": {
				"north": {"uv": [11.84375, 0, 16, 16], "texture": "#torch"},
				"east": {"uv": [11.84375, 0, 16, 16], "texture": "#torch"},
				"south": {"uv": [11.84375, 0, 16, 16], "texture": "#torch"},
				"west": {"uv": [11.21875, 0, 15.375, 16], "texture": "#torch"},
				"up": {"uv": [10.65625, 0.78125, 15.28125, 4.40625], "texture": "#torch"},
				"down": {"uv": [10.65625, 0.78125, 15.28125, 4.40625], "texture": "#torch"}
			}
		},
		{
			"from": [9.00833, 8.30833, 9.00417],
			"to": [9.50833, 11.30833, 9.50417],
			"rotation": {"angle": 0, "axis": "z", "origin": [21.00833, -0.49167, 6.75417]},
			"faces": {
				"north": {"uv": [11.84375, 0, 16, 16], "texture": "#torch"},
				"east": {"uv": [11.84375, 0, 16, 16], "texture": "#torch"},
				"south": {"uv": [11.84375, 0, 16, 16], "texture": "#torch"},
				"west": {"uv": [11.21875, 0, 15.375, 16], "texture": "#torch"},
				"up": {"uv": [10.65625, 0.78125, 15.28125, 4.40625], "texture": "#torch"},
				"down": {"uv": [10.65625, 0.78125, 15.28125, 4.40625], "texture": "#torch"}
			}
		}
	],
	"display": {
		"thirdperson_righthand": {
			"translation": [0, 1.75, 0]
		},
		"thirdperson_lefthand": {
			"translation": [0, 1.75, 0]
		},
		"firstperson_righthand": {
			"rotation": [0, 27.5, 0],
			"translation": [3.5, 6.25, 0]
		},
		"firstperson_lefthand": {
			"rotation": [0, 27.5, 0],
			"translation": [3.5, 6.25, 0]
		},
		"ground": {
			"translation": [0, 2.75, 0],
			"scale": [0.73828, 0.66406, 0.74414]
		},
		"gui": {
			"rotation": [0, 0, 46],
			"translation": [-1.5, 1.75, 0],
			"scale": [1.75586, 1.54492, 1]
		},
		"fixed": {
			"translation": [0, 1.75, 0]
		}
	}
}