{
	"credit": "Made with Blockbench",
	"ambientocclusion": false,
	"textures": {
		"particle": "block/vine",
		"vine": "block/vine"
	},
	"elements": [
		{
			"from": [0, 0, 0.8],
			"to": [16, 16, 0.8],
			"shade": false,
			"faces": {
				"north": {"uv": [16, 0, 0, 16], "texture": "#vine", "tintindex": 0},
				"south": {"uv": [0, 0, 16, 16], "texture": "#vine", "tintindex": 0}
			}
		},
		{
			"from": [5, 0, -2],
			"to": [5, 16, 4],
			"faces": {
				"north": {"uv": [0, 0, 0, 16], "texture": "#vine"},
				"east": {"uv": [1.40625, 0, 8.21875, 16], "texture": "#vine"},
				"south": {"uv": [0, 0, 0, 16], "texture": "#vine"},
				"west": {"uv": [1.40625, 0, 8.21875, 16], "texture": "#vine"},
				"up": {"uv": [0, 0, 0, 3], "texture": "#vine"},
				"down": {"uv": [0, 0, 0, 3], "texture": "#vine"}
			}
		},
		{
			"from": [12, 0, -2],
			"to": [12, 16, 3],
			"faces": {
				"north": {"uv": [0, 0, 0, 16], "texture": "#vine"},
				"east": {"uv": [1.40625, 0, 8.21875, 16], "texture": "#vine"},
				"south": {"uv": [0, 0, 0, 16], "texture": "#vine"},
				"west": {"uv": [1.40625, 0, 8.21875, 16], "texture": "#vine"},
				"up": {"uv": [0, 0, 0, 3], "texture": "#vine"},
				"down": {"uv": [0, 0, 0, 3], "texture": "#vine"}
			}
		}
	],
	"display": {
		"thirdperson_righthand": {
			"rotation": [-62.28, 80.97, 43.09],
			"translation": [3, 4, 1.75],
			"scale": [0.4082, 0.66211, 0.30078]
		},
		"thirdperson_lefthand": {
			"rotation": [-62.28, 80.97, 43.09],
			"translation": [3, 4, 1.75],
			"scale": [0.4082, 0.66211, 0.30078]
		},
		"firstperson_righthand": {
			"rotation": [-62.28, 80.97, 43.09],
			"translation": [5.25, 4, 1.75],
			"scale": [0.4082, 0.66211, 0.73633]
		},
		"firstperson_lefthand": {
			"rotation": [-62.28, 80.97, 43.09],
			"translation": [5.25, 4, 1.75],
			"scale": [0.4082, 0.66211, 0.73633]
		},
		"ground": {
			"rotation": [0.1, 85.18, 1.78],
			"translation": [5.25, 2, 0.5],
			"scale": [0.4082, 0.66211, 0.73633]
		},
		"fixed": {
			"translation": [-1, 0, 6.5]
		}
	}
}