{
	"credit": "Made with Blockbench",
	"parent": "minecraft:block/template_torch",
	"ambientocclusion": false,
	"textures": {
		"1": "block/torch2",
		"torch": "block/torch",
		"particle": "block/torch2"
	},
	"elements": [
		{
			"from": [0, 3, 7.5],
			"to": [0.5, 5, 8.5],
			"rotation": {"angle": 0, "axis": "z", "origin": [15, 3, 6.5]},
			"faces": {
				"north": {"uv": [1.53125, 0.59375, 2.96875, 6.78125], "texture": "#torch"},
				"east": {"uv": [0, 0, 6.21875, 8.125], "texture": "#torch"},
				"south": {"uv": [1.53125, 0.59375, 2.96875, 6.78125], "texture": "#torch"},
				"west": {"uv": [0, 0, 6.21875, 8.125], "texture": "#torch"},
				"up": {"uv": [1.53125, 0.59375, 2.96875, 6.78125], "texture": "#torch"},
				"down": {"uv": [1.53125, 0.59375, 2.96875, 6.78125], "texture": "#torch"}
			}
		},
		{
			"from": [0.5, 3.8, 7.75],
			"to": [1.5, 4.3, 8.25],
			"rotation": {"angle": 0, "axis": "z", "origin": [15, 3, 6.75]},
			"faces": {
				"north": {"uv": [10.46875, 0.78125, 15.09375, 4.40625], "texture": "#torch"},
				"east": {"uv": [10.46875, 0.78125, 15.09375, 4.40625], "texture": "#torch"},
				"south": {"uv": [10.46875, 0.78125, 15.09375, 4.40625], "texture": "#torch"},
				"west": {"uv": [10.46875, 0.78125, 15.09375, 4.40625], "texture": "#torch"},
				"up": {"uv": [10.46875, 0.78125, 15.09375, 4.40625], "texture": "#torch"},
				"down": {"uv": [10.46875, 0.78125, 15.09375, 4.40625], "texture": "#torch"}
			}
		},
		{
			"from": [1.5, 1.8, 7.5],
			"to": [2.5, 9.3, 8.5],
			"rotation": {"angle": 0, "axis": "z", "origin": [15, 3, 6.75]},
			"faces": {
				"north": {"uv": [11.84375, 0, 16, 16], "texture": "#torch"},
				"east": {"uv": [11.84375, 0, 16, 16], "texture": "#torch"},
				"south": {"uv": [11.84375, 0, 16, 16], "texture": "#torch"},
				"west": {"uv": [11.21875, 0, 15.375, 16], "texture": "#torch"},
				"up": {"uv": [10.65625, 0.78125, 15.28125, 4.40625], "texture": "#torch"},
				"down": {"uv": [10.65625, 0.78125, 15.28125, 4.40625], "texture": "#torch"}
			}
		},
		{
			"from": [2, 9.7, 6.5],
			"to": [2, 12.7, 9.5],
			"rotation": {"angle": 0, "axis": "y", "origin": [15, 3, 6.75]},
			"faces": {
				"north": {"uv": [7.0625, 6.03125, 8.78125, 7.53125], "texture": "#1"},
				"east": {"uv": [3.34375, 3.5625, 10.09375, 12.875], "texture": "#1"},
				"south": {"uv": [7.0625, 6.03125, 8.78125, 7.53125], "texture": "#1"},
				"west": {"uv": [3.34375, 3.5625, 10.09375, 12.875], "texture": "#1"},
				"up": {"uv": [7.0625, 6.03125, 8.78125, 7.53125], "rotation": 90, "texture": "#1"},
				"down": {"uv": [7.0625, 6.03125, 8.78125, 7.53125], "rotation": 270, "texture": "#1"}
			}
		},
		{
			"from": [0.5, 9.7, 8],
			"to": [3.5, 12.7, 8],
			"rotation": {"angle": 0, "axis": "z", "origin": [15, 3, 6.75]},
			"faces": {
				"north": {"uv": [3.34375, 3.5625, 10.09375, 12.875], "texture": "#1"},
				"east": {"uv": [7.0625, 6.03125, 8.78125, 7.53125], "texture": "#1"},
				"south": {"uv": [3.34375, 3.5625, 10.09375, 12.875], "texture": "#1"},
				"west": {"uv": [7.0625, 6.03125, 8.78125, 7.53125], "texture": "#1"},
				"up": {"uv": [7.0625, 6.03125, 8.78125, 7.53125], "texture": "#1"},
				"down": {"uv": [7.0625, 6.03125, 8.78125, 7.53125], "texture": "#1"}
			}
		},
		{
			"from": [0.5, 9.3, 6.5],
			"to": [3.5, 9.8, 9.5],
			"rotation": {"angle": 0, "axis": "z", "origin": [15, 3, 6.75]},
			"faces": {
				"north": {"uv": [11.84375, 0, 16, 16], "texture": "#torch"},
				"east": {"uv": [11.84375, 0, 16, 16], "texture": "#torch"},
				"south": {"uv": [11.84375, 0, 16, 16], "texture": "#torch"},
				"west": {"uv": [11.21875, 0, 15.375, 16], "texture": "#torch"},
				"up": {"uv": [10.65625, 0.78125, 15.28125, 4.40625], "texture": "#torch"},
				"down": {"uv": [10.65625, 0.78125, 15.28125, 4.40625], "texture": "#torch"}
			}
		},
		{
			"from": [0.5, 12.8, 6.5],
			"to": [3.5, 13.3, 9.5],
			"rotation": {"angle": 0, "axis": "z", "origin": [15, 3, 6.75]},
			"faces": {
				"north": {"uv": [9.375, 0, 16, 5.4375], "texture": "#torch"},
				"east": {"uv": [9.375, 0, 16, 5.4375], "texture": "#torch"},
				"south": {"uv": [9.375, 0, 16, 5.4375], "texture": "#torch"},
				"west": {"uv": [9.375, 0, 16, 5.4375], "texture": "#torch"},
				"up": {"uv": [9.375, 0, 16, 5.4375], "texture": "#torch"},
				"down": {"uv": [9.375, 0, 16, 5.4375], "texture": "#torch"}
			}
		},
		{
			"from": [0.75, 13.3, 6.75],
			"to": [3.25, 13.8, 9.25],
			"rotation": {"angle": 0, "axis": "z", "origin": [15, 3, 6.75]},
			"faces": {
				"north": {"uv": [9.375, 0, 16, 5.4375], "texture": "#torch"},
				"east": {"uv": [9.375, 0, 16, 5.4375], "texture": "#torch"},
				"south": {"uv": [9.375, 0, 16, 5.4375], "texture": "#torch"},
				"west": {"uv": [9.375, 0, 16, 5.4375], "texture": "#torch"},
				"up": {"uv": [9.375, 0, 16, 5.4375], "texture": "#torch"},
				"down": {"uv": [9.375, 0, 16, 5.4375], "texture": "#torch"}
			}
		},
		{
			"from": [1.2, 13.8, 7.2],
			"to": [2.7, 14.3, 8.7],
			"rotation": {"angle": 0, "axis": "z", "origin": [15, 3, 6.75]},
			"faces": {
				"north": {"uv": [9.375, 0, 16, 5.4375], "texture": "#torch"},
				"east": {"uv": [9.375, 0, 16, 5.4375], "texture": "#torch"},
				"south": {"uv": [9.375, 0, 16, 5.4375], "texture": "#torch"},
				"west": {"uv": [9.375, 0, 16, 5.4375], "texture": "#torch"},
				"up": {"uv": [9.375, 0, 16, 5.4375], "texture": "#torch"},
				"down": {"uv": [9.375, 0, 16, 5.4375], "texture": "#torch"}
			}
		},
		{
			"from": [1.45, 14.3, 7.5],
			"to": [2.45, 14.8, 8.5],
			"rotation": {"angle": 0, "axis": "z", "origin": [15, 3, 6.75]},
			"faces": {
				"north": {"uv": [9.375, 0, 16, 5.4375], "texture": "#torch"},
				"east": {"uv": [9.375, 0, 16, 5.4375], "texture": "#torch"},
				"south": {"uv": [9.375, 0, 16, 5.4375], "texture": "#torch"},
				"west": {"uv": [9.375, 0, 16, 5.4375], "texture": "#torch"},
				"up": {"uv": [9.375, 0, 16, 5.4375], "texture": "#torch"},
				"down": {"uv": [9.375, 0, 16, 5.4375], "texture": "#torch"}
			}
		},
		{
			"from": [3, 9.8, 6.5],
			"to": [3.5, 12.8, 7],
			"rotation": {"angle": 0, "axis": "z", "origin": [15, 3, 6.75]},
			"faces": {
				"north": {"uv": [11.84375, 0, 16, 16], "texture": "#torch"},
				"east": {"uv": [11.84375, 0, 16, 16], "texture": "#torch"},
				"south": {"uv": [11.84375, 0, 16, 16], "texture": "#torch"},
				"west": {"uv": [11.21875, 0, 15.375, 16], "texture": "#torch"},
				"up": {"uv": [10.65625, 0.78125, 15.28125, 4.40625], "texture": "#torch"},
				"down": {"uv": [10.65625, 0.78125, 15.28125, 4.40625], "texture": "#torch"}
			}
		},
		{
			"from": [0.5, 9.8, 6.5],
			"to": [1, 12.8, 7],
			"rotation": {"angle": 0, "axis": "z", "origin": [15, 3, 6.75]},
			"faces": {
				"north": {"uv": [11.84375, 0, 16, 16], "texture": "#torch"},
				"east": {"uv": [11.84375, 0, 16, 16], "texture": "#torch"},
				"south": {"uv": [11.84375, 0, 16, 16], "texture": "#torch"},
				"west": {"uv": [11.21875, 0, 15.375, 16], "texture": "#torch"},
				"up": {"uv": [10.65625, 0.78125, 15.28125, 4.40625], "texture": "#torch"},
				"down": {"uv": [10.65625, 0.78125, 15.28125, 4.40625], "texture": "#torch"}
			}
		},
		{
			"from": [0.5, 9.8, 9],
			"to": [1, 12.8, 9.5],
			"rotation": {"angle": 0, "axis": "z", "origin": [15, 3, 6.75]},
			"faces": {
				"north": {"uv": [11.84375, 0, 16, 16], "texture": "#torch"},
				"east": {"uv": [11.84375, 0, 16, 16], "texture": "#torch"},
				"south": {"uv": [11.84375, 0, 16, 16], "texture": "#torch"},
				"west": {"uv": [11.21875, 0, 15.375, 16], "texture": "#torch"},
				"up": {"uv": [10.65625, 0.78125, 15.28125, 4.40625], "texture": "#torch"},
				"down": {"uv": [10.65625, 0.78125, 15.28125, 4.40625], "texture": "#torch"}
			}
		},
		{
			"from": [3, 9.8, 9],
			"to": [3.5, 12.8, 9.5],
			"rotation": {"angle": 0, "axis": "z", "origin": [15, 3, 6.75]},
			"faces": {
				"north": {"uv": [11.84375, 0, 16, 16], "texture": "#torch"},
				"east": {"uv": [11.84375, 0, 16, 16], "texture": "#torch"},
				"south": {"uv": [11.84375, 0, 16, 16], "texture": "#torch"},
				"west": {"uv": [11.21875, 0, 15.375, 16], "texture": "#torch"},
				"up": {"uv": [10.65625, 0.78125, 15.28125, 4.40625], "texture": "#torch"},
				"down": {"uv": [10.65625, 0.78125, 15.28125, 4.40625], "texture": "#torch"}
			}
		},
		{
			"from": [0.5, 6.8, 7.75],
			"to": [1.5, 7.3, 8.25],
			"rotation": {"angle": 0, "axis": "z", "origin": [15, 3, 6.75]},
			"faces": {
				"north": {"uv": [10.46875, 0.78125, 15.09375, 4.40625], "texture": "#torch"},
				"east": {"uv": [10.46875, 0.78125, 15.09375, 4.40625], "texture": "#torch"},
				"south": {"uv": [10.46875, 0.78125, 15.09375, 4.40625], "texture": "#torch"},
				"west": {"uv": [10.46875, 0.78125, 15.09375, 4.40625], "texture": "#torch"},
				"up": {"uv": [10.46875, 0.78125, 15.09375, 4.40625], "texture": "#torch"},
				"down": {"uv": [10.46875, 0.78125, 15.09375, 4.40625], "texture": "#torch"}
			}
		},
		{
			"from": [0, 6, 7.5],
			"to": [0.5, 8, 8.5],
			"rotation": {"angle": 0, "axis": "z", "origin": [15, 3, 6.5]},
			"faces": {
				"north": {"uv": [1.53125, 0.59375, 2.96875, 6.78125], "texture": "#torch"},
				"east": {"uv": [0, 0, 6.21875, 8.125], "texture": "#torch"},
				"south": {"uv": [1.53125, 0.59375, 2.96875, 6.78125], "texture": "#torch"},
				"west": {"uv": [0, 0, 6.21875, 8.125], "texture": "#torch"},
				"up": {"uv": [1.53125, 0.59375, 2.96875, 6.78125], "texture": "#torch"},
				"down": {"uv": [1.53125, 0.59375, 2.96875, 6.78125], "texture": "#torch"}
			}
		}
	],
	"display": {
		"thirdperson_righthand": {
			"translation": [0, 6.25, 0]
		},
		"thirdperson_lefthand": {
			"translation": [0, 6.25, 0]
		},
		"firstperson_righthand": {
			"translation": [3.5, 6.25, 0]
		},
		"ground": {
			"translation": [0, 6.75, 0]
		},
		"gui": {
			"translation": [0, 4, 0],
			"scale": [1.75586, 1.54492, 1]
		},
		"fixed": {
			"translation": [0, 1.75, 0]
		}
	}
}