{
	"credit": "Made with Blockbench",
	"parent": "block/crop",
	"ambientocclusion": false,
	"texture_size": [2048, 2048],
	"textures": {
		"particle": "block/wheat_stage7",
		"cross": "block/wheat_stage7"
	},
	"elements": [
		{
			"from": [5.25, 0, 3.3],
			"to": [5.25, 32, 15.7],
			"shade": false,
			"rotation": {"angle": 45, "axis": "y", "origin": [5.25, 7, 11.5], "rescale": true},
			"faces": {
				"east": {"uv": [0, 0, 16, 16], "texture": "#cross", "tintindex": 0},
				"west": {"uv": [0, 0, 16, 16], "texture": "#cross", "tintindex": 0}
			}
		},
		{
			"from": [1.8, 0, 11.5],
			"to": [15.2, 32, 11.5],
			"shade": false,
			"rotation": {"angle": 22.5, "axis": "y", "origin": [10, 7, 12.5], "rescale": true},
			"faces": {
				"north": {"uv": [0, 0, 16, 16], "texture": "#cross", "tintindex": 0},
				"south": {"uv": [0, 0, 16, 16], "texture": "#cross", "tintindex": 0}
			}
		},
		{
			"from": [-0.7, 0, 4],
			"to": [10.7, 32, 4],
			"shade": false,
			"rotation": {"angle": 45, "axis": "y", "origin": [5.5, 7, 5], "rescale": true},
			"faces": {
				"north": {"uv": [0, 0, 16, 16], "texture": "#cross", "tintindex": 0},
				"south": {"uv": [0, 0, 16, 16], "texture": "#cross", "tintindex": 0}
			}
		},
		{
			"from": [7.25, 0, 0.55],
			"to": [7.25, 32, 14.95],
			"shade": false,
			"rotation": {"angle": 0, "axis": "y", "origin": [7.25, 7, 8.75], "rescale": true},
			"faces": {
				"east": {"uv": [0, 0, 16, 16], "texture": "#cross", "tintindex": 0},
				"west": {"uv": [0, 0, 16, 16], "texture": "#cross", "tintindex": 0}
			}
		},
		{
			"from": [1.05, 0, 3.75],
			"to": [15.45, 32, 3.75],
			"shade": false,
			"rotation": {"angle": 0, "axis": "y", "origin": [7.25, 7, 8.75], "rescale": true},
			"faces": {
				"north": {"uv": [0, 0, 16, 16], "texture": "#cross", "tintindex": 0},
				"south": {"uv": [0, 0, 16, 16], "texture": "#cross", "tintindex": 0}
			}
		},
		{
			"from": [1.05, 0, 5.75],
			"to": [15.45, 32, 5.75],
			"shade": false,
			"rotation": {"angle": 0, "axis": "y", "origin": [7.25, 7, 8.75], "rescale": true},
			"faces": {
				"north": {"uv": [0, 0, 16, 16], "texture": "#cross", "tintindex": 0},
				"south": {"uv": [0, 0, 16, 16], "texture": "#cross", "tintindex": 0}
			}
		},
		{
			"from": [1.05, 0, 10.75],
			"to": [15.45, 32, 10.75],
			"shade": false,
			"rotation": {"angle": 0, "axis": "y", "origin": [7.25, 7, 8.75], "rescale": true},
			"faces": {
				"north": {"uv": [0, 0, 16, 16], "texture": "#cross", "tintindex": 0},
				"south": {"uv": [0, 0, 16, 16], "texture": "#cross", "tintindex": 0}
			}
		},
		{
			"from": [1.05, 0, 12.75],
			"to": [15.45, 32, 12.75],
			"shade": false,
			"rotation": {"angle": 0, "axis": "y", "origin": [7.25, 7, 8.75], "rescale": true},
			"faces": {
				"north": {"uv": [0, 0, 16, 16], "texture": "#cross", "tintindex": 0},
				"south": {"uv": [0, 0, 16, 16], "texture": "#cross", "tintindex": 0}
			}
		},
		{
			"from": [10.25, 0, 0.55],
			"to": [10.25, 32, 14.95],
			"shade": false,
			"rotation": {"angle": 0, "axis": "y", "origin": [7.25, 7, 8.75], "rescale": true},
			"faces": {
				"east": {"uv": [0, 0, 16, 16], "texture": "#cross", "tintindex": 0},
				"west": {"uv": [0, 0, 16, 16], "texture": "#cross", "tintindex": 0}
			}
		},
		{
			"from": [13.25, 0, 2.55],
			"to": [13.25, 32, 12.95],
			"shade": false,
			"rotation": {"angle": 0, "axis": "y", "origin": [7.25, 7, 8.75], "rescale": true},
			"faces": {
				"east": {"uv": [0, 0, 16, 16], "texture": "#cross", "tintindex": 0},
				"west": {"uv": [0, 0, 16, 16], "texture": "#cross", "tintindex": 0}
			}
		},
		{
			"from": [4.25, 0, 0.55],
			"to": [4.25, 32, 14.95],
			"shade": false,
			"rotation": {"angle": 0, "axis": "y", "origin": [7.25, 7, 8.75], "rescale": true},
			"faces": {
				"east": {"uv": [0, 0, 16, 16], "texture": "#cross", "tintindex": 0},
				"west": {"uv": [0, 0, 16, 16], "texture": "#cross", "tintindex": 0}
			}
		},
		{
			"from": [1.8, 0, 4],
			"to": [15.2, 32, 4],
			"shade": false,
			"rotation": {"angle": -22.5, "axis": "y", "origin": [10, 7, 5], "rescale": true},
			"faces": {
				"north": {"uv": [0, 0, 16, 16], "texture": "#cross", "tintindex": 0},
				"south": {"uv": [0, 0, 16, 16], "texture": "#cross", "tintindex": 0}
			}
		},
		{
			"from": [13, 0, 1.8],
			"to": [13, 32, 13.2],
			"shade": false,
			"rotation": {"angle": 0, "axis": "y", "origin": [13, 7, 7], "rescale": true},
			"faces": {
				"east": {"uv": [0, 0, 16, 16], "texture": "#cross", "tintindex": 0},
				"west": {"uv": [0, 0, 16, 16], "texture": "#cross", "tintindex": 0}
			}
		},
		{
			"from": [1.55, 0, 8],
			"to": [16.2, 32, 8],
			"shade": false,
			"rotation": {"angle": 0, "axis": "y", "origin": [9, 7, 8], "rescale": true},
			"faces": {
				"north": {"uv": [0, 0, 16, 16], "texture": "#cross", "tintindex": 0},
				"south": {"uv": [0, 0, 16, 16], "texture": "#cross", "tintindex": 0}
			}
		}
	],
	"groups": [
		{
			"name": "tinted_cross",
			"origin": [8, 8, 8],
			"children": [0, 1, 2, 3, 4, 5, 6, 7, 8, 9, 10, 11, 12, 13]
		}
	]
}