{
	"credit": "Made with Blockbench",
	"textures": {
		"0": "item/blazing_blade",
		"particle": "item/blazing_blade"
	},
	"elements": [
		{
			"name": "blazing_blade_0",
			"from": [14, 14, 0],
			"to": [16, 16, 0.5],
			"faces": {
				"north": {"uv": [16, 0, 14, 2], "texture": "#0"},
				"east": {"uv": [15.5, 0, 16, 2], "texture": "#0"},
				"south": {"uv": [14, 0, 16, 2], "texture": "#0"},
				"west": {"uv": [14, 0, 14.5, 2], "texture": "#0"},
				"up": {"uv": [14, 0, 16, 0.5], "texture": "#0"},
				"down": {"uv": [14, 1.5, 16, 2], "texture": "#0"}
			}
		},
		{
			"name": "blazing_blade_1",
			"from": [13.5, 12, 0],
			"to": [14, 15.5, 0.5],
			"faces": {
				"north": {"uv": [14, 0.5, 13.5, 4], "texture": "#0"},
				"east": {"uv": [13.5, 0.5, 14, 4], "texture": "#0"},
				"south": {"uv": [13.5, 0.5, 14, 4], "texture": "#0"},
				"west": {"uv": [13.5, 0.5, 14, 4], "texture": "#0"},
				"up": {"uv": [13.5, 0.5, 14, 1], "texture": "#0"},
				"down": {"uv": [13.5, 3.5, 14, 4], "texture": "#0"}
			}
		},
		{
			"name": "blazing_blade_2",
			"from": [13, 11.5, 0],
			"to": [13.5, 15, 0.5],
			"faces": {
				"north": {"uv": [13.5, 1, 13, 4.5], "texture": "#0"},
				"east": {"uv": [13, 1, 13.5, 4.5], "texture": "#0"},
				"south": {"uv": [13, 1, 13.5, 4.5], "texture": "#0"},
				"west": {"uv": [13, 1, 13.5, 4.5], "texture": "#0"},
				"up": {"uv": [13, 1, 13.5, 1.5], "texture": "#0"},
				"down": {"uv": [13, 4, 13.5, 4.5], "texture": "#0"}
			}
		},
		{
			"name": "blazing_blade_3",
			"from": [12.5, 11, 0],
			"to": [13, 14.5, 0.5],
			"faces": {
				"north": {"uv": [13, 1.5, 12.5, 5], "texture": "#0"},
				"east": {"uv": [12.5, 1.5, 13, 5], "texture": "#0"},
				"south": {"uv": [12.5, 1.5, 13, 5], "texture": "#0"},
				"west": {"uv": [12.5, 1.5, 13, 5], "texture": "#0"},
				"up": {"uv": [12.5, 1.5, 13, 2], "texture": "#0"},
				"down": {"uv": [12.5, 4.5, 13, 5], "texture": "#0"}
			}
		},
		{
			"name": "blazing_blade_4",
			"from": [12, 10.5, 0],
			"to": [12.5, 14, 0.5],
			"faces": {
				"north": {"uv": [12.5, 2, 12, 5.5], "texture": "#0"},
				"east": {"uv": [12, 2, 12.5, 5.5], "texture": "#0"},
				"south": {"uv": [12, 2, 12.5, 5.5], "texture": "#0"},
				"west": {"uv": [12, 2, 12.5, 5.5], "texture": "#0"},
				"up": {"uv": [12, 2, 12.5, 2.5], "texture": "#0"},
				"down": {"uv": [12, 5, 12.5, 5.5], "texture": "#0"}
			}
		},
		{
			"name": "blazing_blade_5",
			"from": [14, 13, 0],
			"to": [15, 14, 0.5],
			"faces": {
				"north": {"uv": [15, 2, 14, 3], "texture": "#0"},
				"east": {"uv": [14.5, 2, 15, 3], "texture": "#0"},
				"south": {"uv": [14, 2, 15, 3], "texture": "#0"},
				"west": {"uv": [14, 2, 14.5, 3], "texture": "#0"},
				"up": {"uv": [14, 2, 15, 2.5], "texture": "#0"},
				"down": {"uv": [14, 2.5, 15, 3], "texture": "#0"}
			}
		},
		{
			"name": "blazing_blade_6",
			"from": [15, 13.5, 0],
			"to": [15.5, 14, 0.5],
			"faces": {
				"north": {"uv": [15.5, 2, 15, 2.5], "texture": "#0"},
				"east": {"uv": [15, 2, 15.5, 2.5], "texture": "#0"},
				"south": {"uv": [15, 2, 15.5, 2.5], "texture": "#0"},
				"west": {"uv": [15, 2, 15.5, 2.5], "texture": "#0"},
				"up": {"uv": [15, 2, 15.5, 2.5], "texture": "#0"},
				"down": {"uv": [15, 2, 15.5, 2.5], "texture": "#0"}
			}
		},
		{
			"name": "blazing_blade_7",
			"from": [11.5, 10, 0],
			"to": [12, 13.5, 0.5],
			"faces": {
				"north": {"uv": [12, 2.5, 11.5, 6], "texture": "#0"},
				"east": {"uv": [11.5, 2.5, 12, 6], "texture": "#0"},
				"south": {"uv": [11.5, 2.5, 12, 6], "texture": "#0"},
				"west": {"uv": [11.5, 2.5, 12, 6], "texture": "#0"},
				"up": {"uv": [11.5, 2.5, 12, 3], "texture": "#0"},
				"down": {"uv": [11.5, 5.5, 12, 6], "texture": "#0"}
			}
		},
		{
			"name": "blazing_blade_8",
			"from": [11, 9.5, 0],
			"to": [11.5, 13, 0.5],
			"faces": {
				"north": {"uv": [11.5, 3, 11, 6.5], "texture": "#0"},
				"east": {"uv": [11, 3, 11.5, 6.5], "texture": "#0"},
				"south": {"uv": [11, 3, 11.5, 6.5], "texture": "#0"},
				"west": {"uv": [11, 3, 11.5, 6.5], "texture": "#0"},
				"up": {"uv": [11, 3, 11.5, 3.5], "texture": "#0"},
				"down": {"uv": [11, 6, 11.5, 6.5], "texture": "#0"}
			}
		},
		{
			"name": "blazing_blade_9",
			"from": [14, 12.5, 0],
			"to": [14.5, 13, 0.5],
			"faces": {
				"north": {"uv": [14.5, 3, 14, 3.5], "texture": "#0"},
				"east": {"uv": [14, 3, 14.5, 3.5], "texture": "#0"},
				"south": {"uv": [14, 3, 14.5, 3.5], "texture": "#0"},
				"west": {"uv": [14, 3, 14.5, 3.5], "texture": "#0"},
				"up": {"uv": [14, 3, 14.5, 3.5], "texture": "#0"},
				"down": {"uv": [14, 3, 14.5, 3.5], "texture": "#0"}
			}
		},
		{
			"name": "blazing_blade_10",
			"from": [10.5, 9, 0],
			"to": [11, 12.5, 0.5],
			"faces": {
				"north": {"uv": [11, 3.5, 10.5, 7], "texture": "#0"},
				"east": {"uv": [10.5, 3.5, 11, 7], "texture": "#0"},
				"south": {"uv": [10.5, 3.5, 11, 7], "texture": "#0"},
				"west": {"uv": [10.5, 3.5, 11, 7], "texture": "#0"},
				"up": {"uv": [10.5, 3.5, 11, 4], "texture": "#0"},
				"down": {"uv": [10.5, 6.5, 11, 7], "texture": "#0"}
			}
		},
		{
			"name": "blazing_blade_11",
			"from": [10, 8.5, 0],
			"to": [10.5, 12, 0.5],
			"faces": {
				"north": {"uv": [10.5, 4, 10, 7.5], "texture": "#0"},
				"east": {"uv": [10, 4, 10.5, 7.5], "texture": "#0"},
				"south": {"uv": [10, 4, 10.5, 7.5], "texture": "#0"},
				"west": {"uv": [10, 4, 10.5, 7.5], "texture": "#0"},
				"up": {"uv": [10, 4, 10.5, 4.5], "texture": "#0"},
				"down": {"uv": [10, 7, 10.5, 7.5], "texture": "#0"}
			}
		},
		{
			"name": "blazing_blade_12",
			"from": [9.5, 8, 0],
			"to": [10, 11.5, 0.5],
			"faces": {
				"north": {"uv": [10, 4.5, 9.5, 8], "texture": "#0"},
				"east": {"uv": [9.5, 4.5, 10, 8], "texture": "#0"},
				"south": {"uv": [9.5, 4.5, 10, 8], "texture": "#0"},
				"west": {"uv": [9.5, 4.5, 10, 8], "texture": "#0"},
				"up": {"uv": [9.5, 4.5, 10, 5], "texture": "#0"},
				"down": {"uv": [9.5, 7.5, 10, 8], "texture": "#0"}
			}
		},
		{
			"name": "blazing_blade_13",
			"from": [9, 7.5, 0],
			"to": [9.5, 11, 0.5],
			"faces": {
				"north": {"uv": [9.5, 5, 9, 8.5], "texture": "#0"},
				"east": {"uv": [9, 5, 9.5, 8.5], "texture": "#0"},
				"south": {"uv": [9, 5, 9.5, 8.5], "texture": "#0"},
				"west": {"uv": [9, 5, 9.5, 8.5], "texture": "#0"},
				"up": {"uv": [9, 5, 9.5, 5.5], "texture": "#0"},
				"down": {"uv": [9, 8, 9.5, 8.5], "texture": "#0"}
			}
		},
		{
			"name": "blazing_blade_14",
			"from": [8.5, 7, 0],
			"to": [9, 10.5, 0.5],
			"faces": {
				"north": {"uv": [9, 5.5, 8.5, 9], "texture": "#0"},
				"east": {"uv": [8.5, 5.5, 9, 9], "texture": "#0"},
				"south": {"uv": [8.5, 5.5, 9, 9], "texture": "#0"},
				"west": {"uv": [8.5, 5.5, 9, 9], "texture": "#0"},
				"up": {"uv": [8.5, 5.5, 9, 6], "texture": "#0"},
				"down": {"uv": [8.5, 8.5, 9, 9], "texture": "#0"}
			}
		},
		{
			"name": "blazing_blade_15",
			"from": [8, 6.5, 0],
			"to": [8.5, 10, 0.5],
			"faces": {
				"north": {"uv": [8.5, 6, 8, 9.5], "texture": "#0"},
				"east": {"uv": [8, 6, 8.5, 9.5], "texture": "#0"},
				"south": {"uv": [8, 6, 8.5, 9.5], "texture": "#0"},
				"west": {"uv": [8, 6, 8.5, 9.5], "texture": "#0"},
				"up": {"uv": [8, 6, 8.5, 6.5], "texture": "#0"},
				"down": {"uv": [8, 9, 8.5, 9.5], "texture": "#0"}
			}
		},
		{
			"name": "blazing_blade_16",
			"from": [7.5, 5.5, 0],
			"to": [8, 9.5, 0.5],
			"faces": {
				"north": {"uv": [8, 6.5, 7.5, 10.5], "texture": "#0"},
				"east": {"uv": [7.5, 6.5, 8, 10.5], "texture": "#0"},
				"south": {"uv": [7.5, 6.5, 8, 10.5], "texture": "#0"},
				"west": {"uv": [7.5, 6.5, 8, 10.5], "texture": "#0"},
				"up": {"uv": [7.5, 6.5, 8, 7], "texture": "#0"},
				"down": {"uv": [7.5, 10, 8, 10.5], "texture": "#0"}
			}
		},
		{
			"name": "blazing_blade_17",
			"from": [7, 5, 0],
			"to": [7.5, 9, 0.5],
			"faces": {
				"north": {"uv": [7.5, 7, 7, 11], "texture": "#0"},
				"east": {"uv": [7, 7, 7.5, 11], "texture": "#0"},
				"south": {"uv": [7, 7, 7.5, 11], "texture": "#0"},
				"west": {"uv": [7, 7, 7.5, 11], "texture": "#0"},
				"up": {"uv": [7, 7, 7.5, 7.5], "texture": "#0"},
				"down": {"uv": [7, 10.5, 7.5, 11], "texture": "#0"}
			}
		},
		{
			"name": "blazing_blade_18",
			"from": [6.5, 4, 0],
			"to": [7, 8.5, 0.5],
			"faces": {
				"north": {"uv": [7, 7.5, 6.5, 12], "texture": "#0"},
				"east": {"uv": [6.5, 7.5, 7, 12], "texture": "#0"},
				"south": {"uv": [6.5, 7.5, 7, 12], "texture": "#0"},
				"west": {"uv": [6.5, 7.5, 7, 12], "texture": "#0"},
				"up": {"uv": [6.5, 7.5, 7, 8], "texture": "#0"},
				"down": {"uv": [6.5, 11.5, 7, 12], "texture": "#0"}
			}
		},
		{
			"name": "blazing_blade_19",
			"from": [5.5, 4, 0],
			"to": [6.5, 8, 0.5],
			"faces": {
				"north": {"uv": [6.5, 8, 5.5, 12], "texture": "#0"},
				"east": {"uv": [6, 8, 6.5, 12], "texture": "#0"},
				"south": {"uv": [5.5, 8, 6.5, 12], "texture": "#0"},
				"west": {"uv": [5.5, 8, 6, 12], "texture": "#0"},
				"up": {"uv": [5.5, 8, 6.5, 8.5], "texture": "#0"},
				"down": {"uv": [5.5, 11.5, 6.5, 12], "texture": "#0"}
			}
		},
		{
			"name": "blazing_blade_20",
			"from": [5, 3.5, 0],
			"to": [5.5, 7.5, 0.5],
			"faces": {
				"north": {"uv": [5.5, 8.5, 5, 12.5], "texture": "#0"},
				"east": {"uv": [5, 8.5, 5.5, 12.5], "texture": "#0"},
				"south": {"uv": [5, 8.5, 5.5, 12.5], "texture": "#0"},
				"west": {"uv": [5, 8.5, 5.5, 12.5], "texture": "#0"},
				"up": {"uv": [5, 8.5, 5.5, 9], "texture": "#0"},
				"down": {"uv": [5, 12, 5.5, 12.5], "texture": "#0"}
			}
		},
		{
			"name": "blazing_blade_21",
			"from": [4, 4.5, 0],
			"to": [5, 7, 0.5],
			"faces": {
				"north": {"uv": [5, 9, 4, 11.5], "texture": "#0"},
				"east": {"uv": [4.5, 9, 5, 11.5], "texture": "#0"},
				"south": {"uv": [4, 9, 5, 11.5], "texture": "#0"},
				"west": {"uv": [4, 9, 4.5, 11.5], "texture": "#0"},
				"up": {"uv": [4, 9, 5, 9.5], "texture": "#0"},
				"down": {"uv": [4, 11, 5, 11.5], "texture": "#0"}
			}
		},
		{
			"name": "blazing_blade_22",
			"from": [3.5, 2.5, 0],
			"to": [4, 6, 0.5],
			"faces": {
				"north": {"uv": [4, 10, 3.5, 13.5], "texture": "#0"},
				"east": {"uv": [3.5, 10, 4, 13.5], "texture": "#0"},
				"south": {"uv": [3.5, 10, 4, 13.5], "texture": "#0"},
				"west": {"uv": [3.5, 10, 4, 13.5], "texture": "#0"},
				"up": {"uv": [3.5, 10, 4, 10.5], "texture": "#0"},
				"down": {"uv": [3.5, 13, 4, 13.5], "texture": "#0"}
			}
		},
		{
			"name": "blazing_blade_23",
			"from": [4, 3.5, 0],
			"to": [4.5, 4.5, 0.5],
			"faces": {
				"north": {"uv": [4.5, 11.5, 4, 12.5], "texture": "#0"},
				"east": {"uv": [4, 11.5, 4.5, 12.5], "texture": "#0"},
				"south": {"uv": [4, 11.5, 4.5, 12.5], "texture": "#0"},
				"west": {"uv": [4, 11.5, 4.5, 12.5], "texture": "#0"},
				"up": {"uv": [4, 11.5, 4.5, 12], "texture": "#0"},
				"down": {"uv": [4, 12, 4.5, 12.5], "texture": "#0"}
			}
		},
		{
			"name": "blazing_blade_24",
			"from": [2.5, 2.5, 0],
			"to": [3.5, 4, 0.5],
			"faces": {
				"north": {"uv": [3.5, 12, 2.5, 13.5], "texture": "#0"},
				"east": {"uv": [3, 12, 3.5, 13.5], "texture": "#0"},
				"south": {"uv": [2.5, 12, 3.5, 13.5], "texture": "#0"},
				"west": {"uv": [2.5, 12, 3, 13.5], "texture": "#0"},
				"up": {"uv": [2.5, 12, 3.5, 12.5], "texture": "#0"},
				"down": {"uv": [2.5, 13, 3.5, 13.5], "texture": "#0"}
			}
		},
		{
			"name": "blazing_blade_25",
			"from": [4.5, 3.5, 0],
			"to": [5, 4, 0.5],
			"faces": {
				"north": {"uv": [5, 12, 4.5, 12.5], "texture": "#0"},
				"east": {"uv": [4.5, 12, 5, 12.5], "texture": "#0"},
				"south": {"uv": [4.5, 12, 5, 12.5], "texture": "#0"},
				"west": {"uv": [4.5, 12, 5, 12.5], "texture": "#0"},
				"up": {"uv": [4.5, 12, 5, 12.5], "texture": "#0"},
				"down": {"uv": [4.5, 12, 5, 12.5], "texture": "#0"}
			}
		},
		{
			"name": "blazing_blade_26",
			"from": [5.5, 3.5, 0],
			"to": [6, 4, 0.5],
			"faces": {
				"north": {"uv": [6, 12, 5.5, 12.5], "texture": "#0"},
				"east": {"uv": [5.5, 12, 6, 12.5], "texture": "#0"},
				"south": {"uv": [5.5, 12, 6, 12.5], "texture": "#0"},
				"west": {"uv": [5.5, 12, 6, 12.5], "texture": "#0"},
				"up": {"uv": [5.5, 12, 6, 12.5], "texture": "#0"},
				"down": {"uv": [5.5, 12, 6, 12.5], "texture": "#0"}
			}
		},
		{
			"name": "blazing_blade_27",
			"from": [2, 1.5, 0],
			"to": [2.5, 3, 0.5],
			"faces": {
				"north": {"uv": [2.5, 13, 2, 14.5], "texture": "#0"},
				"east": {"uv": [2, 13, 2.5, 14.5], "texture": "#0"},
				"south": {"uv": [2, 13, 2.5, 14.5], "texture": "#0"},
				"west": {"uv": [2, 13, 2.5, 14.5], "texture": "#0"},
				"up": {"uv": [2, 13, 2.5, 13.5], "texture": "#0"},
				"down": {"uv": [2, 14, 2.5, 14.5], "texture": "#0"}
			}
		},
		{
			"name": "blazing_blade_28",
			"from": [1.5, 0.5, 0],
			"to": [2, 2.5, 0.5],
			"faces": {
				"north": {"uv": [2, 13.5, 1.5, 15.5], "texture": "#0"},
				"east": {"uv": [1.5, 13.5, 2, 15.5], "texture": "#0"},
				"south": {"uv": [1.5, 13.5, 2, 15.5], "texture": "#0"},
				"west": {"uv": [1.5, 13.5, 2, 15.5], "texture": "#0"},
				"up": {"uv": [1.5, 13.5, 2, 14], "texture": "#0"},
				"down": {"uv": [1.5, 15, 2, 15.5], "texture": "#0"}
			}
		},
		{
			"name": "blazing_blade_29",
			"from": [2.5, 2, 0],
			"to": [3, 2.5, 0.5],
			"faces": {
				"north": {"uv": [3, 13.5, 2.5, 14], "texture": "#0"},
				"east": {"uv": [2.5, 13.5, 3, 14], "texture": "#0"},
				"south": {"uv": [2.5, 13.5, 3, 14], "texture": "#0"},
				"west": {"uv": [2.5, 13.5, 3, 14], "texture": "#0"},
				"up": {"uv": [2.5, 13.5, 3, 14], "texture": "#0"},
				"down": {"uv": [2.5, 13.5, 3, 14], "texture": "#0"}
			}
		},
		{
			"name": "blazing_blade_30",
			"from": [0.5, 0, 0],
			"to": [1.5, 2, 0.5],
			"faces": {
				"north": {"uv": [1.5, 14, 0.5, 16], "texture": "#0"},
				"east": {"uv": [1, 14, 1.5, 16], "texture": "#0"},
				"south": {"uv": [0.5, 14, 1.5, 16], "texture": "#0"},
				"west": {"uv": [0.5, 14, 1, 16], "texture": "#0"},
				"up": {"uv": [0.5, 14, 1.5, 14.5], "texture": "#0"},
				"down": {"uv": [0.5, 15.5, 1.5, 16], "texture": "#0"}
			}
		},
		{
			"name": "blazing_blade_31",
			"from": [0, 0, 0],
			"to": [0.5, 1.5, 0.5],
			"faces": {
				"north": {"uv": [0.5, 14.5, 0, 16], "texture": "#0"},
				"east": {"uv": [0, 14.5, 0.5, 16], "texture": "#0"},
				"south": {"uv": [0, 14.5, 0.5, 16], "texture": "#0"},
				"west": {"uv": [0, 14.5, 0.5, 16], "texture": "#0"},
				"up": {"uv": [0, 14.5, 0.5, 15], "texture": "#0"},
				"down": {"uv": [0, 15.5, 0.5, 16], "texture": "#0"}
			}
		}
	],
	"display": {
		"thirdperson_righthand": {
			"rotation": [82, 90, -37],
			"translation": [9.5, 7.25, 1],
			"scale": [1.25, 1.25, 1.25]
		},
		"thirdperson_lefthand": {
			"rotation": [-71, 90, 27],
			"translation": [9.5, 8.25, 1],
			"scale": [1.25, 1.25, 1.25]
		},
		"firstperson_righthand": {
			"rotation": [6, -100, 53],
			"translation": [-2.25, 4, 0],
			"scale": [0.71, 0.71, 0.7]
		},
		"firstperson_lefthand": {
			"rotation": [6, 84, -55],
			"translation": [10.25, 4.25, 0],
			"scale": [0.71, 0.7, 0.71]
		},
		"ground": {
			"translation": [0, 5, 7.5]
		},
		"fixed": {
			"translation": [0, 0, 14],
			"scale": [1.88, 1.86, 1.88]
		}
	},
	"groups": [
		{
			"name": "blazing_blade",
			"origin": [8, 8, 8],
			"color": 0,
			"children": [0, 1, 2, 3, 4, 5, 6, 7, 8, 9, 10, 11, 12, 13, 14, 15, 16, 17, 18, 19, 20, 21, 22, 23, 24, 25, 26, 27, 28, 29, 30, 31]
		}
	]
}