{
	"credit": "Made with Blockbench",
	"textures": {
		"0": "item/glacier_blade",
		"particle": "item/glacier_blade"
	},
	"elements": [
		{
			"name": "glacier_blade_0",
			"from": [7, 0, 0],
			"to": [7.5, 16, 0.5],
			"faces": {
				"north": {"uv": [7.5, 0, 7, 16], "texture": "#0"},
				"east": {"uv": [7, 0, 7.5, 16], "texture": "#0"},
				"south": {"uv": [7, 0, 7.5, 16], "texture": "#0"},
				"west": {"uv": [7, 0, 7.5, 16], "texture": "#0"},
				"up": {"uv": [7, 0, 7.5, 0.5], "texture": "#0"},
				"down": {"uv": [7, 15.5, 7.5, 16], "texture": "#0"}
			}
		},
		{
			"name": "glacier_blade_1",
			"from": [6.5, 5.5, 0],
			"to": [7, 15.5, 0.5],
			"faces": {
				"north": {"uv": [7, 0.5, 6.5, 10.5], "texture": "#0"},
				"east": {"uv": [6.5, 0.5, 7, 10.5], "texture": "#0"},
				"south": {"uv": [6.5, 0.5, 7, 10.5], "texture": "#0"},
				"west": {"uv": [6.5, 0.5, 7, 10.5], "texture": "#0"},
				"up": {"uv": [6.5, 0.5, 7, 1], "texture": "#0"},
				"down": {"uv": [6.5, 10, 7, 10.5], "texture": "#0"}
			}
		},
		{
			"name": "glacier_blade_2",
			"from": [7.5, 5.5, 0],
			"to": [8, 15.5, 0.5],
			"faces": {
				"north": {"uv": [8, 0.5, 7.5, 10.5], "texture": "#0"},
				"east": {"uv": [7.5, 0.5, 8, 10.5], "texture": "#0"},
				"south": {"uv": [7.5, 0.5, 8, 10.5], "texture": "#0"},
				"west": {"uv": [7.5, 0.5, 8, 10.5], "texture": "#0"},
				"up": {"uv": [7.5, 0.5, 8, 1], "texture": "#0"},
				"down": {"uv": [7.5, 10, 8, 10.5], "texture": "#0"}
			}
		},
		{
			"name": "glacier_blade_3",
			"from": [6, 5.5, 0],
			"to": [6.5, 15, 0.5],
			"faces": {
				"north": {"uv": [6.5, 1, 6, 10.5], "texture": "#0"},
				"east": {"uv": [6, 1, 6.5, 10.5], "texture": "#0"},
				"south": {"uv": [6, 1, 6.5, 10.5], "texture": "#0"},
				"west": {"uv": [6, 1, 6.5, 10.5], "texture": "#0"},
				"up": {"uv": [6, 1, 6.5, 1.5], "texture": "#0"},
				"down": {"uv": [6, 10, 6.5, 10.5], "texture": "#0"}
			}
		},
		{
			"name": "glacier_blade_4",
			"from": [8, 5.5, 0],
			"to": [8.5, 15, 0.5],
			"faces": {
				"north": {"uv": [8.5, 1, 8, 10.5], "texture": "#0"},
				"east": {"uv": [8, 1, 8.5, 10.5], "texture": "#0"},
				"south": {"uv": [8, 1, 8.5, 10.5], "texture": "#0"},
				"west": {"uv": [8, 1, 8.5, 10.5], "texture": "#0"},
				"up": {"uv": [8, 1, 8.5, 1.5], "texture": "#0"},
				"down": {"uv": [8, 10, 8.5, 10.5], "texture": "#0"}
			}
		},
		{
			"name": "glacier_blade_5",
			"from": [2.5, 8, 0],
			"to": [4, 9.5, 0.5],
			"faces": {
				"north": {"uv": [4, 6.5, 2.5, 8], "texture": "#0"},
				"east": {"uv": [3.5, 6.5, 4, 8], "texture": "#0"},
				"south": {"uv": [2.5, 6.5, 4, 8], "texture": "#0"},
				"west": {"uv": [2.5, 6.5, 3, 8], "texture": "#0"},
				"up": {"uv": [2.5, 6.5, 4, 7], "texture": "#0"},
				"down": {"uv": [2.5, 7.5, 4, 8], "texture": "#0"}
			}
		},
		{
			"name": "glacier_blade_6",
			"from": [10.5, 8, 0],
			"to": [12, 9.5, 0.5],
			"faces": {
				"north": {"uv": [12, 6.5, 10.5, 8], "texture": "#0"},
				"east": {"uv": [11.5, 6.5, 12, 8], "texture": "#0"},
				"south": {"uv": [10.5, 6.5, 12, 8], "texture": "#0"},
				"west": {"uv": [10.5, 6.5, 11, 8], "texture": "#0"},
				"up": {"uv": [10.5, 6.5, 12, 7], "texture": "#0"},
				"down": {"uv": [10.5, 7.5, 12, 8], "texture": "#0"}
			}
		},
		{
			"name": "glacier_blade_7",
			"from": [4, 6.5, 0],
			"to": [4.5, 9, 0.5],
			"faces": {
				"north": {"uv": [4.5, 7, 4, 9.5], "texture": "#0"},
				"east": {"uv": [4, 7, 4.5, 9.5], "texture": "#0"},
				"south": {"uv": [4, 7, 4.5, 9.5], "texture": "#0"},
				"west": {"uv": [4, 7, 4.5, 9.5], "texture": "#0"},
				"up": {"uv": [4, 7, 4.5, 7.5], "texture": "#0"},
				"down": {"uv": [4, 9, 4.5, 9.5], "texture": "#0"}
			}
		},
		{
			"name": "glacier_blade_8",
			"from": [10, 6.5, 0],
			"to": [10.5, 9, 0.5],
			"faces": {
				"north": {"uv": [10.5, 7, 10, 9.5], "texture": "#0"},
				"east": {"uv": [10, 7, 10.5, 9.5], "texture": "#0"},
				"south": {"uv": [10, 7, 10.5, 9.5], "texture": "#0"},
				"west": {"uv": [10, 7, 10.5, 9.5], "texture": "#0"},
				"up": {"uv": [10, 7, 10.5, 7.5], "texture": "#0"},
				"down": {"uv": [10, 9, 10.5, 9.5], "texture": "#0"}
			}
		},
		{
			"name": "glacier_blade_9",
			"from": [4.5, 6, 0],
			"to": [5, 8.5, 0.5],
			"faces": {
				"north": {"uv": [5, 7.5, 4.5, 10], "texture": "#0"},
				"east": {"uv": [4.5, 7.5, 5, 10], "texture": "#0"},
				"south": {"uv": [4.5, 7.5, 5, 10], "texture": "#0"},
				"west": {"uv": [4.5, 7.5, 5, 10], "texture": "#0"},
				"up": {"uv": [4.5, 7.5, 5, 8], "texture": "#0"},
				"down": {"uv": [4.5, 9.5, 5, 10], "texture": "#0"}
			}
		},
		{
			"name": "glacier_blade_10",
			"from": [9.5, 6, 0],
			"to": [10, 8.5, 0.5],
			"faces": {
				"north": {"uv": [10, 7.5, 9.5, 10], "texture": "#0"},
				"east": {"uv": [9.5, 7.5, 10, 10], "texture": "#0"},
				"south": {"uv": [9.5, 7.5, 10, 10], "texture": "#0"},
				"west": {"uv": [9.5, 7.5, 10, 10], "texture": "#0"},
				"up": {"uv": [9.5, 7.5, 10, 8], "texture": "#0"},
				"down": {"uv": [9.5, 9.5, 10, 10], "texture": "#0"}
			}
		},
		{
			"name": "glacier_blade_11",
			"from": [3, 7.5, 0],
			"to": [4, 8, 0.5],
			"faces": {
				"north": {"uv": [4, 8, 3, 8.5], "texture": "#0"},
				"east": {"uv": [3.5, 8, 4, 8.5], "texture": "#0"},
				"south": {"uv": [3, 8, 4, 8.5], "texture": "#0"},
				"west": {"uv": [3, 8, 3.5, 8.5], "texture": "#0"},
				"up": {"uv": [3, 8, 4, 8.5], "texture": "#0"},
				"down": {"uv": [3, 8, 4, 8.5], "texture": "#0"}
			}
		},
		{
			"name": "glacier_blade_12",
			"from": [5, 6, 0],
			"to": [5.5, 8, 0.5],
			"faces": {
				"north": {"uv": [5.5, 8, 5, 10], "texture": "#0"},
				"east": {"uv": [5, 8, 5.5, 10], "texture": "#0"},
				"south": {"uv": [5, 8, 5.5, 10], "texture": "#0"},
				"west": {"uv": [5, 8, 5.5, 10], "texture": "#0"},
				"up": {"uv": [5, 8, 5.5, 8.5], "texture": "#0"},
				"down": {"uv": [5, 9.5, 5.5, 10], "texture": "#0"}
			}
		},
		{
			"name": "glacier_blade_13",
			"from": [9, 6, 0],
			"to": [9.5, 8, 0.5],
			"faces": {
				"north": {"uv": [9.5, 8, 9, 10], "texture": "#0"},
				"east": {"uv": [9, 8, 9.5, 10], "texture": "#0"},
				"south": {"uv": [9, 8, 9.5, 10], "texture": "#0"},
				"west": {"uv": [9, 8, 9.5, 10], "texture": "#0"},
				"up": {"uv": [9, 8, 9.5, 8.5], "texture": "#0"},
				"down": {"uv": [9, 9.5, 9.5, 10], "texture": "#0"}
			}
		},
		{
			"name": "glacier_blade_14",
			"from": [10.5, 7.5, 0],
			"to": [11.5, 8, 0.5],
			"faces": {
				"north": {"uv": [11.5, 8, 10.5, 8.5], "texture": "#0"},
				"east": {"uv": [11, 8, 11.5, 8.5], "texture": "#0"},
				"south": {"uv": [10.5, 8, 11.5, 8.5], "texture": "#0"},
				"west": {"uv": [10.5, 8, 11, 8.5], "texture": "#0"},
				"up": {"uv": [10.5, 8, 11.5, 8.5], "texture": "#0"},
				"down": {"uv": [10.5, 8, 11.5, 8.5], "texture": "#0"}
			}
		},
		{
			"name": "glacier_blade_15",
			"from": [3.5, 7, 0],
			"to": [4, 7.5, 0.5],
			"faces": {
				"north": {"uv": [4, 8.5, 3.5, 9], "texture": "#0"},
				"east": {"uv": [3.5, 8.5, 4, 9], "texture": "#0"},
				"south": {"uv": [3.5, 8.5, 4, 9], "texture": "#0"},
				"west": {"uv": [3.5, 8.5, 4, 9], "texture": "#0"},
				"up": {"uv": [3.5, 8.5, 4, 9], "texture": "#0"},
				"down": {"uv": [3.5, 8.5, 4, 9], "texture": "#0"}
			}
		},
		{
			"name": "glacier_blade_16",
			"from": [5.5, 3.5, 0],
			"to": [6, 7.5, 0.5],
			"faces": {
				"north": {"uv": [6, 8.5, 5.5, 12.5], "texture": "#0"},
				"east": {"uv": [5.5, 8.5, 6, 12.5], "texture": "#0"},
				"south": {"uv": [5.5, 8.5, 6, 12.5], "texture": "#0"},
				"west": {"uv": [5.5, 8.5, 6, 12.5], "texture": "#0"},
				"up": {"uv": [5.5, 8.5, 6, 9], "texture": "#0"},
				"down": {"uv": [5.5, 12, 6, 12.5], "texture": "#0"}
			}
		},
		{
			"name": "glacier_blade_17",
			"from": [8.5, 3.5, 0],
			"to": [9, 7.5, 0.5],
			"faces": {
				"north": {"uv": [9, 8.5, 8.5, 12.5], "texture": "#0"},
				"east": {"uv": [8.5, 8.5, 9, 12.5], "texture": "#0"},
				"south": {"uv": [8.5, 8.5, 9, 12.5], "texture": "#0"},
				"west": {"uv": [8.5, 8.5, 9, 12.5], "texture": "#0"},
				"up": {"uv": [8.5, 8.5, 9, 9], "texture": "#0"},
				"down": {"uv": [8.5, 12, 9, 12.5], "texture": "#0"}
			}
		},
		{
			"name": "glacier_blade_18",
			"from": [10.5, 7, 0],
			"to": [11, 7.5, 0.5],
			"faces": {
				"north": {"uv": [11, 8.5, 10.5, 9], "texture": "#0"},
				"east": {"uv": [10.5, 8.5, 11, 9], "texture": "#0"},
				"south": {"uv": [10.5, 8.5, 11, 9], "texture": "#0"},
				"west": {"uv": [10.5, 8.5, 11, 9], "texture": "#0"},
				"up": {"uv": [10.5, 8.5, 11, 9], "texture": "#0"},
				"down": {"uv": [10.5, 8.5, 11, 9], "texture": "#0"}
			}
		},
		{
			"name": "glacier_blade_19",
			"from": [3, 4.5, 0],
			"to": [4.5, 6, 0.5],
			"faces": {
				"north": {"uv": [4.5, 10, 3, 11.5], "texture": "#0"},
				"east": {"uv": [4, 10, 4.5, 11.5], "texture": "#0"},
				"south": {"uv": [3, 10, 4.5, 11.5], "texture": "#0"},
				"west": {"uv": [3, 10, 3.5, 11.5], "texture": "#0"},
				"up": {"uv": [3, 10, 4.5, 10.5], "texture": "#0"},
				"down": {"uv": [3, 11, 4.5, 11.5], "texture": "#0"}
			}
		},
		{
			"name": "glacier_blade_20",
			"from": [10, 4.5, 0],
			"to": [12, 6, 0.5],
			"faces": {
				"north": {"uv": [12, 10, 10, 11.5], "texture": "#0"},
				"east": {"uv": [11.5, 10, 12, 11.5], "texture": "#0"},
				"south": {"uv": [10, 10, 12, 11.5], "texture": "#0"},
				"west": {"uv": [10, 10, 10.5, 11.5], "texture": "#0"},
				"up": {"uv": [10, 10, 12, 10.5], "texture": "#0"},
				"down": {"uv": [10, 11, 12, 11.5], "texture": "#0"}
			}
		},
		{
			"name": "glacier_blade_21",
			"from": [4.5, 4, 0],
			"to": [5.5, 5.5, 0.5],
			"faces": {
				"north": {"uv": [5.5, 10.5, 4.5, 12], "texture": "#0"},
				"east": {"uv": [5, 10.5, 5.5, 12], "texture": "#0"},
				"south": {"uv": [4.5, 10.5, 5.5, 12], "texture": "#0"},
				"west": {"uv": [4.5, 10.5, 5, 12], "texture": "#0"},
				"up": {"uv": [4.5, 10.5, 5.5, 11], "texture": "#0"},
				"down": {"uv": [4.5, 11.5, 5.5, 12], "texture": "#0"}
			}
		},
		{
			"name": "glacier_blade_22",
			"from": [9, 4, 0],
			"to": [10, 5.5, 0.5],
			"faces": {
				"north": {"uv": [10, 10.5, 9, 12], "texture": "#0"},
				"east": {"uv": [9.5, 10.5, 10, 12], "texture": "#0"},
				"south": {"uv": [9, 10.5, 10, 12], "texture": "#0"},
				"west": {"uv": [9, 10.5, 9.5, 12], "texture": "#0"},
				"up": {"uv": [9, 10.5, 10, 11], "texture": "#0"},
				"down": {"uv": [9, 11.5, 10, 12], "texture": "#0"}
			}
		},
		{
			"name": "glacier_blade_23",
			"from": [6, 3.5, 0],
			"to": [7, 5, 0.5],
			"faces": {
				"north": {"uv": [7, 11, 6, 12.5], "texture": "#0"},
				"east": {"uv": [6.5, 11, 7, 12.5], "texture": "#0"},
				"south": {"uv": [6, 11, 7, 12.5], "texture": "#0"},
				"west": {"uv": [6, 11, 6.5, 12.5], "texture": "#0"},
				"up": {"uv": [6, 11, 7, 11.5], "texture": "#0"},
				"down": {"uv": [6, 12, 7, 12.5], "texture": "#0"}
			}
		},
		{
			"name": "glacier_blade_24",
			"from": [7.5, 3.5, 0],
			"to": [8.5, 5, 0.5],
			"faces": {
				"north": {"uv": [8.5, 11, 7.5, 12.5], "texture": "#0"},
				"east": {"uv": [8, 11, 8.5, 12.5], "texture": "#0"},
				"south": {"uv": [7.5, 11, 8.5, 12.5], "texture": "#0"},
				"west": {"uv": [7.5, 11, 8, 12.5], "texture": "#0"},
				"up": {"uv": [7.5, 11, 8.5, 11.5], "texture": "#0"},
				"down": {"uv": [7.5, 12, 8.5, 12.5], "texture": "#0"}
			}
		},
		{
			"name": "glacier_blade_25",
			"from": [4, 4, 0],
			"to": [4.5, 4.5, 0.5],
			"faces": {
				"north": {"uv": [4.5, 11.5, 4, 12], "texture": "#0"},
				"east": {"uv": [4, 11.5, 4.5, 12], "texture": "#0"},
				"south": {"uv": [4, 11.5, 4.5, 12], "texture": "#0"},
				"west": {"uv": [4, 11.5, 4.5, 12], "texture": "#0"},
				"up": {"uv": [4, 11.5, 4.5, 12], "texture": "#0"},
				"down": {"uv": [4, 11.5, 4.5, 12], "texture": "#0"}
			}
		},
		{
			"name": "glacier_blade_26",
			"from": [10, 4, 0],
			"to": [10.5, 4.5, 0.5],
			"faces": {
				"north": {"uv": [10.5, 11.5, 10, 12], "texture": "#0"},
				"east": {"uv": [10, 11.5, 10.5, 12], "texture": "#0"},
				"south": {"uv": [10, 11.5, 10.5, 12], "texture": "#0"},
				"west": {"uv": [10, 11.5, 10.5, 12], "texture": "#0"},
				"up": {"uv": [10, 11.5, 10.5, 12], "texture": "#0"},
				"down": {"uv": [10, 11.5, 10.5, 12], "texture": "#0"}
			}
		},
		{
			"name": "glacier_blade_27",
			"from": [6.5, 0.5, 0],
			"to": [7, 3.5, 0.5],
			"faces": {
				"north": {"uv": [7, 12.5, 6.5, 15.5], "texture": "#0"},
				"east": {"uv": [6.5, 12.5, 7, 15.5], "texture": "#0"},
				"south": {"uv": [6.5, 12.5, 7, 15.5], "texture": "#0"},
				"west": {"uv": [6.5, 12.5, 7, 15.5], "texture": "#0"},
				"up": {"uv": [6.5, 12.5, 7, 13], "texture": "#0"},
				"down": {"uv": [6.5, 15, 7, 15.5], "texture": "#0"}
			}
		},
		{
			"name": "glacier_blade_28",
			"from": [7.5, 0.5, 0],
			"to": [8, 3.5, 0.5],
			"faces": {
				"north": {"uv": [8, 12.5, 7.5, 15.5], "texture": "#0"},
				"east": {"uv": [7.5, 12.5, 8, 15.5], "texture": "#0"},
				"south": {"uv": [7.5, 12.5, 8, 15.5], "texture": "#0"},
				"west": {"uv": [7.5, 12.5, 8, 15.5], "texture": "#0"},
				"up": {"uv": [7.5, 12.5, 8, 13], "texture": "#0"},
				"down": {"uv": [7.5, 15, 8, 15.5], "texture": "#0"}
			}
		}
	],
	"display": {
		"thirdperson_righthand": {
			"rotation": [4, -90, 6],
			"translation": [-7.75, 6.5, 1.25],
			"scale": [1, 1.38, 1]
		},
		"thirdperson_lefthand": {
			"rotation": [17, 90, -16],
			"translation": [8, 6.5, 3.5],
			"scale": [1, 1.36, 1]
		},
		"firstperson_righthand": {
			"rotation": [0, -87, 0],
			"translation": [-2.5, 3.25, 0],
			"scale": [0.75, 1.32, 1]
		},
		"firstperson_lefthand": {
			"rotation": [5, -91, 9],
			"translation": [-4.25, 3, 0],
			"scale": [0.75, 1.32, 1]
		},
		"ground": {
			"translation": [0, 9.25, 9],
			"scale": [1, 1.6, 1]
		},
		"gui": {
			"rotation": [0, 0, -37],
			"translation": [0.75, 0, 0],
			"scale": [1.23, 1.23, 0.31]
		},
		"fixed": {
			"translation": [0.5, 0, 7.25],
			"scale": [1, 1.97, 1]
		}
	},
	"groups": [
		{
			"name": "glacier_blade",
			"origin": [8, 8, 8],
			"color": 0,
			"children": [0, 1, 2, 3, 4, 5, 6, 7, 8, 9, 10, 11, 12, 13, 14, 15, 16, 17, 18, 19, 20, 21, 22, 23, 24, 25, 26, 27, 28]
		}
	]
}